text,category
I want to get Visa and Mastercard,visa_or_mastercard
Why is identity verification required?,why_verify_identity
I tried using my ATM card at your Notting Hill location today.  It did not work.  Am I doing something wrong?,declined_cash_withdrawal
What do I do with my card PIN?,get_physical_card
I can't find the top-up verification code.,verify_top_up
Is there an extra fee to exchange currencies?,exchange_charge
"So, I am a new customer and attempted to top up for the very first time today. It's already been pending for half an hour and doesn't seem to be working. I need to please get this fixed.",pending_top_up
It looks like the exchange rates on my card payment are wrong,card_payment_wrong_exchange_rate
What age can sign up for services?,age_limit
How do I go about cancelling a transaction?,cancel_transfer
How much do I need to pay for a transfer?,top_up_by_bank_transfer_charge
I have a payment which has not been approved.,pending_card_payment
Is Apple Pay a possible top up option?,apple_pay_or_google_pay
Are there ways to transfer money into my account?,transfer_into_account
Is there such thing as top up by cheque?,top_up_by_cash_or_cheque
My top-up was declined,top_up_failed
I got a fee for an ATM withdrawal.,cash_withdrawal_charge
Why did using an ATM cause me to be charged an additional fee?,cash_withdrawal_charge
I just got $20 when I tried to get $100,wrong_amount_of_cash_received
is there a way to do top up with cash deposit,top_up_by_cash_or_cheque
I made a card payment by my card but it failed. Please let me know when the payment will get completed as its still pending.,pending_card_payment
Why was I charged multiple times for the same thing?,transaction_charged_twice
Can you tell me where my funds come from?,verify_source_of_funds
My card was not accepted.,declined_card_payment
Can I choose whether I receive a Visa or a Mastercard card?,visa_or_mastercard
The day before yesterday I transferred funds to another account within the country.  The funds have not yet arrived.  I double and triple checked the account number and it was correct.  Why hasn't the transfer been completed yet?,transfer_not_received_by_recipient
"My payment was put back, I think.",reverted_card_payment?
I need to update my address.,edit_personal_details
I would like my card activated.,activate_my_card
What happens if the ATM doesn't give the right amount of money?,wrong_amount_of_cash_received
May I get an account for my daughter?,age_limit
has my card payment been reverted?,reverted_card_payment?
"I was trying to use my card and it was declined, when I tried to find out what happened I found cash withdraw for $500 that I didn't do.  Can you please help figure this out?",cash_withdrawal_not_recognised
The exchange rate for case abroad is applied wrong.,wrong_exchange_rate_for_cash_withdrawal
Can I have a card even if I am not living in the UK?,country_support
How do I update my current residence details?,edit_personal_details
Where can I pay with my debit or credit card?,card_acceptance
How long do I wait for my PIN,get_physical_card
I would like to know what your exchange rates are.,exchange_rate
Please help!  There was an extra fee when I got cash.,cash_withdrawal_charge
Yesterday I had my phone stolen.  Please advise what I should do.,lost_or_stolen_phone
Who can have access to top up my account?,topping_up_by_card
Can you tell me why my card payment did not work?,declined_card_payment
"For some reason, I'm unable to transfer funds.",beneficiary_not_allowed
I had trouble with an incorrect rate being applied when using the ATM with foreign currency.,wrong_exchange_rate_for_cash_withdrawal
"If my PIN number is rejected, how do I solve it?",pin_blocked
How do I claim a refund?,request_refund
How come my card payment has been declined?,declined_card_payment
Why would there be a payment on my account I don't recognize?,card_payment_not_recognised
Can I get a refund on an item?,request_refund
How long does it take to recieve my new card?,card_arrival
"I tried to take out cash but the amount isn't right, so what do I do?",wrong_amount_of_cash_received
Are there any fees when exchanging to foreign currencies?,exchange_charge
Is the identity check part of bank policy?,why_verify_identity
My disposable virtual card will not work,virtual_card_not_working
"If I order a new card, how much will it be and how long will it take me to get it?",card_about_to_expire
Can you tell me why my top up didn't work?,top_up_failed
What is the dollar that I have pending on my statement there?,extra_charge_on_statement
Why couldn't I do a transfer to a beneficiary?,beneficiary_not_allowed
I want to make a currency exchange to EU.,fiat_currency_support
I'm trying to purchase crypto via the app. I haven't been able to get it to go through. Am I doing something wrong?,beneficiary_not_allowed
"I need to delete my account, please.",terminate_account
I would like to transfer funds from one account to another.,transfer_into_account
How can I get the cash deposit to show up on my account?,balance_not_updated_after_cheque_or_cash_deposit
Why can't I see the top-up amount I just added to my account?,topping_up_by_card
Do transfers from Europe take longer?,transfer_timing
The cash I tried to draw from the ATM was not approved.,declined_cash_withdrawal
I deposited a check but my balance is still the same.,balance_not_updated_after_cheque_or_cash_deposit
What is the charge for sending out more cards?,getting_spare_card
"I need to figure out what these charges are on my account. They've been coming out for a couple of days. Can i get all of this money back? Also, I need to freeze my card.",card_payment_not_recognised
There is a payment in the App that is not mine.,card_payment_not_recognised
Is the 1 pound charge I can see an error or an incorrect entry?,extra_charge_on_statement
Can I change my pin at an atm?,change_pin
"I live in the EU, can I get one of your cards?",country_support
Which country's currency do you support?,fiat_currency_support
Why isn't my cheque deposit showing on my account?  I though it would be faster and would like to to look into it and help.,balance_not_updated_after_cheque_or_cash_deposit
"I don't understand what a disposable virtual card is, can you help?",get_disposable_virtual_card
How do a reverse a duplicated charge?,transaction_charged_twice
My card hasn't arrived yet.,card_arrival
Hello. I checked my transactions and saw I was double charged on my card for a restaurant visit. I would like to get my money back.,transaction_charged_twice
Can you tell me how to get my card on the app?,card_linking
Can you please check my UK Account to make sure everything went alright?  I made the transfer a couple of hours ago.,balance_not_updated_after_bank_transfer
Is there a fee for sending out more than one card?,getting_spare_card
How do I receive a virtual card?,getting_virtual_card
"Can I change my pin at ATMs?  If so, what ones?",change_pin
How to order my card?,order_physical_card
"I'm not in the UK, is it possible for me to still get a card?",country_support
Why hasn't the transfer shown up in my account yet?,transfer_timing
"Can you let me know where my refund money is? I requested a refund a few days back, but it's not showing up yet.  Do you guys have the money yet? Maybe it's just not in my account.  Let me know when it will become available, please.",Refund_not_showing_up
Can I link an existing card?,card_linking
I got a strange fee when I used the ATM.,cash_withdrawal_charge
Help me unblock my account.  I entered the PIN wrong too many times.,pin_blocked
I made a transfer to my friend earlier and she hasn't received it yet.  What's the hold up?,transfer_not_received_by_recipient
There's an unauthorized cash withdraw,cash_withdrawal_not_recognised
Can I dispute a debit payment that I am seeing that I didn't make from a couple of months ago?,direct_debit_payment_not_recognised
"Do you charge for cash withdrawals?  I want to get my hands on my own money and you appear to be charging me for the pleasure! Why is this, you'd never get this with my high street bank!",cash_withdrawal_charge
I want to revert this mornings transaction.,cancel_transfer
Why are my payments showing pending?,pending_card_payment
Which cards are accepted for topping up?,supported_cards_and_currencies
The check I deposited yesterday isn't listed yet.  Isn't that pretty slow?  I need to see the balance increased by that check.,balance_not_updated_after_cheque_or_cash_deposit
What is the base amount for cross-currency exchanges?,exchange_charge
How do I change my address?,edit_personal_details
There are duplicate transactions on my account,transaction_charged_twice
I am confused why there is cash I did not accept in my account,cash_withdrawal_not_recognised
I want to transfer money from another account into this one.,transfer_into_account
Can you give me info about what to do when my card expires?,card_about_to_expire
Can I change from AUD to GBP?,exchange_via_app
I do not understand what this particular direct debit is ?,direct_debit_payment_not_recognised
are both visa and mastercard available to me?,visa_or_mastercard
Is there a limit to how high I can top-up?,top_up_limits
"I put my check in the bank, but I haven't gotten my cash yet?",balance_not_updated_after_cheque_or_cash_deposit
I didn't receive the amount of cash I requested for the ATM.,wrong_amount_of_cash_received
"Hello, i'd like to inform you of an issue i'm currently experiencing. The goods i have ordered from your website have still not arrived yet; it has been over 3 weeks. I would like to be issued a refund swiftly and be redirected to more competent people. Thank you for your assistance.",request_refund
"When getting my ID checked, what are the steps involved?",verify_my_identity
I topped up but it isn't in my account,pending_top_up
What may be the reason that my transfer did not go through?,failed_transfer
Can cards be delivered? Where?,order_physical_card
I have an unauthorized direct debit on my account,direct_debit_payment_not_recognised
I have a problem with my account. I tried to transfer some funds and the message came back declined. Can you help me?,declined_transfer
Are you Visa or Mastercard?,visa_or_mastercard
My card has been charged two separate times for a single transaction.,transaction_charged_twice
I am in the EU. Can I get one of your cards?,country_support
"If I was mugged and lost everything, how do I access my account and app?",lost_or_stolen_phone
the bank transfer was declined,declined_transfer
Why and I being charged this fee?,card_payment_fee_charged
"I tried using my card and it kept getting declined, Why?",declined_card_payment
"Please help me get a new card, I reside in the United States.",country_support
I requested money from the ATM and it didn't give me as much as I requested.,wrong_amount_of_cash_received
I was under the impression ATM cash withdrawals were free. Why was I suddenly charged for my most recent ATM transaction?,cash_withdrawal_charge
I don't appreciate the extra fees being siphoned from my account. I was helping some friends move to Japan and we were buying home decorations at the local stores. The  receipts differed greatly from what showed up in my bank account and my statement. When can I expect the extra fees to be back in my account?,transfer_fee_charged
Are there any fees for adding money with an international card?,top_up_by_card_charge
What is the extra fee that showed up on my card?,card_payment_fee_charged
Will you accept my salary if it's in another currency?,receiving_money
Do cash machines let me change my pin?,change_pin
Why was I not allowed to do a transfer to a beneficiary?,beneficiary_not_allowed
Why is there a verification to identity,why_verify_identity
Why hasn't my card payment cleared yet?,pending_card_payment
I am suppose to be getting a refund from something I purchased but it hasn't showed up in my account.,Refund_not_showing_up
Where is this card accepted?,card_acceptance
"Would you be able to offer me a discount, since I need to exchange currencies frequently?",exchange_charge
What ATMs use this card?,atm_support
I need to transfer money into this account from my other bank account.,transfer_into_account
Is it possible to use an ATM when I am not in the country and make a withdraw with out extra fees?,wrong_exchange_rate_for_cash_withdrawal
"Hi there, I've tried to make a transfer 5 different times and its not working. Is your system down or something?",failed_transfer
I noticed after looking over my transactions that I have been charged twice from an earlier restaurant visit this week. Is it possible that one of these can be removed so I get the money back for the one that is not accurate?,transaction_charged_twice
"I want to transfer money to a beneficiary, but I couldn't.",beneficiary_not_allowed
My top-up is still pending,pending_top_up
What is this extra pound charge for?,extra_charge_on_statement
What are all of the different steps for identity checks?,verify_my_identity
"I need to transfer some money, can I use my credit card?",topping_up_by_card
there is a transfer pending.,pending_transfer
How do I link a new card in the app?,card_linking
I need a second card on this account for my daughter.,getting_spare_card
"I am in Austria right now. I need to change my PIN ASAP, so can I still do this from here?",change_pin
What is the fee for accepting money from a foreign country?,exchange_charge
Why is my top up not completing?,pending_top_up
Why can't I top up by cheque?,top_up_by_cash_or_cheque
Can i choose a specific delivery date?,card_delivery_estimate
What is the point of verifying a top up?,verify_top_up
Can I be given a new passcode?,passcode_forgotten
let me know how many disposable cards I can have?,disposable_card_limits
I can't find my code,passcode_forgotten
The rate applied to my foreign purchase was incorrect,card_payment_wrong_exchange_rate
How much will I be charged for a cross-currency exchange?,exchange_charge
I need to know why a money transfer is available.,pending_transfer
Is it possible to cancel my transfer?,cancel_transfer
I do not have the information to verify my identify.,unable_to_verify_identity
"Looks like my card payment was made two time by mistake. I went to pay at the store earlier which rejected once, second time it worked. App is on pending for one of the payments. Can you please remove one of them as it's wrong and clearly was declined?",transaction_charged_twice
Why did I only receive this much currency?,wrong_exchange_rate_for_cash_withdrawal
Why would a transfer fail?,failed_transfer
Can I reactivate a card I thought I lost?,card_linking
I was declined when trying to withdrawal cash!,declined_cash_withdrawal
My transfer failed to a beneficiary,beneficiary_not_allowed
where has my transferred money gone?,transfer_not_received_by_recipient
can other people use the app to add money to my account,topping_up_by_card
What do you use to figure out the exchange rate for the card?,exchange_rate
I would like to know how exchange rates are calculated when transferring funds.,exchange_rate
Using an ATM caused me to incur an additional fee. Why?,cash_withdrawal_charge
What is the youngest age for an account?,age_limit
"I only have one more US credit card, is it accepted?",supported_cards_and_currencies
When can I expect delivery?,card_delivery_estimate
I tried to use the ATM with foreign currency. The conversion rate applied was wrong.,wrong_exchange_rate_for_cash_withdrawal
If I want to select a new PIN what do I do?,change_pin
My card payment was not successful.,declined_card_payment
Do I have a limit to the number of top-ups per day?,top_up_limits
Do you offer disposable virtual cards too?,get_disposable_virtual_card
Is there a way for you to find out why my account was deducted from a seller when I didn't approve of it?,direct_debit_payment_not_recognised
What if I don't want to disclose all of my identity details?,why_verify_identity
The balance has not been updated.,balance_not_updated_after_bank_transfer
The ATM gave me less cash than requested,wrong_amount_of_cash_received
"If I lost my phone at the hotel, can I still use the app?",lost_or_stolen_phone
I need a number of disposable cards everyday.,disposable_card_limits
Does the top-up need verified?,verify_top_up
My card was charged more than expected.,card_payment_fee_charged
I would like to top up my account automatically. How do I do that?,automatic_top_up
I've made a transfer from France two days ago but I was wondering if international transfers take longer to arrive because it hasn't made it yet.,balance_not_updated_after_bank_transfer
Why have my top ups been canceled?,top_up_reverted
I would like to get an item refunded,request_refund
Transfer was declined.,declined_transfer
How to cancel a transaction,cancel_transfer
I believe someone is using my card without my agreement!,compromised_card
Something went wrong with my withdrawal. The amount of money isn't right.,wrong_amount_of_cash_received
How can I top up my account by bank transfer?,transfer_into_account
Can I reset the passcode?,passcode_forgotten
Do you offer auto top ups?,automatic_top_up
passcode retrieval,passcode_forgotten
My card does not work,card_not_working
Are there any sort of fees involved for top of transfers?,top_up_by_bank_transfer_charge
Am I able to do a SWIFT transfer with you?,top_up_by_bank_transfer_charge
Can I use google pay to top up?,apple_pay_or_google_pay
My card did not go through in a shop,declined_card_payment
I've lost track of my phone or someone stole it.,lost_or_stolen_phone
Mastercard is preferred to me.,visa_or_mastercard
Can I change my PIN on my phone?,change_pin
The ATM didnt let me get cash,declined_cash_withdrawal
Did I not get my refund? I don't see it.,Refund_not_showing_up
I withdraw money abroad but I didn't get the right amount.,wrong_exchange_rate_for_cash_withdrawal
I checked my statement and am being charged one pound. Where did this charge come from?,extra_charge_on_statement
I need to order a new card.,order_physical_card
Why did you decline my transfer?,declined_transfer
Why does it cost more to pay with my card?,card_payment_fee_charged
Did  my transfer fail?,failed_transfer
Where is my money transfer?,transfer_timing
Any hidden fees associated with the international card if money is added?,top_up_by_card_charge
My app shows a direct debit that isn't mine.,direct_debit_payment_not_recognised
"There must have been a mistake, why was I charged an extra pound?",extra_charge_on_statement
how to exchange currencies,exchange_via_app
Is this app capable of exchanging currencies?,exchange_via_app
Transferring money using credit card,topping_up_by_card
Can I pay more to get it deliver quicker?,card_delivery_estimate
What's the tracking on the card you sent?,card_arrival
"May monthly payment to Apple has been declined but I don't know why, they are going to re-try the payment and it must go through, can you tell me what is going on please?",declined_card_payment
How long does it take for a transfer to finish pending?,pending_transfer
What can I expect if I use bank transfer to top up my account?,transfer_into_account
"I transferred the rent payment for my new place a couple days ago but the landlord says it's not there yet, despite showing up as done on my side. I checked the account number I sent it to and it's definitely correct. Can you please verify if the transaction really went through or not?",transfer_not_received_by_recipient
Why didn't the ATM give me all my money,wrong_amount_of_cash_received
"Hello. How long does it usually take to transfer money to another country? I've made sure all the information is correct, but the transfer still says that it's ""pending.""",pending_transfer
Is there anyway to bypass identity verification?,why_verify_identity
Where is my PIN located?,get_physical_card
I still haven't gotten my new card.  When will it get here?,card_arrival
"Why would my transfer be declined? I've checked that I've put in all the right details, but it is still declined.",declined_transfer
How do I find out why my card won't work?,card_not_working
I think my card is stolen!,lost_or_stolen_card
How old do we have to be?,age_limit
"My transfer is pending, why?",pending_transfer
What are all the currencies and cards supported to use this?,supported_cards_and_currencies
I didn't cancel my card payment.,reverted_card_payment?
I have a transaction showing multiple times.,transaction_charged_twice
I got cash and was charged a fee that shouldn't be there!,cash_withdrawal_charge
What can you use the disposable cards for?,get_disposable_virtual_card
How do I add the card I just received to show up in the app?,card_linking
What is necessary for the identity verification?,verify_my_identity
I want to know about your refund policy.,request_refund
"The transaction for the cash I pulled out of the ATM earlier is pending in the app, but how if I already have the cash?",pending_cash_withdrawal
I would like to close my account.,terminate_account
What do I do if I already had a card with you guys?,card_linking
How do you top-up using cash?,top_up_by_cash_or_cheque
Can I unblock my pin using the app?,pin_blocked
How do i receive a physical card?,order_physical_card
"I cannot get to my app, what should I do?",lost_or_stolen_phone
Why doesn't the person I sent money to see that transfer yet?,transfer_not_received_by_recipient
Tell me why there is an extra charge when I used an ATM?,cash_withdrawal_charge
After my card expires what should I do?,card_about_to_expire
What foreign exchange rate will I get on weekdays and on the weekends?,exchange_rate
Visa or Mastercard?,visa_or_mastercard
Whats the reason for my payment being declined? It looked like everything went through ok and my account was good.,declined_card_payment
Will you guys charge me for topping up by transfer?,top_up_by_bank_transfer_charge
I need to update my current address,edit_personal_details
Why is the transaction not posting?,pending_transfer
There are some charges that I don't recognize.  It happened days ago.  Can I get these charges back?  Should I cancel my card?,card_payment_not_recognised
Do the disposable cards have a transaction limit?,disposable_card_limits
"I topped-up my account, but I don't think it went through.",pending_top_up
How do I order a card?,order_physical_card
Estimated time arrival for transfers?,transfer_timing
"If I have this card, which ATMs can I go to?",atm_support
How do I exchange AUD for GBP?,exchange_via_app
Can I order a new card by phone?,card_about_to_expire
I was spending cash with my card and got a fee.,card_payment_fee_charged
Why was I not able to complete a transfer?,failed_transfer
How many days do I have to wait for the transfer to reach my account?,transfer_timing
What is the charge to make a transfer,top_up_by_bank_transfer_charge
I was told I would be getting a refund but I have yet to see it,Refund_not_showing_up
I tried to deposit a cheque into my account and it is not letting me.,top_up_by_cash_or_cheque
Can both a Visa and Mastercard be received from you?,visa_or_mastercard
tell me how to get a refund for something I bought.,request_refund
I cannot find my refund on my statement.,Refund_not_showing_up
Why didn't my friend's transaction arrive yet?,transfer_not_received_by_recipient
How can I change my name because I just got married?,edit_personal_details
I got my new card but I am not sure if it need s activated and how?,activate_my_card
Will a transfer incur a fee?,top_up_by_bank_transfer_charge
Why do I have an unexpected fee on my bill?,transfer_fee_charged
What does pending payment mean?,pending_card_payment
Help!  The app says I took out cash but I didn't!,cash_withdrawal_not_recognised
I can't withdraw money,declined_cash_withdrawal
Please help me to know the status of my card payment as its pending since a while.,pending_card_payment
What is this extra fee while I was doing a transfer?,transfer_fee_charged
Why did I get charged for withdrawing cash?,cash_withdrawal_charge
Why do i have to verify my top-up card?,verify_top_up
How to change the PIN on my card?,change_pin
you got the exchange rate wrong for my cash withdrawal,wrong_exchange_rate_for_cash_withdrawal
Why was my account assessed a fee for an ATM transaction?,cash_withdrawal_charge
Do I pay a fee for SEPA transfers?,top_up_by_bank_transfer_charge
is it ok if i use both visa and mastercard,visa_or_mastercard
I received the wrong amount of cash from the ATM. Can you help?,wrong_amount_of_cash_received
What has to be done to verify my identity?,verify_my_identity
"If I need an additional card, is there a fee for that?",getting_spare_card
How is this transfer supposed to work? It's not working for me.,failed_transfer
"The transfer keeps failing - I tried to transfer some money to friends this morning but it keeps getting rejected for some reason, I have no idea why",failed_transfer
I was trying to top-up and my credit card was declined. Can you tell me why?,top_up_failed
Do you accept exchanges to EUR?,fiat_currency_support
I am planning activating my card was it possible?,activate_my_card
How do I access the virtual card?,getting_virtual_card
"I have a card that expires in the coming month, do I have to specifically ask for the updated card?",card_about_to_expire
Can I re-link a lost card with the app?,card_linking
"I am a new customer, and I happened to look at my app and there is a charge I am not familiar with.  Could you tell me why the extra charge is there?",extra_charge_on_statement
Do you allow currency exchanges?,fiat_currency_support
It looks like I was charged twice for a single transaction,transaction_charged_twice
What is the code I need to get into the app?,passcode_forgotten
Can you please tell me where my card is? I ordered it 2 weeks ago!,card_arrival
"While I was drunk, I goofed my PIN number and your machine ate my card. How can I get it back?",pin_blocked
The app is not able to realize that it is me.,unable_to_verify_identity
Where is my pin? I don't have it yet,get_physical_card
Is there a list of ATM machines?,atm_support
"I am seeing a weird payment showing up that I know I did not make, how can I get it cancelled?",direct_debit_payment_not_recognised
can i order cards on the app,order_physical_card
My card data has been exposed.,compromised_card
can i use both visa and mastercard,visa_or_mastercard
What countries do you do business in?,country_support
I couldn't make a transfer because it was declined,declined_transfer
How can I get cash back? The ATM just gave me the wrong amount that I've been actually charged though...,wrong_amount_of_cash_received
Send my card as soon as you are able to.,card_delivery_estimate
I don't think my top up worked,top_up_failed
What different ways are there for someone to send me money?,receiving_money
I don't recognize this debit transaction in my billing statement?,direct_debit_payment_not_recognised
Hi! What documents can I use to verify my identity?,verify_my_identity
Can you transfer money to your card by bank transfer?,transfer_into_account
Can I use my account before my Identity verification has passed?,why_verify_identity
I lost my phone and need help protecting it.,lost_or_stolen_phone
What should I do if my card doesn't work?,card_not_working
How long does an item I bought show as pending?,pending_card_payment
When will my top-up happen?,pending_top_up
I saw a payment i did not do,card_payment_not_recognised
Shouldn't my new card be here by now?,card_arrival
What will happen if I want to add money using an international card? Will I run into any fees?,top_up_by_card_charge
Is there a limit for top-ups?,top_up_limits
Why did I not get the amount I specified at the ATM?,wrong_amount_of_cash_received
Why is a money transfer not showing?,pending_transfer
I have a payment in my statement that is off,card_payment_not_recognised
I got a cheque that I want to top up with?,top_up_by_cash_or_cheque
My recipient hasn't received the money,transfer_not_received_by_recipient
Can my salary be received and transferred to my current currency in my country?,receiving_money
Please tell me why the same transaction is showing up on my account more than once.,transaction_charged_twice
Explain pending transactions.,pending_cash_withdrawal
Im waiting for my transaction to go through.,transfer_not_received_by_recipient
They charged me for paying with my card.,card_payment_fee_charged
The app doesn't believe that I am myself,unable_to_verify_identity
I have a new card. How do I activate it?,activate_my_card
How long do deposits take to appear? I've been waiting for more than a week and need the money!,balance_not_updated_after_cheque_or_cash_deposit
Can you tell me what the exchange fee is?,exchange_charge
I've already tried 5 times to complete a transfer that's just standard. What's the deal? Is your system down at this time?,failed_transfer
Can I track the card you sent to me?,card_arrival
Can I have an item refunded?,request_refund
"Your top-up function isn't working, it still says pending even though I know my card works.",pending_top_up
"The cheque I sent a few days ago has not been deposited yet, what is the hold up?",balance_not_updated_after_cheque_or_cash_deposit
"If my card is trapped in the ATM, what do I do?",card_swallowed
I havn't received my PIN yet.,get_physical_card
I think I was charged double for something I bought - how long should I wait before reporting this?,transaction_charged_twice
I want to delete my account. I'm unhappy with the service you're providing.,terminate_account
My account needs to be deleted.,terminate_account
Can I receive a new card while I am in China?,card_about_to_expire
It's been a week since you sent my card and I still don't have it.,card_arrival
My card needs to be topped up.,topping_up_by_card
Will I be fined for topping up by transfer?,top_up_by_bank_transfer_charge
How do I add money to my card?,topping_up_by_card
I checked my account today and saw that I was charged an extra pound that I did not spend.,extra_charge_on_statement
I suspect someone used my card.,compromised_card
I think someone stole my card because I can't find it.,lost_or_stolen_card
Are there any specific cash machines that I have to go to in order to change my PIN?,change_pin
How do disposable cards work?,get_disposable_virtual_card
How long will it take for me to get my card?,card_arrival
"When I got cash, the exchange rate applied was wrong.",wrong_exchange_rate_for_cash_withdrawal
where can I get the info for my funds,verify_source_of_funds
I got a notice from my app that I withdrew cash but I don't remember doing so. How do I fix this?,cash_withdrawal_not_recognised
I don't think I made this payment that is showing up,card_payment_not_recognised
The amount of cash I received was not the full amount,wrong_amount_of_cash_received
Can i have a card to my daughter?,getting_spare_card
What is your maximum top up limit per day?,top_up_limits
"Someone is making transactions on my account, I think they took my card information.",compromised_card
How do I know which countries you provide service in?,country_support
How old do you have to be to be able to open an account?,age_limit
I got less cash than what I specified for through the ATM.,wrong_amount_of_cash_received
CAN YOU EXPLAIN HOW TO TRANSFER MONEY INTO MY  ACCOUNT FOR ME?,transfer_into_account
My identity wasn't verified,unable_to_verify_identity
How would I use a disposable card?,get_disposable_virtual_card
Why does it matter that I prove my identity?,why_verify_identity
"Hi, Yesterdays i was unable to do online shopping as it was getting declined. Today I am facing the same issue. Please help me in this respect.",declined_transfer
I sent some money and the account hasn't recived the transfer I made.,transfer_not_received_by_recipient
Does it matter which card I use,visa_or_mastercard
"I am worried about the amount of my cheque, which should be credited to my account few days before. As i have already sent you the cheque.",balance_not_updated_after_cheque_or_cash_deposit
I was made to pay an additional pound!,extra_charge_on_statement
Can it automatically top-up money if there isn't much left?,automatic_top_up
I need assistance to activate the card on my account.,activate_my_card
"Um, my top up didn't work",top_up_failed
I bought an item and now I want a refund.,request_refund
Where are the Mastercard ATMs?,atm_support
How many currencies can I have?,fiat_currency_support
Will you charge me for topping up with a European card?,top_up_by_card_charge
What is the limit to disposable cards you can have?,disposable_card_limits
What do I need to know about topping up?,top_up_by_card_charge
My transfer didn't work! Help!,failed_transfer
My payment was cancelled,reverted_card_payment?
How can I get disposable virtual cards?,get_disposable_virtual_card
What do I do to unblock my PIN?,pin_blocked
I wanted to purchase something online but the payment was returned back to me. This has been going on for a couple of weeks. Please tell me what is going on here?,reverted_card_payment?
Help me use American Express to add money to the account.,supported_cards_and_currencies
"My details need to be changed, how can I do so?",edit_personal_details
My card isn't here yet.,card_arrival
I have a fee listed for a transfer.,transfer_fee_charged
Is my card broken?,card_not_working
The App shows a fraudulent payment made on my account.,card_payment_not_recognised
Can you delete the account?,terminate_account
They used the wrong rate when I made a purchase with foreign currency.,card_payment_wrong_exchange_rate
"I'm going to be away for awhile, can I have it add money automatically in certain intervals?",automatic_top_up
Can I exchange my money for EUR?,fiat_currency_support
The app failed to verify my id.,unable_to_verify_identity
What is the fee on my statement for?,extra_charge_on_statement
I've been charged more than once for the same transaction,transaction_charged_twice
Where Is the top up verification code found?,verify_top_up
I made a transfer from my UK account a couple of hours ago.  Could you please make sure everything went alright.,balance_not_updated_after_bank_transfer
I just realized I made the wrong transaction yesterday. Would  you please make it correct?I need it by tomorrow Please.,cancel_transfer
I had a card payment that was declined.  Why?,declined_card_payment
The exchange rate for my card payment doesn't seem right.,card_payment_wrong_exchange_rate
Help!  There is a cash withdrawl on the account that I didn't make!,cash_withdrawal_not_recognised
Explain what the pending payment means?,pending_card_payment
I want a virtual card that is disposable,get_disposable_virtual_card
Where can I go to get a virtual card?,getting_virtual_card
Please help me find my top-up verification code,verify_top_up
"My payment has been declined!! What's going on, I thought everything was alright and working well?",declined_card_payment
How can I fix this?  There is a double charge on my account.,transaction_charged_twice
How long will it take to receive my money from my transfer transaction?,transfer_not_received_by_recipient
My friends would like to add to my account. What is the procedure?,topping_up_by_card
Are the funds I requested from a merchant a few days ago in my account? I do not see them.,Refund_not_showing_up
"i was supposed to get a refund but my balance hasn't changed, why not?",Refund_not_showing_up
Is it possible for a transaction to be cancelled?,cancel_transfer
I left my phone at the hotel I was staying at so I can't use the app!,lost_or_stolen_phone
How do i get my salary in the account?,receiving_money
Are there businesses that don't accept this card?,card_acceptance
I have duplicate charges for the same transaction,transaction_charged_twice
Do top-ups have a limit?,top_up_limits
How can I get my Google pay top up to work?,apple_pay_or_google_pay
Is there a verification code for the top-up card?,verify_top_up
I requested a virtual card but it is not showing up. Why?,getting_virtual_card
This card is accepted by what businesses?,card_acceptance
What's up with the fee for getting cash?,cash_withdrawal_charge
where can i see money source?,verify_source_of_funds
You can use it anywhere that accepts Mastercard.,card_acceptance
"I already have one of your cards, how do I link them?",card_linking
Why was I charged extra when transferring?,transfer_fee_charged
It looks like my top-up was cancelled,top_up_reverted
Is there a way to see my money's source?,verify_source_of_funds
I need to find the card I received in the app.,card_linking
What steps do I need to take for the identity checking process?,verify_my_identity
How long will it take to urgently transfer something to China?,transfer_timing
Why am I getting declines when trying to make a purchase online?,declined_transfer
How do I close my account?,terminate_account
There is a withdrawal waiting.,pending_cash_withdrawal
I have duplicated transactions on my statement,transaction_charged_twice
Can I use this to receive my salary?,receiving_money
Are there any reasons that my identity wouldn't be accepted even though everything I've provided is factual?,unable_to_verify_identity
How do I activate my card to start using it?,activate_my_card
How can I cancel this transaction?,cancel_transfer
"Hey there, I just went through my most recent credit card payments and I notice the same charge for a restaurant was processed twice. There was only one meal at this place, so I would like one of the charges to be reversed and my money to be put back in the account.",transaction_charged_twice
I can't seem to figure out why my transfers are getting declined.,declined_transfer
I use GBP for my salary deposits. Must I set this up somewhere?,receiving_money
My card doesn't work.,card_not_working
What exchange rates do you offer?,exchange_rate
Are there any extra fees for adding money into the international card?,top_up_by_card_charge
A false direct debit payment is showing in my app,direct_debit_payment_not_recognised
"I needed to send my friends some money urgently.  I tried multiple times to transfer the money this morning, but the transfer keeps failing.  Can you tell me why the transfer is getting rejected?",failed_transfer
What do I do if an ATM ate my card?,card_swallowed
"Help me please, I need to top up cash.",top_up_by_cash_or_cheque
How much does it cost to get a new card?  Mine is almost expired.  How fast does it come?,card_about_to_expire
I need to urgently transfer something from China. How long will it approximately take?,transfer_timing
Is it possible to order another card?,getting_spare_card
My transaction is on the wrong account.,cancel_transfer
My funding to my card didn't go through.,top_up_failed
Can you tell me what this cash withdrawal is?,cash_withdrawal_not_recognised
"Hurry and refund me, I am waiting",Refund_not_showing_up
Is a physical charge extra,order_physical_card
Do I need to do something to get a new card once it expires?,card_about_to_expire
I know there's an auto-top option but I can not locate it when I look?,automatic_top_up
What do I need to do to change my PIN?,change_pin
I was charged more when I transferred!,transfer_fee_charged
I feel as though I have been over charged for the exchange rate on my payment on last Saturday.,card_payment_wrong_exchange_rate
Can I have money of different country of origin.,fiat_currency_support
How do I link one your card if I have one already?,card_linking
I don't think my top up is working correctly,top_up_failed
I'm still waiting for my card that was issued a week ago. What should I do?,card_arrival
Can I set my own top-up limit?,top_up_limits
My last ATM request did not go through due to a declined card. Please cancel the request on my account.,pending_cash_withdrawal
How do I create a disposable virtual card?,get_disposable_virtual_card
I refuse to verify my identity.,why_verify_identity
"One of my card payments, I don't recognise the name of the merchant.",card_payment_not_recognised
"I bought something and received it, but the payment went back to my account. Is the seller okay?",reverted_card_payment?
How do I add my new card to the app?,card_linking
I was charged a fee for a card payment. Why?,card_payment_fee_charged
What would I be charged in receiving a SEPA transfer?,top_up_by_bank_transfer_charge
My card payment is showing pending however this transaction was a couple of days ago. Is there a reason why it it still pending?,pending_card_payment
Why am I unable to withdrawal cash?,declined_cash_withdrawal
What is the source of the money in my account?,verify_source_of_funds
"How much time do transfers take? I sent money to a friend who needs it fast. It's been hours, and the money has not gone through.",transfer_not_received_by_recipient
My salary is in GBP; how can I note this in the app?,receiving_money
How much do I have to pay to accept an international transfer?,exchange_charge
Do I really need to verify my identity?,why_verify_identity
Can you explain why I am now getting charged a fee for using my card?,card_payment_fee_charged
Is there any way to verify who I am?,verify_my_identity
Problems with my top up,top_up_failed
I tried my PIN too many times,pin_blocked
Why isn't my deposit in my account?,balance_not_updated_after_cheque_or_cash_deposit
The card has suffered a security breach.,compromised_card
Is the bank the only place I can change my PIN>,change_pin
I was wondering why my card was declined,declined_card_payment
I'm not certain my top-up went through yet.,pending_top_up
I have never been charged a card payment fee before. Why did this change?,card_payment_fee_charged
I can't find my card!  What should I do?,lost_or_stolen_card
Can you tell me what the cash withdrawal is in my statement?,cash_withdrawal_not_recognised
Can I schedule future top ups?,automatic_top_up
I was wondering whether exchanging currencies can be done on this app.,exchange_via_app
"lost phone, dont want others to access account",lost_or_stolen_phone
"Is there something wrong with your website? I tried topping up my account and it's been close to two hours now and it's still at ""pending"" for some reason. I just joined with you guys and this is the first attempt at this, so maybe I'm wrong, but shouldn't this be instant?",pending_top_up
I don't recognise a Direct Debit payment,direct_debit_payment_not_recognised
I only own one other credit card from the USA. Will it be accepted?,supported_cards_and_currencies
I entered the pin incorrectly too many times and now it is blocked. Can you help?,pin_blocked
I tried to used my card in a shop and the transaction was declined.,declined_card_payment
Mastercard is my preferred company.,visa_or_mastercard
Help me.  The passcode doesn't work.,passcode_forgotten
I have noticed that my account was double charged for a couple of items this week. Please review and refund the double charged items back.,transaction_charged_twice
Where is the nearest bank machine?,atm_support
Do you offer services that hold money in different types of currency?,fiat_currency_support
my cash withdrawal has not come out of my account yet.,pending_cash_withdrawal
Do you need to know my first and last name?,why_verify_identity
Why can I not do a  transfer,beneficiary_not_allowed
Do you know if there is a tracking number for the new card you sent me?,card_arrival
Please close my account. I am unsatisfied with your service.,terminate_account
Are there any extra hidden fees for exchanging currencies?,exchange_charge
Can I get an item refunded?,request_refund
Can friends I have top-up my account?,topping_up_by_card
"I deposited some money, but the balance has not changed.",balance_not_updated_after_cheque_or_cash_deposit
Can I get an auto Top-up?,automatic_top_up
Is there a reason my top-up has not gone through?,pending_top_up
"my card payment has been declined, do you know why?",declined_card_payment
why didnt my account allow a transfer,beneficiary_not_allowed
"I'm having issues with my card. You guys keep declining it for some reason. I haven't had any issues up until this point. What is going on? I've tried a handful of times with the same, unfortunate, result!",declined_transfer
Where should my card work?,card_acceptance
I payed my rent to my landlord a few days ago and he is saying the it never went though. Everything looks good to me and I even double checked the account number. I don't know what could be causing the confusion. Can you help me please?,transfer_not_received_by_recipient
I would like to exchange currency  What types are there?,exchange_via_app
How much is the fee for a SEPA transfer?,top_up_by_bank_transfer_charge
Can I make online purchases with my card?,card_acceptance
I transferred money and it didn't get there.,transfer_not_received_by_recipient
"I'm not happy, I want to close my account.",terminate_account
My card has been lost / stolen,lost_or_stolen_card
I inadvertently completed a transaction on a wrong account.,cancel_transfer
"I purchased something while traveling, and the exchange rate applied was wrong.",card_payment_wrong_exchange_rate
I moved and need to change my personal information.,edit_personal_details
What is the current exchange rate?,exchange_rate
"My card is stuck in an ATM machine, how do I get it back quickly?",card_swallowed
"My salary is in GBP, is this something I need to configure?",receiving_money
I'm having difficulties changing AUD for GBP. How do I do this?,exchange_via_app
I could not do a transfer because it was declined,declined_transfer
Why did the transfer fail when I attempted to do it earlier?,failed_transfer
Is it possible to top up with Apple Pay?,apple_pay_or_google_pay
"I was told that withdrawing cash from the ATM is free, but I'm charged a fee. Why is this?",cash_withdrawal_charge
Someone used my card without my permission.,compromised_card
Do you know why my contactless won't work?,contactless_not_working
Can I exchange from USD to GBP?,exchange_via_app
When shipped to the US how long is delivery time?,card_delivery_estimate
The ATM didn't give me enough money! I asked for more than it gave. What do I do?,wrong_amount_of_cash_received
"Hi. About two hours ago I made a transfer from my bank which is in the UK, but I don't see it yet! Would you check what's going on with it, please?",balance_not_updated_after_bank_transfer
"There was just a withdrawal but it wasn't me, I've never even visited the town where the withdrawal happened.",cash_withdrawal_not_recognised
Please help.  The card won't work.,card_not_working
How do I change to AUD from GBP?,exchange_via_app
Why is the cash transaction still showing as not completed?,pending_cash_withdrawal
how do i get into my account and edit my details,edit_personal_details
I don't recognize a purchase that was made with my card.,card_payment_not_recognised
Are there any restrictions to where I can use my card?,card_acceptance
Delete all of my account information and my account right now.,terminate_account
What is my money worth in other countries?,exchange_rate
Do I have to use bank approved ATM's,atm_support
can i verify my identity i the app,verify_my_identity
Why do I get declined when I try to withdraw cash?,declined_cash_withdrawal
I don't recognise a cash withdrawal,cash_withdrawal_not_recognised
Is this card available to Americans?,country_support
I have been waiting for my top-up to complete and it still hasn't gone through.,pending_top_up
Is there a limit for age?,age_limit
An incorrect exchange rate was applied to an item I bought.,card_payment_wrong_exchange_rate
Where in the app do I go to make my new card show up?,card_linking
I would like an extra card.,getting_spare_card
How do I get my card active?,activate_my_card
Why is the exchange rate on my card payment different than I expected?,card_payment_wrong_exchange_rate
Where can I view my PIN?,pin_blocked
My automatic top-up was unsuccessful,top_up_reverted
I tried to buy something online yesterday but it wouldn't stop saying declined. Tried again today but same thing happened. What's Broken?,declined_transfer
Someone stole my cards!,lost_or_stolen_phone
"I desperately need to transfer something from China, Please give me the wait time.",transfer_timing
Why won't my top up work,top_up_failed
I want to top up my account. What payment methods are supported?,supported_cards_and_currencies
Do you have charges now when you pay with a card?,card_payment_fee_charged
what is the word?,direct_debit_payment_not_recognised
I was wondering about transferring money into my account and how it works.  Can you tell me about that?,transfer_into_account
I was charged for using my card?,card_payment_fee_charged
"My card payment didn't work, can you help?",declined_card_payment
I have a strange payment in my statement,card_payment_not_recognised
Can you tell me why my top-up failed?,top_up_failed
What limits are there on the virtual cards?,disposable_card_limits
How do I go about ordering another card?,getting_spare_card
"please delete my account, your services are not up to par.",terminate_account
How do I use my new card?,activate_my_card
Cash withdrawal still pending?,pending_cash_withdrawal
There's a debit on my account that I didn't do.,direct_debit_payment_not_recognised
What flat currencies do you support for holding and exchange?,fiat_currency_support
i need help. I updated my balance with a check yesterday and Im not seeing it. Can you look at my account to see what went wrong?,balance_not_updated_after_cheque_or_cash_deposit
I'm still waiting on my identity verification.,unable_to_verify_identity
I entered the correct pin but I still couldnt get funds.,declined_cash_withdrawal
How long does it take for a payment to go thru? I made one a few days ago and it has not been cleared yet.,pending_card_payment
Please specify any limitations that come along with disposable cards.,disposable_card_limits
Which one are you?  Visa or Mastercard?,visa_or_mastercard
Which countries does your service work in?,country_support
"I made a mistake of transferring, can I cancel my previous transfer?",cancel_transfer
There is a suspicious direct debit payment.,direct_debit_payment_not_recognised
"Why did I not get all the money that I asked for? I asked for all the cash in my my account, but I only got about half. Why is that??",wrong_amount_of_cash_received
I am not sure but someone else might be using my card,compromised_card
How can I locate the virtual card?,getting_virtual_card
The currency exchange rate was wrong for a purchase I made.,card_payment_wrong_exchange_rate
What is the purpose for the identity check,why_verify_identity
How long can I expect a transfer to pend for?,pending_transfer
Why isn't my google pay top up working?,apple_pay_or_google_pay
"I only received $20, but I requested $100.",wrong_amount_of_cash_received
I would like to dispute a direct debit transaction,direct_debit_payment_not_recognised
"I want to top up using cash, where can I do that?",top_up_by_cash_or_cheque
why does it take so long to verify my id,unable_to_verify_identity
How do I know if my top up was unsuccessful?,top_up_failed
"My card has not arrived yet, where is it?",card_arrival
I noticed that there is a withdrawal in the app that is not mine.,cash_withdrawal_not_recognised
Am I permitted to have a spare card?,getting_spare_card
What should I do if my phone is lost or stolen?,lost_or_stolen_phone
I only have a card from the US is that okay?,supported_cards_and_currencies
I have a pending payment on my card.  Why?,pending_card_payment
Seems like my top up has been cancelled,top_up_reverted
I have an unauthorized transaction on my statement,card_payment_not_recognised
Why isn't my refund showing up?,Refund_not_showing_up
I think my top up did not work,top_up_failed
If I live outside of the UK am I still eligible for a card?,country_support
Why was there a fee with my cash withdrawal?,cash_withdrawal_charge
I have an unfamiliar direct debit in my statement.,direct_debit_payment_not_recognised
I don't understand why you want so much of my personal info.,why_verify_identity
I purchased something abroad but the exchange rate is incorrect.,card_payment_wrong_exchange_rate
there were two of the same charge to my account,transaction_charged_twice
"Hi, My card is getting declined continuously when i am trying to top-up. Request you to look into this issue or tell me any other alternatives.",top_up_failed
Why hasn't my balance been updated? I've deposited a few cheques some days ago!,balance_not_updated_after_cheque_or_cash_deposit
I want to have multiple currencies in my account if possible.,fiat_currency_support
How long will my transfer stay pending?,pending_transfer
The exchange rate for my withdrawal isn't correct and doesn't match the actual exchange rate.,wrong_exchange_rate_for_cash_withdrawal
Somebody used my card to make a purchase,card_payment_not_recognised
"Instead of GBP, how do I exchange for AUD?",exchange_via_app
Do you support fiat currencies?,fiat_currency_support
How can I transfer funds from my bank to my top up account?,transfer_into_account
Does this app allow currencies to be exchanged?,exchange_via_app
Can my daughter make an account?,age_limit
Is there a possibility to open an account for my sons and daughters?,age_limit
Would I be able to get a refund for something I bought?,request_refund
The hotel called and said I left my phone in the room.,lost_or_stolen_phone
Are SWIFT Transfers available at this bank?,top_up_by_bank_transfer_charge
Tell me what ATMs allow me to change my PIN.,change_pin
I don't think my card payment exchange rate is correct.,card_payment_wrong_exchange_rate
Why hasn't my transfer gone through yet?,pending_transfer
can i get a virtual card,get_disposable_virtual_card
I cannot prove my own identity.,unable_to_verify_identity
My transfer didn't work how come?,failed_transfer
My payment is taking a long time to go through.,pending_card_payment
What if I need multiple disposable cards?,disposable_card_limits
My cash withdrawal was not entirely complete,wrong_amount_of_cash_received
I want to change my address.,edit_personal_details
I lost my phone. Can I disable to app?,lost_or_stolen_phone
Tell me about the card PIN?,get_physical_card
"Transfer unable to be completed, states 'declined'",declined_transfer
Can I use American express with apple pay? Why does it make my top up not work?,apple_pay_or_google_pay
I believe you charged me too much to exchange my money,card_payment_wrong_exchange_rate
My card is being used online to make a bunch of purchases! Someone else is using it fraudulently. Can you help me freeze it?,compromised_card
"Someone has copied my card. I have my card with me, but someone just made a 500£ cash withdrawal. Please help now.",cash_withdrawal_not_recognised
I need to move money from one of my other accounts to this one.,transfer_into_account
"I dont know what happened, but my payment was cancelled",reverted_card_payment?
What do i do if the exchange rate was wrong for the item i bought overseas?,card_payment_wrong_exchange_rate
"Something is wrong, my top-up is gone and I don't know what happened to my money.",top_up_reverted
I can't do the verification.,why_verify_identity
My daughter needs an acount.,age_limit
Are SWIFT transfers accepted?,top_up_by_bank_transfer_charge
"If I was travelling abroad, would I be able to hold currencies in euros?",fiat_currency_support
Where can I find my PIN?,get_physical_card
"If I lost my phone, can someone use my account?",lost_or_stolen_phone
Why can't my beneficiary access my account?,beneficiary_not_allowed
Can you help me? I have a duplicate transaction on my account and I don't understand why.,transaction_charged_twice
"I needed some cash while abroad, and I'm pretty sure the wrong exchange rate was applied.",wrong_exchange_rate_for_cash_withdrawal
Can you help me process a refund?,request_refund
I got a message that I need to verify my identity; what do I do?,verify_my_identity
"My card payment is just showing up as pending since forever, what's going on with that, it should be going through at some point?",pending_card_payment
I don't know why my card payment did not work,declined_card_payment
Why did I get a message saying that my transfer is not possible?  I have done this before no problem.  Please fix.,beneficiary_not_allowed
There is a cash withdrawal from an ATM listed but I don't remember making this withdrawal.,cash_withdrawal_not_recognised
How long does it take to get my card? Can I choose when to receive it?,card_delivery_estimate
Where can I go to modify my detail?,edit_personal_details
How can someone add money to my account?,topping_up_by_card
I would prefer a Mastercard.,visa_or_mastercard
help me find where this money came from,verify_source_of_funds
What top up charges are there for US cards?,top_up_by_card_charge
"I thought I lost my card but I found it today, so I would like to reactivate it.",card_linking
I want to deposit my check to top up my account,top_up_by_cash_or_cheque
Why is my deposit still pending?,balance_not_updated_after_cheque_or_cash_deposit
"I noticed a fee, while banking abroad, that seems different than any I have been charged before. What does this fee mean?",transfer_fee_charged
Where is the tracking number for the card?,card_arrival
Please delete my account and personal information.,terminate_account
I think the exchange rate is wrong for my ATM withdrawal,wrong_exchange_rate_for_cash_withdrawal
Is it possible to tell if my top up has reverted?,top_up_reverted
"The transfer finally worked, but how long does it stay pending?",pending_transfer
"My PIN is unlocked, what do I do?",pin_blocked
There is a refund missing.,Refund_not_showing_up
What do I do to Top up my card?,topping_up_by_card
"How long does a transfer from a UK account take? I just made one and it doesn't seem to be working, wondering if everything is okay",balance_not_updated_after_bank_transfer
"I attempted to use my card while I was intoxicated, and I failed to input my PIN, and the machine kept my card. How soon can I have it back?",pin_blocked
Where do I get a virtual card?,getting_virtual_card
Do I get charged for withdrawals?,cash_withdrawal_charge
I haven't gotten my credit card in the mail.,card_arrival
"I received my card, how do I get it to work in the app?",card_linking
How do I get my card into the app?,card_linking
I need to withdraw money. Where can I do that?,atm_support
How long does it typically take to make a transfer from a UK bank? I just made one and it hasn't shown up in my account yet.,balance_not_updated_after_bank_transfer
Do you have any accounts for children ?,age_limit
I ordered my card and it isn't here yet. I need it ASAP. When can I expect to get it?,card_delivery_estimate
How long does it take for a transfer to show up in my account?,transfer_timing
I need you to delete my account right now.,terminate_account
"Can I check somewhere if there will be a fee on my payment or not? Seems you are charging in some cases, what's the pattern there?",card_payment_fee_charged
What can I use a virtual disposable card for?,disposable_card_limits
My card payment is still pending.,pending_card_payment
My transfer hasn't appeared yet,pending_transfer
"My PIN is locked, how do I unlock it?",pin_blocked
I sent a payment but it isn't showing up in the app,transfer_not_received_by_recipient
Please send me a disposable virtual card.,get_disposable_virtual_card
My card isn't letting me purchase something and I wanted to know why.,beneficiary_not_allowed
Is exchanging currencies one of your app services?,exchange_via_app
I'm in Spain and my stuff has been stolen. My card was with it and I need a new one shipped and the old one frozen.,lost_or_stolen_card
Are you able to make exchanges to EUR?,fiat_currency_support
Why are my payments not working and show pending?,pending_card_payment
What fiat money can I used in the exchange and holding?,fiat_currency_support
My payment is in the app but hasn't gone through yet,pending_card_payment
My disposable virtual card got rejected,virtual_card_not_working
My statement has a charge that shouldn't have been made.,request_refund
I see some transactions that I don't recognize.  I think someone stole my details.,compromised_card
What are the steps that I need to take to activate a new card?,activate_my_card
There is a repeat charge for the same item,transaction_charged_twice
Could my daughter open an account?,age_limit
Why couldn't I complete a transfer?,failed_transfer
Why wouldn't a transfer go through?,failed_transfer
What should I do if my smart phone is lost or stolen?,lost_or_stolen_phone
My card is about to expire.  How do I order another?,card_about_to_expire
$1 charge in transaction.,extra_charge_on_statement
How do I start auto top up?,automatic_top_up
How long is the wait for a money transfer to post?,pending_transfer
I am interested in cancelling a purchase,request_refund
When will the $1 transaction be credited to me?,extra_charge_on_statement
Why is my balance the same after a transfer?,balance_not_updated_after_bank_transfer
I asked for a refund but its not here yet,Refund_not_showing_up
I bought some things this morning but the payment shows that it is pending,pending_card_payment
How is top-up verified?,verify_top_up
Why am I being charged extra when I withdrew money?,cash_withdrawal_charge
What do I need to do for a refund?,request_refund
Will you tell me how to exchange USD for GBP in the app?,exchange_via_app
My card wont work at an ATM,declined_cash_withdrawal
A receiver made me aware that they did not receive the full transfer that I made. The amount was showing to be a bit less. I now have to make a second transfer just to make up the difference. Can you reach out and let me know what's going on?,transfer_fee_charged
What is my password?,passcode_forgotten
What is the max top-up?,top_up_limits
atm ate my card,card_swallowed
I really want a physical card. How do I get one?,order_physical_card
Where can I obtain my virtual card?,getting_virtual_card
Is it possible to get one of your cards in the European Union?,country_support
i cannot get virtual card to work,virtual_card_not_working
I am still waiting for my card after 1 week.  Is this ok?,card_arrival
For topping-up is there a charge?,top_up_by_bank_transfer_charge
Is it normal to have to verify my top-up or is something wrong?,verify_top_up
How do I receive more physical cards,getting_spare_card
The exchange rate was different when I got cash,wrong_exchange_rate_for_cash_withdrawal
How would my friend be able to send me money?,receiving_money
When are you going to activate my card?,activate_my_card
What is the best way to exchange currency between USD and GBP using your app?,exchange_via_app
Is it possible to use my apple watch for topping up?,apple_pay_or_google_pay
I need to know which flat currencies are supported by you.,fiat_currency_support
How do I re-order a damaged card?,card_not_working
Why use a disposable card?,get_disposable_virtual_card
Please provide currency exchange rates,exchange_charge
Could google pay and top up be together?,apple_pay_or_google_pay
"How can I fix my card, it got declined twice.",declined_transfer
Am I able to use my account if the identity verification is not complete?,why_verify_identity
"I want to top up by using a credit card, which ones do you support?",supported_cards_and_currencies
I see a direct debit payment on my app that I did not do,direct_debit_payment_not_recognised
How do I top up using my Apple Watch?,apple_pay_or_google_pay
There is a payment I don't recognize,card_payment_not_recognised
I did a transfer earlier but see that it failed to go through.,failed_transfer
Can you find out why my credit card didn't process payment? It was declined for top up so what's the deal?,top_up_failed
What are the auto top-up policies?,automatic_top_up
"When I travel, what will it cost to switch for my currency?",exchange_charge
This exchange rate on my purchase is wrong.,card_payment_wrong_exchange_rate
I need money put into this account from another one.,transfer_into_account
When are you going to transfer the money?,transfer_not_received_by_recipient
Can I use your services without access to the app?,lost_or_stolen_phone
Is there a charge for getting more cards?,getting_spare_card
Why did the ATM swallow my card?,card_swallowed
Why are you charging fees on cash withdrawals? I went to withdraw some money earlier today after buying groceries. There's a fee that wasn't there before.,cash_withdrawal_charge
When will my transfer finish pending?,pending_transfer
how do I get top up to work for my card,apple_pay_or_google_pay
"I tried to add a topup to my account but the money isn't there, anymore. Did I do something wrong?",top_up_reverted
The top-up verification code is missing,verify_top_up
Why was the payment on my card declined?,declined_card_payment
Are there virtual disposable cards?,get_disposable_virtual_card
How do I show this stupid system that this is really my identity?,unable_to_verify_identity
I contacted the seller for a direct refund last week but he still hasn't give me my money. What should I do?,Refund_not_showing_up
Can I use my Apple watch to fill my gas tank?,apple_pay_or_google_pay
Where do I access the auto top-up function?,automatic_top_up
how long does it take for a transfer to arrive,transfer_not_received_by_recipient
"I've use my accounts all the time to manage my payments for my place abroad that I just got. I now see that I suddenly have new fees.I'm a frequent customer, so why are you charging me new fees instead of rewarding me?",transfer_fee_charged
"I just got my new card, how do I activate it?",activate_my_card
"In my statement, I got a €1 extra fee.",extra_charge_on_statement
I have heard about these disposable virtual cards but don't understand how they work.,get_disposable_virtual_card
How do I get my money back for a duplicated charge?,transaction_charged_twice
Why did my top-up get reverted?,top_up_reverted
I need to know what charges I will incur for using a European card for top up.,top_up_by_card_charge
I'm still waiting for my card.,card_arrival
My card payment is showing pending.,pending_card_payment
What's the process for ID verification?,verify_my_identity
cancel my account,terminate_account
Am I limited on the amount of disposable cards I can possess?,disposable_card_limits
How long until the card arrives?,card_delivery_estimate
For the first time I got a fee on my account. How do I know when you charge these fees?,card_payment_fee_charged
"I can't get my card out of the ATM, what should I do now?",card_swallowed
I think I was charged by mistake on my debit statement.,direct_debit_payment_not_recognised
The money that I have transferred hasn't arrived yet.,balance_not_updated_after_bank_transfer
Why didn't I receive the right amount of cash at the ATM?,wrong_amount_of_cash_received
What transfer methods do you accept?,transfer_into_account
How do I freeze my account?,compromised_card
I tried to pull cash from an ATM but it wouldn't let me.,declined_cash_withdrawal
Tell me more about getting a virtual disposable card.,get_disposable_virtual_card
Help me cancel a transaction.,cancel_transfer
How do I transfer money between two of my accounts?,transfer_into_account
What is the procedure for topping up with a cheque?,top_up_by_cash_or_cheque
I recently purchased something and the seller says my money has not arrived yet. It was in EU's. How long does this take?,pending_transfer
Are their certain cash machines where I can change my pin?,change_pin
"I just got a card, how can I add it to the app?",card_linking
Why was my withdrawal requested cancelled by the ATM?,declined_cash_withdrawal
I wasn't charged the correct exchange rate for an item I purchased.,card_payment_wrong_exchange_rate
I relocated and need to change my personal details.,edit_personal_details
I made a payment but it was returned.,reverted_card_payment?
Card delivery services? Where?,order_physical_card
What do the disposable cards do?,get_disposable_virtual_card
"I don't know what's wrong with my card, but it has not worked at multiple places today.",card_not_working
there is a debit i dont recognize,direct_debit_payment_not_recognised
from where are coming your exchange rates?,exchange_rate
I am unsuccessfully trying to make a transfer can you help?,failed_transfer
What is the status of my top up?,top_up_reverted
Foreign currency rates were put in wrong at an ATM i used.,wrong_exchange_rate_for_cash_withdrawal
Is it possible to top-up automatically?,automatic_top_up
How does a bank transfer for topping my account work?,transfer_into_account
I need to terminate my account.,terminate_account
Fees for currency exchange,exchange_charge
I see I was charged $1 for a transaction.,extra_charge_on_statement
i would like to dispute a direct debit payment,direct_debit_payment_not_recognised
"I Submitted a cheque couple days ago, nothing happened to my account yet.Would you please check What could be the possible issue?",balance_not_updated_after_cheque_or_cash_deposit
What is the reason my cash withdrawal is still pending?,pending_cash_withdrawal
What is the procedure of unblocking my PIN?,pin_blocked
When will my transfer from the US get here?,transfer_timing
What currency's can i exchange for?,exchange_via_app
What currencies can be exchanged in the app?,exchange_via_app
I made a transfer 12 hours ago. Why is it still listed as pending?,pending_transfer
I'm trying to transfer money to another country. It's just pending and not sending. My account details are correct. Please help me.,pending_transfer
Can you explain the various transaction times shown on my statement?,transaction_charged_twice
I was charged an additional amount of money for making a purchase with my card,card_payment_fee_charged
I would like to receive a refund for something I bought.,request_refund
"On a card top-up, where can I verify?",verify_top_up
My top up is pending.,pending_top_up
My card payment has been declined,declined_card_payment
Is there a charge for exchanging foreign currency?,exchange_charge
There is unexpected money in my account.,cash_withdrawal_not_recognised
"Hello, I just checked my card transactions and saw that I was charged twice for a restaurant visit I did earlier this week. Is it possible to remove one of them and get my false paid money pack?",transaction_charged_twice
Why am I being a charged for using my card?,card_payment_fee_charged
My top-up has been reverted and I would like to know why.,top_up_reverted
Where can I get my card PIN?,get_physical_card
"I am getting charged fees on some payments.  Please help me understand, where are these fees disclosed?",card_payment_fee_charged
There is a Direct Debit that looks suspicious.,direct_debit_payment_not_recognised
The transfer is coming up as pending the payment is due today. Will I be charged a fee?,pending_transfer
Are currency exchanges free?,exchange_charge
Why can't I take money from my account?,declined_cash_withdrawal
How can I top up with a cheque?,top_up_by_cash_or_cheque
can you tell me why my transfer failed?,failed_transfer
What is the maximum number of transactions I can do with a disposable card?,disposable_card_limits
Where can I find the verification code for the card top-up?,verify_top_up
Do I get a card to keep in my wallet?,order_physical_card
Is there a fee to make a transfer?,top_up_by_bank_transfer_charge
I'm looking to get an additional card.,getting_spare_card
How do I order a disposable virtual card?,get_disposable_virtual_card
"I deposited a check yesterday to up my account balance, but that deposit hasn't shown up yet.  It's been a day already!",balance_not_updated_after_cheque_or_cash_deposit
Where's the money that got charged to my card? It's not showing up in my account balance,topping_up_by_card
I was not able to use the ATM to get cash,declined_cash_withdrawal
When will my card come? I need it as soon as possible!,card_delivery_estimate
Why has my card payment not yet been applied to my account?,pending_card_payment
what steps do i do to get a real card,order_physical_card
The rate applied to my purchase in a foreign currency was wrong.,card_payment_wrong_exchange_rate
I need to cancel my card that got stolen a little while ago. Someone has already taken some money out and I don't want them to take anymore. Can you please do that?,cash_withdrawal_not_recognised
Why is top up not working if I use my American express with my apple pay?,apple_pay_or_google_pay
"Hello, I'm a brand new customer and tried topping up for the first time today. It has been pending for half an hour and doesn't seem to be working. Please resolve this.",pending_top_up
A fee that shouldn't be there is there after using my card!,card_payment_fee_charged
How are foreign exchange rates determined?,exchange_rate
There's a $200 withdrawal on my statement that seems fishy to me.,cash_withdrawal_not_recognised
I was overcharged an additional pound.,extra_charge_on_statement
"I need to make a transfer from Europe, how many days does this take?",transfer_timing
Can I pick between Visa and Mastercard?,visa_or_mastercard
"Looks like my card payment was made twice by mistake. I paid at the store earlier which rejected once, second time it worked. App stays at pending for one of the payments. Can you please remove one of them as it's wrong and clearly was declined?",transaction_charged_twice
What is this fee showing up in my account for?,card_payment_fee_charged
"Hello, I am facing the issue with my new card as payments are declining again and again. Please help me in this issue.",declined_card_payment
can usa residents get a card?,country_support
What do you need so I can verify my identity?,verify_my_identity
The ATM didn't give me what I asked for but my balance says it did,wrong_amount_of_cash_received
"Hi, I am new to this. Are there any additional fees or charges that I should be aware of? I was looking through the app and I thought I saw something in regards to fee-free allowances.",card_payment_fee_charged
Can you tell me how to close my account?,terminate_account
Why have I not received my PIN,get_physical_card
Can I give my friends access to my account so they can top it up for me?,topping_up_by_card
What businesses can I use this card with?,card_acceptance
Can you unlock my pin? I think I entered the wrong pin too many times.,pin_blocked
"There's a payment with my card that I definitely didn't do myself, never seen that name before.",card_payment_not_recognised
Can I use your app if I am from the EU?,country_support
I made a purchase a few weeks ago but wasn't happy with it so recently requested a refund from the supplier.  Can you check where the money is?,Refund_not_showing_up
Tell me what I should do after my card expires.,card_about_to_expire
I am unhappy with an item I bought. How do I get a refund?,request_refund
Can I use a transfer to receive my transfer?,receiving_money
Will you guys do Visa or Mastercard?,visa_or_mastercard
Why am I not allowed to add a certain beneficiary?,beneficiary_not_allowed
Today I used my card at a restaurant and it was declined. Why?,card_not_working
How can I verify my top-up card?,verify_top_up
Can you tell me when the transfer will be completed?,pending_transfer
Where do you get your exchange rates from?,exchange_rate
I made an out of country transfer and it hasn't went through yet.,balance_not_updated_after_bank_transfer
I prefer to get a Mastercard.,visa_or_mastercard
Why is there a fee for doing a transfer?,transfer_fee_charged
Why was I charged a fee when I paid with card?,card_payment_fee_charged
Please help!  I was mugged and everything stolen.  What do I do to stop them from accessing my account?,lost_or_stolen_phone
How can I receive my salary with a different currency?,receiving_money
Can I increase my top-up maximum?,top_up_limits
Will my card work at all merchant locations?,card_acceptance
I don't recognize the direct debit payment from the app.,direct_debit_payment_not_recognised
Why can't I take $100 out,wrong_amount_of_cash_received
"What, if any, is the limit  for auto top-up?",automatic_top_up
Is there anything I need to do since my phone was stolen?,lost_or_stolen_phone
Can this app take my salary?,receiving_money
What could the reason be that my payment card was declined?,declined_card_payment
What is the cause of the delay in applying my card payment to my account?,pending_card_payment
Why  am I being told this  transfer will not  go thru,beneficiary_not_allowed
"As I double checked that I have the correct account details that i submitted , they're right for sure. Transfer is still pending so far.",pending_transfer
how do I get a disposable virtual card?,get_disposable_virtual_card
Why hasn't my cash arrived from a deposited check?,balance_not_updated_after_cheque_or_cash_deposit
I was charged extra for a withdrawal,cash_withdrawal_charge
What is an exchange rate?,exchange_rate
I am trying to transfer money and something is going wrong.,failed_transfer
Will I be able to use my card anywhere?,card_acceptance
Why is my card not working anymore?,card_not_working
I tried to get gas but my money was gone!,topping_up_by_card
I tried to transfer money but it said it wasn't possible? I've done this before and it worked why isn't it working now?,beneficiary_not_allowed
How do I link my card,card_linking
My payment has been returned.,reverted_card_payment?
How can I stop fraud on my account right now?,compromised_card
A transfer to an account was not allowed,beneficiary_not_allowed
"Please help me, its urgent. Someone has withdrawn money from my account as few hours before my wallet has been. Now i want to stop withdrawal of more money.",cash_withdrawal_not_recognised
I'd like to cancel a transfer,cancel_transfer
How's the exchange rate?,exchange_rate
Do you charge a fee on currency exchange?,exchange_charge
"I transferred my funds, why did it not go through?",failed_transfer
Why can't I buy cryptocurrency on the app?,beneficiary_not_allowed
Why can't my beneficiary get access?,beneficiary_not_allowed
Can I use the card at any cash machine?,atm_support
"How long do transfers to international banks take? I made one to france a couple of days ago, but it's still not there.",balance_not_updated_after_bank_transfer
Can i get a throw away card,get_disposable_virtual_card
I really need to top-up my card today urgently but my card keeps getting declined!! Can you please resolve this problem or try an alternative,top_up_failed
Can you track my card for me?,card_arrival
Your exchange rate was off.  I was charged extra on my payment that I made last Saturday.,card_payment_wrong_exchange_rate
What should I do?  I topped off but the app reversed  it.,top_up_reverted
How can I go about ordering a virtual card?,getting_virtual_card
I have a new card and I can't add money to it.  I tried about 30 minutes ago and it is still pending.  What do I do?,pending_top_up
Do you have any options to top up with a cheque on my account?,top_up_by_cash_or_cheque
"I tried to make a top-up and it was canceled, why is that?",top_up_reverted
Where is the transfer I started?,transfer_not_received_by_recipient
there's a delay in my top-up,pending_top_up
I am seeing a direct debit I wasn't aware of.,direct_debit_payment_not_recognised
Where can I receive my card?,order_physical_card
how long and how much does it cost for new card,card_about_to_expire
Why was there a fee on my cash withdrawal?,cash_withdrawal_charge
My salary is in GBP. Do I need to configure this somewhere?,receiving_money
"I have my residency in the US, but I would love to get a card.",country_support
"I made an international purchase, but the exchange rate was wrong",card_payment_wrong_exchange_rate
I got charged twice for the same payment. Please removed the pending payment. Thank you.,transaction_charged_twice
Why can't I transfer to an account?,beneficiary_not_allowed
Why can't I see a recent refund in my statement?,Refund_not_showing_up
Where is the card PIN?,get_physical_card
Why was I charged an additional fee when paying with card?,card_payment_fee_charged
"I have one of your cards, but I don't know how to link it.",card_linking
Why did you give me so little currency?,wrong_exchange_rate_for_cash_withdrawal
I am waiting for a pending money transfer to process.,pending_transfer
"I was trying to use contactless earlier, but it didn't work.",contactless_not_working
Why can't I edit my personal details?,edit_personal_details
I need some spare physical cards.,getting_spare_card
My card was refused,declined_card_payment
"My statement shows a 1£ purchase pending. I do not remember making this purchase, please let me know what this is about.",extra_charge_on_statement
Why is my payment pending?,pending_card_payment
How dp i top up with a cheque ?,top_up_by_cash_or_cheque
I made a cash withdrawal but the pending status is taking forever.,pending_cash_withdrawal
I've never been to that store.  That's a fraudulent charge.,card_payment_not_recognised
Where do I go if I want to link my new card?,card_linking
"When is my balance going to update, I just transferred some money",balance_not_updated_after_bank_transfer
I am having difficulties to verify my identity.,unable_to_verify_identity
Do I get charged if i am getting money?,top_up_by_bank_transfer_charge
What factors effect the exchange rate?,exchange_rate
"Please help in finding my card PIN, thank you!",get_physical_card
I was issued a card about a week ago. why hasn't it come in yet?,card_arrival
What is the process for activating a new card.,activate_my_card
Why did I not get my cash back after I withdrew?,wrong_amount_of_cash_received
Are there limits to top-ups?,top_up_limits
Why is the app showing a still pending message on a withdraw that has already been done?,pending_cash_withdrawal
"I will need to get a new card soon, how do I order?",card_about_to_expire
"I'm having money transferred from Europe, how long will this take?",transfer_timing
Why can't I use my beneficiary?,beneficiary_not_allowed
I got billed an extra pound!,extra_charge_on_statement
I NEED HELP WITH MY CARD!!!!! please. It keeps getting declined when I try to use it. I have tried a few times to use it and it keeps getting rejected. I have no idea why.,declined_card_payment
I did not make a direct debit payment as listed on my app,direct_debit_payment_not_recognised
What is the best way to exchange currency?,exchange_via_app
Is there a minimum age for having an account?,age_limit
"I didn't want to make a transaction, I want to revert it",cancel_transfer
"Can you point me in the right direction of where to go to roder a disposable virtual card, I can't seem to find it.",get_disposable_virtual_card
Why was I charged twice for my item!,transaction_charged_twice
My transfer to another account was not allowed. Why is that?,beneficiary_not_allowed
"I initiated a payment a while ago and it is still showing as ""pending"", how long will it take to clear?",pending_card_payment
Which currencies do you work with?,supported_cards_and_currencies
A seller is stating that they haven't received money yet when the money has already deducted from my account.,reverted_card_payment?
How can I track my card's delivery?,card_arrival
why and how soon do I have to have proof of identity to you?,why_verify_identity
Will it be possible to change from USD to GBP with this App?,exchange_via_app
When I made a transfer I was charged extra.,transfer_fee_charged
"My card payment was reverted, why?",reverted_card_payment?
what steps do you take to check identity,verify_my_identity
Does it cost extra to exchange currencies?,exchange_charge
is there a limit to top up,top_up_limits
I have been charged for one thing two times.,transaction_charged_twice
Why wouldn't the contactless payment work when I tried to pay at the bus today?,contactless_not_working
I must make several disposable cards every day.,disposable_card_limits
How do I transfer money from one bank account to another?,transfer_into_account
I got some cash out of the ATM over the holiday and it seems that I've been grossly overcharged. I wouldn't have done that if I knew of these outrageous charges!,wrong_exchange_rate_for_cash_withdrawal
What steps do I need to take to change my card PIN?,change_pin
please cancel the transaction,cancel_transfer
What exchange rates do you use?,exchange_rate
"I initiated a Bank transfer form Europe, how long will this take?",transfer_timing
Why was my withdrawal declined,declined_cash_withdrawal
Are you able to locate my card?,lost_or_stolen_card
When will my top up process?,pending_top_up
"I am waiting patiently for a week now for the seller to get back to me and there has been no response, could you please help me further with getting my money back.  Thank you.",Refund_not_showing_up
I wish to close my account. I do not like the service you provide.,terminate_account
Can I have it delivered on a specific date?,card_delivery_estimate
"While abroad I got cash, and a wrong exchange rate was applied.",wrong_exchange_rate_for_cash_withdrawal
"
How do I unblock my PIN?",pin_blocked
I need a new PIN number.,pin_blocked
My cash deposit hasn't posted to my account.,balance_not_updated_after_cheque_or_cash_deposit
How long will it take for my transfer to arrive?,transfer_not_received_by_recipient
Where has my available money come from?,verify_source_of_funds
Can I use this card at any ATM?,atm_support
"I got double charged from something, what can I do?",transaction_charged_twice
my phone has been stolen by someone,lost_or_stolen_phone
What do I do when my card is about to expire?,card_about_to_expire
Was there a way for me to get tracking for that?,card_arrival
This transfer incurred a fee that I don't think is right.,transfer_fee_charged
Can I track the card that you sent me in the mail?,card_arrival
"If I need to cash foreign transfers, how does that work?",exchange_rate
cash deposit to my account has shown a red flag.,balance_not_updated_after_cheque_or_cash_deposit
"I think my transfer was declined, but why?",declined_transfer
What is the maximum times I can auto top-up?,automatic_top_up
"I can't remember my app code, can you reset it?",passcode_forgotten
I received the wrong exchange rate for an item i bought.,card_payment_wrong_exchange_rate
Can I pay with my card anywhere?,card_acceptance
Your exchange rate is totally wrong for my card payment,card_payment_wrong_exchange_rate
When will the check I deposited post to my account?,balance_not_updated_after_cheque_or_cash_deposit
Reason for my card to decline,declined_card_payment
I need to cancel a purchase?,request_refund
My Identity verification hasn't passed yet is it possible to use my account?,why_verify_identity
How do I unblock my pin after entering it wrong too many times?,pin_blocked
The exchange rate was wrong when I bought something outside the country.,card_payment_wrong_exchange_rate
Can you tell me exactly what fees I will expect to see in regards to your cards?,order_physical_card
What do I need to do to link my new card for my account?,card_linking
I wasn't able to use my card today when I went out for lunch. Wondering why that is?,card_not_working
I can't verify identity through the app.,unable_to_verify_identity
How long does it take for a refund to appear?,Refund_not_showing_up
How long does it take transfers from Europe to complete?,transfer_timing
My phone is lost.  What do I do to prevent someone from using the app?,lost_or_stolen_phone
Tell me how to renew my new card?,activate_my_card
Can I order a card?,order_physical_card
Help!  What should I do?  My phone was stolen yesterday.,lost_or_stolen_phone
I might have been charged on my debit statement by fraud.,direct_debit_payment_not_recognised
what currencies do you accept?,fiat_currency_support
What are the age requirements for service?,age_limit
"I need a disposable virtual card, how do I get one?",get_disposable_virtual_card
Where can I find information about where my money came from?,verify_source_of_funds
Is it possible to get a refund?,request_refund
"I want to reactivate my card, I found it after thinking it was lost.",card_linking
There's a payment with my card that I definitely didn't create. I don't know anyone by that name.,card_payment_not_recognised
My statement is showing I was Charged a dollar and I am not sure why.,extra_charge_on_statement
"Hi, I'm buying my son Bertie a starter home in London.  I'm just trying to send the 5% deposit over to the agent. It's only £200,000 but seems to be throwing an error.  What is going on?  If I wait any longer the house prices might rise, can you look in to it please?",failed_transfer
There's a cash withdrawal that  didn't make that is showing up.,cash_withdrawal_not_recognised
Why was I unable to complete my transfer?,failed_transfer
Why do I have a transaction showing up more than once?,transaction_charged_twice
"How long do EU transfers actually take? I bought something online a couple days ago, sent the money immediately online but the seller says it's still not there yet.",pending_transfer
Which merchants accept my card?,card_acceptance
What should I do if I think someone stole my details and used my information to make some transactions?,compromised_card
How do I change my information?,edit_personal_details
I forgot my PIN number.,pin_blocked
totally unacceptable.  I'm stranded with no cash because the ATM wouldn't give me any money!,declined_cash_withdrawal
Why can't I see my topup in my wallet anymore?,topping_up_by_card
I am still waiting for a transfer I did,balance_not_updated_after_bank_transfer
I need to cancel my recent transfer quickly since I made a mistake. Please help before it goes through.,cancel_transfer
Please help me!  I need to cancel a transaction.,cancel_transfer
"I was using foreign currency at an ATM, but the rate was typed in wrong.",wrong_exchange_rate_for_cash_withdrawal
There is a €1 extra fee in my statement,extra_charge_on_statement
"I need to add more funds to my card today because it keeps being declined, and I need to use it immediately. Can you fix this or tell me alternatives?",top_up_failed
"I think I want AUD and not GBP, can you help?",exchange_via_app
How do I use auto top up?,automatic_top_up
How can I top-ff my account using my Apple Watch?,apple_pay_or_google_pay
I want to add funds to my account. What payment methods are accepted?,supported_cards_and_currencies
Where is an ATM?,atm_support
I need more physical cards.,getting_spare_card
the card payment exchange rate is wrong,card_payment_wrong_exchange_rate
How does tranferring money into my account work?,transfer_into_account
Looking at my statement I see that I was double charged for a payment I made.,transaction_charged_twice
Approximately how long will an urgent transfer from China take?,transfer_timing
can I choose a date for delivery?,card_delivery_estimate
What businesses accept my card?,card_acceptance
why hasn't my top up gone through yet,pending_top_up
"Hey, I got charged extra for some reason when I purchased an app. Is this a hidden fee or something? I don't think it's very cool.",extra_charge_on_statement
I have a pending payment in my account that I paid a while back ago and it still hasnt gone through. Why would it show pending for so long?,pending_card_payment
What's the expected wait time to recieve my new card?,card_arrival
I can't get the card itself to work.,card_not_working
do i need to wait for my card before i get pin,get_physical_card
How come I got to pay to get my money from the ATM?,cash_withdrawal_charge
Is this open to residents of all countries?,country_support
How do I fix a payment that was reverted,reverted_card_payment?
Can I use my virtual card for recurring monthly payments?,virtual_card_not_working
"In terms of holding and exchange, what fiat currencies do you use.",fiat_currency_support
I want to get a virtual card!,getting_virtual_card
I want to use bank transfer for topping up my account. How is it handled?,transfer_into_account
"Do you hold money and if so, what currencies do you accept?",fiat_currency_support
I don't know why my payment didn't work.,declined_card_payment
Where is my PIN?,get_physical_card
"Why did I get charged for something I bought online? Even though it was international, I thought it would be covered.",transfer_fee_charged
Why was I charged when taking out money?,cash_withdrawal_charge
I couldn't get money from the ATM,declined_cash_withdrawal
I bought something overseas and the wrong exchange rate is on my statement.,card_payment_wrong_exchange_rate
How do I get my cash withdrawal to show?,pending_cash_withdrawal
How do I terminate my account.,terminate_account
Why did the top-up fail?,top_up_failed
I need urgent help. I realize I sent my payment to the wrong account number. I made a typo. Please cancel the transfer immediately. I cannot do anything from the app.,cancel_transfer
Is there a way to use a cheque to top up my account?,top_up_by_cash_or_cheque
My card is no longer lost. How do I enter it back into the app?,card_linking
The exchange rate from my card payment isn't right.,card_payment_wrong_exchange_rate
my card was frozen due to putting in the wrong pin too much.  how many tries do i have,declined_cash_withdrawal
What kind of security protects my money?,verify_source_of_funds
Can I get a new card in China?,card_about_to_expire
I don't know how to verify my identity.,verify_my_identity
Does Apple Pay give the option to top up?,apple_pay_or_google_pay
I cannot remember my passcode.,passcode_forgotten
Why is my cash deposit not in my account?,balance_not_updated_after_cheque_or_cash_deposit
The ATM did not give me my card back?,card_swallowed
"My money is gone :( I had topped up recently and saw it was there and went through, but now it's disappeared, what's going on?",top_up_reverted
Can you please explain how to transfer money using the bank transfer process?,transfer_into_account
I don't understand why you aren't accepting my transfer. After a couple times trying I'm still getting an error message.,beneficiary_not_allowed
Is there an allowance on cards?,card_payment_fee_charged
Where is the transfer to my account?,balance_not_updated_after_bank_transfer
"Recently, a few weeks ago there was a transaction made on my account by some seller that I don't recognize. I am very certain that didn't happen  and will like for you to trace back to make sure.",direct_debit_payment_not_recognised
I got charged a fee that shouldn't be there from my cash,cash_withdrawal_charge
I withdrew cash abroad and the exchange rate applied is wrong.,wrong_exchange_rate_for_cash_withdrawal
There is a card payment that I'm not recognizing.,card_payment_not_recognised
My app is showing a payment that I know I did not do. Can you please cancel that transaction and credit my account please?,direct_debit_payment_not_recognised
I see a charge for a direct debit that was not me.,direct_debit_payment_not_recognised
"I need a card, but I'm in the US at the moment.",country_support
"I tried to withdraw some funds from my card, but was declined. How can I get my money?",declined_cash_withdrawal
Can I use check to deposit?,top_up_by_cash_or_cheque
Why did you charge me for taking out cash?,cash_withdrawal_charge
I believe a wrong exchange rate was applied towards a cash transaction I made abroad.,wrong_exchange_rate_for_cash_withdrawal
Should my cash withdrawal still be pending?,pending_cash_withdrawal
I use my card internationally to manage payments and I just noticed that you are adding additional fees.  Why?  I am a good customer and this has me thinking about leaving.,transfer_fee_charged
The ATM won't give me my card back. I need it back now!,card_swallowed
I would like to invalidate my account.  I am very disappointed with your services.,terminate_account
I anticipate getting a Visa card,visa_or_mastercard
I am unaware of what my password is.,passcode_forgotten
When will my top up be applied?,pending_top_up
There is a potentially fraudulent direct debit on my account.,direct_debit_payment_not_recognised
How many different cards can I have for my account?,getting_spare_card
What is the closest ATM?,atm_support
"Help, your app is showing a larger WD than I actually did earlier at an ATM.",wrong_amount_of_cash_received
I need to freeze my card as soon as possible. I just checked my account and saw that there have been several payments that I don't recognize over the course of a few days. Can we investigate and get my money back?,card_payment_not_recognised
I cannot withdraw money from the ATM,declined_cash_withdrawal
What does it mean if it says that my payment is pending?,pending_card_payment
My recent transfer didn't go through - why not?,declined_transfer
Hello. I just noticed I was charged two times for a restaurant I visited this week. Can you reverse the additional charge?,transaction_charged_twice
Do you accept cheques for top ups?,top_up_by_cash_or_cheque
How long does it take for a transfer?,transfer_timing
"lost my phone, what is account security?",lost_or_stolen_phone
How long should I expect for the card to arrive?,card_delivery_estimate
Will I be charged if someone needs to send me money?,top_up_by_bank_transfer_charge
The ATM is declining my card. I tried at two different ATMs. Can you tell me if there's anything wrong with my account?,declined_cash_withdrawal
Can I get a card if I don't reside in the UK?,country_support
Can you tell me where  can change my PIN?,change_pin
"Transfers may show up as pending for up to one day while they are processed by one of our payment processors. Then, they will depart for the beneficiary accounts. Please also double-check that you have entered the correct account details. SEPA transfers can take up to two business days, and SWIFT transfers can take up to five business days.",pending_transfer
I'm still expecting the transaction to be finished,transfer_not_received_by_recipient
I need to transfer funds from my other bank account into this bank account.,transfer_into_account
what is the cost for exchanging currencies?,exchange_charge
What's the deal? My card was just denied for top up. Why is it not going through?,top_up_failed
What do I do if I can't access my passcode?,passcode_forgotten
"When I topped up, the app reverted my funds.",top_up_reverted
Why would my payment for my card show as pending?,pending_card_payment
You shorted me money when I tried to make a withdrawal.,wrong_amount_of_cash_received
My statement indicates I made a payment to an unfamiliar merchant.,card_payment_not_recognised
Tell me how to replace my expired card.,card_about_to_expire
My app is displaying a payment I didn't make,card_payment_not_recognised
My ID won't be verified!,unable_to_verify_identity
There's a card payment I didn't make,card_payment_not_recognised
How do I tell if my top up was reverted?,top_up_reverted
How many years old do I have to be?,age_limit
"My phone was stolen, help!",lost_or_stolen_phone
Salary in GBP has been received. Does it need to be configured into another place?,receiving_money
Why could I not get cash?,declined_cash_withdrawal
what is the matter?,direct_debit_payment_not_recognised
How do I get the contactless feature to work for my card?,contactless_not_working
Can you explain disposable cards?,get_disposable_virtual_card
What do I do for the identity check?,verify_my_identity
The top-up verification code is not visible.,verify_top_up
I found my lost card. Am I still able to use it?,card_linking
Where can I find out how to transfer money into my account.,transfer_into_account
"I tried to make a transfer, but it didn't work.",failed_transfer
Why was my card payment reverted?,reverted_card_payment?
What currencies are used in your exchange?,fiat_currency_support
help me link my card,card_linking
What does it cost to receive a SEPA transfer?,top_up_by_bank_transfer_charge
Two days ago I did a transfer to another account within the country.  It doesn't appear the transfer went through.  I have verified the account number several times.  Could you please check on this for me?,transfer_not_received_by_recipient
Show me where to order my card.,order_physical_card
I want to set a new PIN,change_pin
How do I replace my card?,card_about_to_expire
I want to skip verification of my identity.,why_verify_identity
Why is my debit card being declined when I have money?,declined_card_payment
"My PIN seems to be blocked, help me access it?",pin_blocked
Where is the PIN for my card located?,get_physical_card
"i made a payment with my card and was charged a fee, why would you do that",card_payment_fee_charged
My balance is not what I thought it was following an ATM withdrawal,pending_cash_withdrawal
Whats the max I can top up,top_up_limits
I am having trouble verifying my id.,unable_to_verify_identity
For what reason did my top-up fail?,top_up_failed
When I made a cash transfer abroad the wrong exchange rate was applied,wrong_exchange_rate_for_cash_withdrawal
My transfer isn't in,transfer_not_received_by_recipient
This stupid system is not letting me prove my identity.,unable_to_verify_identity
I have multiple charges on the same transaction.,transaction_charged_twice
My wallet got stolen a couple hours ago and now I've seen there already is a withdrawal. Help this is absolutely urgent I don't want to loose more money,cash_withdrawal_not_recognised
Can you look at my account ans see why my card was declined,declined_card_payment
Is there a way to get a virtual card?,getting_virtual_card
When can I order a disposable virtual card?,get_disposable_virtual_card
Why have I been charged for pulling cash out of my own account?,cash_withdrawal_charge
"If I need more cards, are there any fees?",getting_spare_card
"how long does it take to transfer money, my retailer is waiting",transfer_not_received_by_recipient
"Top up my card please, which y'all support?",supported_cards_and_currencies
Why do you need to check my identity?,why_verify_identity
I entered the wrong pin too many times and now I am blocked.  Help me unblock!,pin_blocked
Which fiat currencies are supported?,fiat_currency_support
Someone has taken my money and I don't know who,direct_debit_payment_not_recognised
I bought an item then noticed the exchange rate was wrong.,card_payment_wrong_exchange_rate
"I got my American Express in Apple Pay, why is top up not working on my device?",apple_pay_or_google_pay
There is a payment showing that I know I didn't make. I didn't use my card that day and I'm sure of it. Can you please cancel that transaction and return my money? Thankyou,direct_debit_payment_not_recognised
What type of ID do you accept?,verify_my_identity
Tried using my ATM card earlier at one of your locations for the first time.  It didn't work.  What is going on?,declined_cash_withdrawal
In regards to the PIN of the card?,get_physical_card
What do I do if the machine rejects my card?,card_not_working
Where can I find instructions to change my PIN?,change_pin
The contactless payments are not working.,contactless_not_working
Will I be charged a fee for exchanging foreign currencies?,exchange_charge
I was refunded the money for something I bought already.,reverted_card_payment?
The ATM I used for foreign currency provided the wrong exchange rate.,wrong_exchange_rate_for_cash_withdrawal
When I purchased a product in another country the currency exchange was incorrect.,card_payment_wrong_exchange_rate
I am still waiting on my card?,card_arrival
Why won't you let me name X as a beneficiary?,beneficiary_not_allowed
How can I cancel a transfer?,cancel_transfer
What was I charged a fee for card payment?,card_payment_fee_charged
Is a physical card also available,order_physical_card
Can I exchange USD for GBP in your app?,exchange_via_app
How do I get another card,getting_spare_card
A transaction is showing more than once.,transaction_charged_twice
Top up did not work on the app.,top_up_failed
How do I complete the ID check?,verify_my_identity
"Looks like my card payment was duplicated after all. I went to pay at the store earlier, got declined once, second time it works. App still stays pending for one of the payments. Can you please remove one of them as it's wrong and clearly was declined?",transaction_charged_twice
"Hello, I trying to top up with my card today but it didn't work. When I tried last time it worked but today it isn't. Could you take a look at it for me?",top_up_failed
Exchange rate on a purchase was incorrect,card_payment_wrong_exchange_rate
I'm having problems with ID verification,unable_to_verify_identity
Can I use an auto top-up option?,automatic_top_up
My payment has been cancelled,reverted_card_payment?
What locations are cards delivered to?,order_physical_card
I need my refund as soon as possible. What else do I have to do?,Refund_not_showing_up
I haven't gotten my new card.,card_arrival
"Why are all my transfers failing?  I have the details right and they won't complete.  I've been trying all day and they still won't go through, this is URGENT, please help.",declined_transfer
My transfer failed when I tried.,failed_transfer
Do you know the rate of exchange?,exchange_rate
I want to cancel a purchase,request_refund
Are there charges for cash withdrawals?,cash_withdrawal_charge
Are there any extras for exchanging currency?,exchange_charge
Will it cost anything to top up a US card?,top_up_by_card_charge
Is my cash withdrawal pending?,pending_cash_withdrawal
"More than one time this week, I have been charged more than once for the same transaction. Please correct the issue and refund the duplicate charges.",transaction_charged_twice
How do I delete my account?,terminate_account
How can I get my card back out?,card_swallowed
"My card was used without my permission, what do I do?",compromised_card
It's requiring me to verify my identity?,why_verify_identity
There's a card payment with a name I don't recognize,card_payment_not_recognised
I'm not okay with this fee on my statement.,extra_charge_on_statement
At what ATMS am I able to use the card?,atm_support
How do I use a cheque to top up?,top_up_by_cash_or_cheque
Where's accounting for my cash withdrawal?,pending_cash_withdrawal
Someone must have found my card details as I don't recognize these transactions.,compromised_card
I have got out the wrong amount from an ATM. Please tell me the process to get the cash back as in app its showing the amount i have been actually received.,wrong_amount_of_cash_received
"card is lost, please help",lost_or_stolen_card
Show me where I can see the PIN?,get_physical_card
How do people send me money?,receiving_money
I would like to return my purchases,request_refund
How can I fix this? The ATM gave me more cash than I'd asked for.,wrong_amount_of_cash_received
Somehow I am missing my card.  What should I do?,lost_or_stolen_card
My payment has not been accepted.,reverted_card_payment?
i have not received my card,card_arrival
Is my new bank card on the way and is there a way to track it?,card_arrival
If I find a card I lost do I need to dispose of it? Or can I re-active the card and continue to use it?,card_linking
We want to start a college fund for my daughter.,age_limit
How can I reset my darned PIN number?,pin_blocked
How old must I be to open an account?,age_limit
I am looking to change my adress.,edit_personal_details
Is it possible for friends to top up my account?,topping_up_by_card
There is a cash withdrawal transaction that I am unsure of.,cash_withdrawal_not_recognised
I need the source of my funds verified. How do I do this?,verify_source_of_funds
"If I want to send out more cards, do you charge extra for that?",getting_spare_card
What currencies will this app exchange?,exchange_via_app
Hold old do my kids have to be to use the service?,age_limit
Need help with my card. It's not working.,card_not_working
How long do I wait for a transfer from the United States?,transfer_timing
How long do I have  to wait for my transaction to be completed?,transfer_not_received_by_recipient
How long does it actually take my card payment to make it to the account? I've made a payment a couple of days ago but it hasn't moved since.,pending_card_payment
How do I see the source of my money?,verify_source_of_funds
What are the charges for recieving SEPA transfers?,top_up_by_bank_transfer_charge
There is a transaction from my account that I don't recognize can you trace back the information so I can make sure it's something I did or not?,direct_debit_payment_not_recognised
Will I be charged for receiving money?,top_up_by_bank_transfer_charge
I am from X but am traveling to Y - how do I get currency for Y?,exchange_via_app
I don't understand why it says I have to verify the top-up.,verify_top_up
The ATM wouldn't allow me to withdraw money,declined_cash_withdrawal
"If I want to get an account for my daughter, can I do that?",age_limit
Exchange rate for my card payment is wrong,card_payment_wrong_exchange_rate
Can I get a few more physical cards?,getting_spare_card
"There is an incoming payment into my account, but it is deactivated. Will they still be processed?",fiat_currency_support
how do i see what i transferred,balance_not_updated_after_bank_transfer
I have a reverted top up I made and wanted to know why it didn't go through.,top_up_reverted
I need help proving that this is really me and to verify my identity.,unable_to_verify_identity
How long would does it take for a seller to receive an EU transfer if I bought something from them and sent them the money immediately?,pending_transfer
Can I have more disposable cards?,disposable_card_limits
I moved and would like to change my address.,edit_personal_details
Is there any discount for someone that exchanges currencies frequently?,exchange_charge
I see a duplicate payment.,transaction_charged_twice
"My card payment is just showing up as pending since forever, what's going on with that, when should it be going through?",pending_card_payment
I am upset with your service.  Please delete my account.,terminate_account
Can I do a SWIFT transfer?,top_up_by_bank_transfer_charge
I was trying to top up my account and it isn't working,top_up_failed
I could not get money from an ATM,declined_cash_withdrawal
"Hi, i just topped up my phone and the money was deducted but it seems to have deducted the same amount again! please help!",top_up_reverted
Where can I modify my information?,edit_personal_details
My account isn't showing the refund,Refund_not_showing_up
"I tried using my card, but it doesn't work.",card_not_working
Can you tell me the foreign exchange rate?,exchange_rate
still waiting on my new card,card_arrival
I had to pay one pound more than the set price!,extra_charge_on_statement
How can I tell if there will be a fee added to my payment or not?,card_payment_fee_charged
has my top-up has been cancelled,top_up_reverted
How long does it take for a bank transfer to show on my balance?,balance_not_updated_after_bank_transfer
My address needs to be changed.,edit_personal_details
I tried to top up with my card but it was declined. I was able to a couple days ago and it worked. Is something wrong? Can you check it for me please?,top_up_failed
Hello. Can you help figure out why the recent transfer from my UK bank account isn't showing up?,balance_not_updated_after_bank_transfer
The refund doesn't show in my account,Refund_not_showing_up
how long does a US transfer take,transfer_timing
How do I troubleshoot my contactless?,contactless_not_working
Is there any way to know how the transaction got on my account?,card_payment_not_recognised
how long are my top ups pending,pending_top_up
A payment is showing twice. Why is that?,transaction_charged_twice
What do I have to do to get a Visa credit card?,visa_or_mastercard
I need to change my contact information.,edit_personal_details
Can I top off with a debit card?,supported_cards_and_currencies
Are there fees for receiving a SEPA transfer?,top_up_by_bank_transfer_charge
What is the highest limit for Auto Top?,automatic_top_up
Am I able to cancel a transfer I just made,cancel_transfer
I tried to buy something online yesterday and was told declined. I got the same error today after trying again. What is the problem?,declined_transfer
I think my card is lost.  What do I do?,lost_or_stolen_card
Can I dispute a payment even if I notice it several weeks after it was made?,direct_debit_payment_not_recognised
Will this app allow me to exchange currencies?,exchange_via_app
How can I verify if a cash withdrawal was made from my account? I still have my card with me but I did not authorize the withdrawal that just occurred.,cash_withdrawal_not_recognised
My top up did not go through yet.,pending_top_up
Do all ATMs take this card?,atm_support
Can i get payed through this system?,receiving_money
How long will a transfer from China take? I need to transfer something from there.,transfer_timing
How can I unlock my pin from too many tries?,pin_blocked
does it cost to exchange currencies?,exchange_charge
Are you able to delete my account?,terminate_account
What is accepted in regards to cards and currencies?,supported_cards_and_currencies
Why was I charged an extra fee from the ATM?,cash_withdrawal_charge
When can I expect to receive my card?,card_delivery_estimate
I'm still waiting for a money transfer to show.,pending_transfer
I need to change my PIN. Can I do that at a cash machine?,change_pin
"I am calling because the ATM didn't give me the right amount of cash, but my app shows the actual amount I wanted to withdraw. What should I do to get my money back?",wrong_amount_of_cash_received
How can I prove who I am?,verify_my_identity
what cards can i use to add money to my account,supported_cards_and_currencies
You did not apply the correct exchange rate for an item that I bought.,card_payment_wrong_exchange_rate
"It seems my card payment was completed twice. I paid at the store previously and the first one did not seem to go through. After a second attempt, it did go through. I now see within the app that I have been charged twice with one of them pending. Can you please remove the pending amount because it is clearly something that was declined?",transaction_charged_twice
Is there a limit for the amount I can top up?,top_up_limits
"I really need money from my card today, but my card is getting declined. Please help!!",top_up_failed
I think my phone was stolen. What can I do?,lost_or_stolen_phone
Can I use my bank account to send me more money?,transfer_into_account
What do I do if I see a cash withdrawal on my account that I don't remember making?,cash_withdrawal_not_recognised
"Hi, I sent my landlord my rent money a few days ago and while everything seems good on my end he says that he never got the money. I double checked the account number and it's correct. Can you help me figure this out?",transfer_not_received_by_recipient
There is an extra charge on my app that I was not told about or I was aware of!,extra_charge_on_statement
Is the top up feature available on the Apple Watch?,apple_pay_or_google_pay
How come I can't put money in my top up account?,top_up_reverted
Can I activate my card with the app?,activate_my_card
How do I obtain a second card?,getting_spare_card
Is there any reason my cash withdrawal still shows as pending?,pending_cash_withdrawal
Will any business take this card?,card_acceptance
What things do I need to verify my identity?,verify_my_identity
I have a pending money transfer,pending_transfer
Why hasn't my cheque processed?,balance_not_updated_after_cheque_or_cash_deposit
They is a payment I don't recognize on my statement.,card_payment_not_recognised
"I made a bank transfer earlier from my UK account.  I don't see it yet, can you check the status?",balance_not_updated_after_bank_transfer
They said I would get a refund but I don't see it on my statement.,Refund_not_showing_up
Whats the minimum age to have an account,age_limit
Why did my my transfer get declined?,declined_transfer
During the last month I used this account to make payments for my place abroad. I noticed the fees have increased and I wonder why. Shouldn't frequent users have less fees as incentive to keep using instead of increasing them out of nowhere?,transfer_fee_charged
Are there topping up fees if I have to transfer?,top_up_by_bank_transfer_charge
There is a payment done with my card which i definitely did not do.Never seen that name before.,card_payment_not_recognised
I would like to know how to transfer money into my account.,transfer_into_account
I paid for something in foreign currency but noticed the exchange rate is incorrect.,card_payment_wrong_exchange_rate
"Over the holiday I withdrew cash from the ATM and it seems that I was severely overcharged. Had I known that I would be charged those fees, I would not have used the ATM!",wrong_exchange_rate_for_cash_withdrawal
I made a payment but it's still pending,pending_card_payment
"I checked my statement and saw a charge of one pound, where is this charge coming from?",extra_charge_on_statement
How old do I need to be?,age_limit
The applied exchange rate is wrong for the cash I got abroad.,wrong_exchange_rate_for_cash_withdrawal
My card was confiscated by an ATM. How do I get my card back?,card_swallowed
Are there any charges for receiving money?,top_up_by_bank_transfer_charge
Can an American resident apply to get a card?,country_support
My transfer failed to process correctly. Is there a reason this would happen?,failed_transfer
What should I do if someone else used my card?,compromised_card
How do I top up by card?,topping_up_by_card
How do I order a new card before It expires?,card_about_to_expire
The withdrawal was declined I am unsure as to why this happened?,declined_cash_withdrawal
I want to close my account due to poor customer service.,terminate_account
why isn't my top-up going through?,pending_top_up
Do I need to do anything? My phone was stolen yesterday.,lost_or_stolen_phone
Was my card payment reverted?,reverted_card_payment?
"How long is a top up supposed to be pending, because an hour is too long! Can you fix this to go through?",pending_top_up
I ordered my card a couple weeks ago and haven't received it yet. When can I expect it?,card_delivery_estimate
I have a new card and I need to activate it.,activate_my_card
"Hi, My card is getting declined during top-up. As it urgent, could you please resolve this issue, or guide me with other alternatives if any.",top_up_failed
How do I convert currencies with the app?,exchange_via_app
Tell me which cards and what currency is supported.,supported_cards_and_currencies
So the transfer finally worked but now it's been pending for quite a long time. How long do you expect me to wait for it? It's quite urgent,pending_transfer
What is the time for a transfer?,transfer_not_received_by_recipient
Do you know why my card payment was reverted?,reverted_card_payment?
Where do I unblock my PIN?,pin_blocked
My refund is not showing up in my account. Where is it?,Refund_not_showing_up
I believe my card payment were reverted,reverted_card_payment?
how can i change my details,edit_personal_details
How can receive a physical card,order_physical_card
Why can't I see my funds after I topped up?,pending_top_up
I need clarity on why my card is not working.,card_not_working
Why would my payment still show as pending?,pending_card_payment
Verifying the top-up seems like a hassle.,verify_top_up
Why do I see extra charges for withdrawing my money?,cash_withdrawal_charge
Can I order a new card with the app?,card_about_to_expire
What is the purpose of requiring my identification?,why_verify_identity
How do I go about exchanging currencies with this app?,exchange_via_app
I need to add money to my account. Can I do so via bank transfer?,transfer_into_account
I did a transfer but the balance is the same.,balance_not_updated_after_bank_transfer
Dude I put money in the ATM last week but it ain't there! I need the money now figure this out!,balance_not_updated_after_cheque_or_cash_deposit
"I'm trying to make a payment to my new landlord. Even though the payment was sent a few days ago, it isn't clearing on their side. Can you verify that payment has been made?",transfer_not_received_by_recipient
"I'm going on a trip soon and I needed to convert my Russian ruble to UK pounds, but when I did, your company charged me above the exchange rate. Did you mess up my transaction?",card_payment_wrong_exchange_rate
wheres my pin,get_physical_card
The top-up is pending.,pending_top_up
I'm not sure why my account has been refunded a payment for an item I've already received about 2 weeks ago. Can you please tell me what is going on?,reverted_card_payment?
What does it mean if my payment has been reverted?,reverted_card_payment?
Where can I do a cash withdrawal?,atm_support
I would like to know more about what a disposable virtual card is?,get_disposable_virtual_card
"I tried to withdraw money, but was unable to. Still says that the transaction is pending? Will this money disappear??",pending_cash_withdrawal
What is the proper way to activate a card?,activate_my_card
Isn't my top-up supposed to mean its complete?,pending_top_up
I really need to top-up my card today urgently but my card keeps getting declined!! Can you please help me with this problem or let me know if you have any alternatives,top_up_failed
I am still waiting for a transfer to show up,pending_transfer
I've been unable to pay contactless with my card for over a week now. Is there a way to fix this issue?,contactless_not_working
Can I use cash to top up my account?,top_up_by_cash_or_cheque
How can I check for an unsupported merchant for my transfer request?,declined_transfer
How long does a transfer transaction take?,transfer_timing
I tried to do a transfer but I got a message that it was declined.,declined_transfer
Are my contactless settings correct? I tried to use it today but it wasn't working.,contactless_not_working
"A transaction I did to my friend hasn't arrived yet, why?",transfer_not_received_by_recipient
I don't have the means to prove my identity.,unable_to_verify_identity
Why hasn't my balance increased after depositing a check?,balance_not_updated_after_cheque_or_cash_deposit
What's the deal with no cryptocurrency on your app?,beneficiary_not_allowed
I'm having difficulty verifying my identity.,unable_to_verify_identity
"I can't see if the transfer I did a couple days ago is in my account yet. I double checked my info before sending, too. Can you check this?",transfer_not_received_by_recipient
Hello! I randomly got charged an extra fee today as i was shopping online and i have no idea why! Are there extra fees for card payments? Or am i missing something here?,card_payment_fee_charged
I noticed an extra fee when I paid with my card.,card_payment_fee_charged
I'm not seeing my cash deposit showing up in my account.,balance_not_updated_after_cheque_or_cash_deposit
What caused my cash withdrawal to be declined?,declined_cash_withdrawal
I need to know your exchange rates.,exchange_rate
Are there limits on the virtual cards?,disposable_card_limits
Someone may have made an error in figuring out the rate of exchange.  I should have received more cash than I did on my most recent withdrawal.,wrong_exchange_rate_for_cash_withdrawal
Is my PIN the same thing as my passcode?,get_physical_card
How do I do a successful transfer to an account?,beneficiary_not_allowed
There are a few payments in the app that I didn't make! Does someone else have my card?  What should I do?,card_payment_not_recognised
"My friend wants to send me money, can she?",receiving_money
I transferred some money but I think it has gotten lost somewhere.,balance_not_updated_after_bank_transfer
How do I use contactless payments?,contactless_not_working
Why is there an unknown card payment?,card_payment_not_recognised
"My card expires soon, will you send me one automatically?",card_about_to_expire
What is the maximum transactions I can use on a disposable card?,disposable_card_limits
I think my card is broken,card_not_working
I need to change my last name on my account because I just got married.,edit_personal_details
Is there a limit to the number of disposable cards I can have?,disposable_card_limits
I have cash deposit to my account but it is experiencing a problem,balance_not_updated_after_cheque_or_cash_deposit
Could you please freeze my card immediately?,lost_or_stolen_card
Change currency,exchange_via_app
"Why did my transfer not work, it says it was declined?",declined_transfer
How is my card payment still pending?,pending_card_payment
Can I exchange currencies?,fiat_currency_support
"Someone has my card number, freeze my account.",compromised_card
"I have a strange transaction for £1 on my statement, what is that?",extra_charge_on_statement
How do I change my pin while traveling?,change_pin
I am having trouble activating my card.,activate_my_card
There is an odd payment in my statement,card_payment_not_recognised
Are there fees for top ups?,top_up_by_card_charge
Where do I have access to a virtual card?,getting_virtual_card
Why didn't my payment process,pending_card_payment
Where is my deposit?,balance_not_updated_after_cheque_or_cash_deposit
What currencies and cards do you support?,supported_cards_and_currencies
I have a transaction showing up more than once.,transaction_charged_twice
Why wouldn't my withdrawal go through?,declined_cash_withdrawal
Why didn't my balance change after I transferred some money?,balance_not_updated_after_bank_transfer
I was trying to use my virtual card at a merchant and it was rejected. How can I fix this?,virtual_card_not_working
Do I have to pay for topping up by transfer?,top_up_by_bank_transfer_charge
Something is wrong with my password.,passcode_forgotten
"Since I got married, I need to change my name.",edit_personal_details
"I am interested in giving a second card to my daughter, how can I make this happen?",getting_spare_card
My statement doesn't show that a refund has processed,Refund_not_showing_up
Currently my card is broken.,card_not_working
I have a duplicate payment on my card.,transaction_charged_twice
I want to exchange USD and GBP with the app,exchange_via_app
Do I get charged if I am receiving money?,top_up_by_bank_transfer_charge
How long do I have to wait until the transferred money shows up?,balance_not_updated_after_bank_transfer
Where can I find the top up verification code?,verify_top_up
How do I find my card PIN?,get_physical_card
To many charges on my card how do I go about fixing that?,transaction_charged_twice
My thoughts were that you offered crypto top up which does not seem to be working. The money has now been taken from my account. What is the problem here?,top_up_reverted
Can i make transactions before identity verification is complete?,why_verify_identity
Is it possible to obtain both a Visa and a Mastercard from you?,visa_or_mastercard
"I'm not sure why my payment has been declined? Please tell me why, I thought it was all good.",declined_card_payment
Do you offer multiple cards for the same account?,getting_spare_card
"When I use my card, it says decline?",declined_card_payment
"Hello, I went ahead and checked my account details to be sure, and they are definitely correct.  I've had a transfer pending for a while, and I can't understand why it hasn't gone through yet.",pending_transfer
"In the app, I see a withdrawal I didn't make.",cash_withdrawal_not_recognised
i want to get my salary deposited as pesos?,receiving_money
What fees to you have for top ups?,top_up_by_card_charge
What's the foreign exchange rate I will receive?,exchange_rate
I don't have my cell phone with me so I cannot access the system to complete the transaction.,lost_or_stolen_phone
Tell me how to change my details.,edit_personal_details
i tried to transfer cryptocurrency into my account but was denied,beneficiary_not_allowed
How do I get my PIN unlocked?,pin_blocked
I had to pay in order to do a transfer,transfer_fee_charged
Does the app top up automatically?,automatic_top_up
I am not satisfied with your service.  Close my account.,terminate_account
Do you have an auto top-up option?,automatic_top_up
I made a cash withdrawal at an ATM but it still says pending in my account.,pending_cash_withdrawal
Where is a ATM that accepts Mastercard?,atm_support
how long will it take for my transfer to stop pending,pending_transfer
I was not distributed the correct amount of cash that I asked for,wrong_amount_of_cash_received
I used the wrong account.,cancel_transfer
If I make a top-up are there charges applied?,top_up_by_bank_transfer_charge
"Once my card expires, what should I do?",card_about_to_expire
"I recently deposited some money into my account, but it still isn't showing up. What's going on?",balance_not_updated_after_cheque_or_cash_deposit
My account is devoid of funds. Am I permitted to submit additional money via bank transfer?,transfer_into_account
Help me.  My phone has been lost or stolen!,lost_or_stolen_phone
"Sort your top up out please! It's been pending since an hour already, can you please make this go through asap I really need the money",pending_top_up
I'm not sure why my top up request was denied,top_up_failed
this verifying the top up is annoying,verify_top_up
How can I create another card linked to this account?,getting_spare_card
Help!  In the app there is a direct debit that I don't remember.,direct_debit_payment_not_recognised
How young can I be to open my own account?,age_limit
I wish to top up using a cheque.,top_up_by_cash_or_cheque
What is the limit on Auto top?,automatic_top_up
I am afraid to give you all my identify details.,why_verify_identity
I made the incorrect payment for my rent yesterday and this needs to be fixed by no later than tomorrow. How can you help?,cancel_transfer
I made a mistake and performed a transaction on the wrong account!,cancel_transfer
How to modify my details.,edit_personal_details
I withdrew some cash out of the ATM over the holiday. It seems that I was charged some outrageous fees. I would not have done that had I been aware of these outrageous charges!,wrong_exchange_rate_for_cash_withdrawal
I tried taking out 30 pounds from the ATM just now and it only gave me 10. Why would it do that? I need the 30 pounds now!,wrong_amount_of_cash_received
"Please help, the atm swallowed my card, what do I do?",card_swallowed
I got a new card and can't find where to link it.,card_linking
I want a refund because my package has been taking too long to arrive. How do I go about doing that?,request_refund
Will I get Visa or MasterCard?,visa_or_mastercard
Is GBP a supported currency?,receiving_money
How can I close my account?,terminate_account
What do I need to do to activate my new card?,activate_my_card
My cheque deposit didn't seem to work.,balance_not_updated_after_cheque_or_cash_deposit
"Is my card working? It's the first time I tried using it I tried to get money out of an ATM, but got nothing.",declined_cash_withdrawal
I lost my wallet today with all my credit cards. Will you please block the card and send a replacement?,lost_or_stolen_card
Do you convert to Euro?,fiat_currency_support
I withdrew cash but it still shows as pending?,pending_cash_withdrawal
need to verify source of funds,verify_source_of_funds
Are there any ATM's near me that accept this card?,atm_support
i need to add express delivery if that's an option,card_delivery_estimate
Why was I charged this extra fee while doing a transfer?,transfer_fee_charged
Can you help me transfer money into my friend's bank account? I tried to do it but it keeps rejecting me. I need to get the money in there asap. I have enough and all the account info is correct.,failed_transfer
I paid with card and I was charged a fee,card_payment_fee_charged
how can i top up?,topping_up_by_card
Can I edit my details?,edit_personal_details
Why would my card payment be cancelled?,reverted_card_payment?
"Hello,  I have recharged topup but account is not credited. Please help me in this, i guess there is some defect in system.",top_up_reverted
"While abroad, I got cash, and the exchange rate applied is wrong.",wrong_exchange_rate_for_cash_withdrawal
i need to top up by card.,topping_up_by_card
I have another card from the U.S. Will you be able to accept that one?,supported_cards_and_currencies
I went tot the ATM earlier today and didn't realize this till now but I did not get all the money I requested.  I believe my account was charged for 100 but I only got 80.  Is there any way we can solve this problem?,wrong_amount_of_cash_received
I cannot view the refunded amount in my account.,Refund_not_showing_up
There is payment showing that I didn't do.,card_payment_not_recognised
Are PIN separately?,get_physical_card
I need to find out where the card is that I ordered.,card_arrival
i dont recognize a charge on my card,card_payment_not_recognised
How do I withdraw money?,atm_support
Can I receive my salary in a currency other than what it is deposited in?,receiving_money
I need to change my home address.,edit_personal_details
dont understand why transfer failed,failed_transfer
"I'm trying to verify my identity but can't figure out how, what do I do?",verify_my_identity
"So I've been using my account frequently to manage payments for my vacation house in a different country, and now I'm getting hit with ridiculously high fees! What's with that? Ought not I be rewarded as a frequent user?",transfer_fee_charged
"It looks like someone besides me ordered something with my card, what should I do?",compromised_card
ATM withdrawal not working.,declined_cash_withdrawal
Why do you need all this information about my Source of Funds?,verify_source_of_funds
Is there a fee for exchanging foreign currencies?,exchange_charge
I did not charge my account for that transaction.  That's an error.,card_payment_not_recognised
Why would the ATM machine fail to give me the cash withdrawal I requested?,declined_cash_withdrawal
there is a transaction on my account that i didnt make,card_payment_not_recognised
I saw a fee on my receipt from withdrawing money while shopping earlier.  Is there supposed to be a fee for this type of transaction?,cash_withdrawal_charge
How do I change my details?,edit_personal_details
How do I locate my PIN now that I have my card?,get_physical_card
I need help with a lost card,lost_or_stolen_card
I was getting cash and can't get my card back.,card_swallowed
After purchasing an item I noticed the exchange rate was incorrect.,card_payment_wrong_exchange_rate
Is it possible to hold money in multiple currencies?,fiat_currency_support
Do the disposable cards have any restrictions?,disposable_card_limits
How do I add a card on to the app?,card_linking
"I want to start using my card, how do I activate it?",activate_my_card
the money i transferred didnt arrive,transfer_not_received_by_recipient
How long does it take for a new purchase to stop being considered pending?,pending_card_payment
Are you aware of any charges for receiving money?,top_up_by_bank_transfer_charge
How do I transfer funds from my American Express into my account?,supported_cards_and_currencies
I want my card frozen right away. Money was taken out in an odd location I have never heard of.,cash_withdrawal_not_recognised
Seems like the exchange rate for my payment last Saturday was wrong. I was charged extra.,card_payment_wrong_exchange_rate
I receive my salary in GBP. Do I need to configure this somehwere?,receiving_money
what is the exchange rate when i get cash,wrong_exchange_rate_for_cash_withdrawal
I need to make my card PIN a different number,change_pin
"i have tried everything to complete a transfer but can't, what should i do next",declined_transfer
Is there a way to recover my password?,passcode_forgotten
"I know I didn't make this payment showing up on my card, I don't remember this person at all.",card_payment_not_recognised
Why is it I am charged an extra fee when I use the ATM?,cash_withdrawal_charge
"After reviewing my charges, I see I was charged a fee for a transfer I did, why?",transfer_fee_charged
I tried to withdraw cash from your ATM but my transaction was cancelled.,declined_cash_withdrawal
Do you have any age limit?,age_limit
Why is there a payment showing twice?,transaction_charged_twice
I want to top up with my Apple Watch.,apple_pay_or_google_pay
I was charged the wrong exchange rate on a purchase,card_payment_wrong_exchange_rate
What is identity check?,why_verify_identity
Why did I not get the amount of money I requested?,wrong_amount_of_cash_received
What needs to be done to activate and use a card?,activate_my_card
What does the decline message mean,declined_transfer
My daughter would like a card from my account?  Can I do this?,getting_spare_card
I need you to delete my account now.,terminate_account
Do you have to be 18 to make an account?,age_limit
I have a card payment that has been pending for some time and would like to know when it is going to go through.,pending_card_payment
when should I receive my refund,Refund_not_showing_up
Got only $20 when I tried to withdraw $100.,wrong_amount_of_cash_received
Can I exchange and hold all fiat currencies?,fiat_currency_support
How can I lookup the source for my available money?,verify_source_of_funds
I would like to exchange some currency.,exchange_via_app
The payment for the card did not go through,declined_card_payment
top up for my american express card is not working,apple_pay_or_google_pay
Why is it required to verify my identity?,why_verify_identity
Is there a reason my new card hasn't arrived yet?,card_arrival
Is there a fee for using a European bank card to top up?,top_up_by_card_charge
I am wondering about a transfer from a different country that doesn't show up yet?,balance_not_updated_after_bank_transfer
What fiat currencies can I use for holding and exchanging?,fiat_currency_support
There's a duplicate charge on my account?,transaction_charged_twice
I live in the US but want to get a card,country_support
Why hasn't arrived yet a transaction I did to my friend?,transfer_not_received_by_recipient
I tried to make a transfer and it was declined. Why?,declined_transfer
"I did not get my card yet, is it lost?",card_arrival
"I blocked my card by mistake, how do I unblock it?",pin_blocked
What is the daily limit on my card?,top_up_limits
"Hi, I am disappointed to see such a bad exchange rate and hope you can assist me. Would you be able to confirm the official interbank exchange rate for me?",card_payment_wrong_exchange_rate
What is the extra  €1 fee in my statement,extra_charge_on_statement
The exchange rates are?,exchange_rate
How can I fix my card if the contactless function didn't work this morning?,contactless_not_working
I transferred some money but it hasn't arrived.,transfer_not_received_by_recipient
"Card payment is still pending, why is that the case?",pending_card_payment
My money didnt go through after I transferred.,beneficiary_not_allowed
Pending transfer?,pending_transfer
Why am I being charged a fee for using my card? If there is some print out of places that charge me can you please send me that?,card_payment_fee_charged
Why is my transfer more expensive than I thought?,transfer_fee_charged
The wrong exchange rate was used when I purchased an item.,card_payment_wrong_exchange_rate
Will I get charged for sending out more cards?,getting_spare_card
Can you tell me why I was charged to withdraw cash?,cash_withdrawal_charge
I had a payment that I made and it's been some amount of time and would like to know when it's suppose to go though.,pending_card_payment
There's a direct debit payment that I don't recognize.,direct_debit_payment_not_recognised
I looked at my statement and found a payment I and found a mistake.,card_payment_not_recognised
There is a direct debit that's not mine.,direct_debit_payment_not_recognised
Why isn't my disposable virtual card working?,virtual_card_not_working
There was a direct debit from my account and I didn't authorise it,direct_debit_payment_not_recognised
will you be able to activate my card,activate_my_card
Will there be a cost if I exchange currency?,exchange_charge
"I don't want the item, I bought it on accident, can I get a refund?",request_refund
What's a verification code?,verify_top_up
"The card I thought was lost was just in my jacket, so can I reactivate it since I found it this morning?",card_linking
What is the reason a transfer shows as pending?,pending_transfer
I want to terminate my account,terminate_account
I an not sure but it looks as if a card payment I made was cancelled.,reverted_card_payment?
How long does it take for a transfer to be in my account?,transfer_timing
Does my PIN come with my card?,get_physical_card
"I want to get some cash from the ATM using my card but I dont want to be charged any fees. Ive taken some money out before with no fees, but recently Ive been getting charged. Why?",cash_withdrawal_charge
I got my new card where do I go to activate it?,activate_my_card
I forgot my password,passcode_forgotten
How can I add money automatically?,automatic_top_up
How simple is it to transfer money into my account?,transfer_into_account
I would like it if I could get an item refunded,request_refund
"When exchanging, how much are the rates?",exchange_rate
"I've made a transfer, how long until the money reaches my account?",transfer_timing
"I requested a refund, and never received it. What can I do?",Refund_not_showing_up
"I need a new card, my old card is expiring.",card_about_to_expire
How to receive virtual card?,getting_virtual_card
What is the time period for money to be transferred?,transfer_timing
What do I need to do to transfer money into my account?,transfer_into_account
What is the reason that my card payment was cancelled?,reverted_card_payment?
I have an American Express that I'd like to add money to my account with.,supported_cards_and_currencies
What countries do your accounts send and receive to?,country_support
How long should I wait for top up go go through ?,pending_top_up
How long does it take for a transfer to post,balance_not_updated_after_bank_transfer
when will my transfer clear,pending_transfer
Can you tell me how do I get a card?,order_physical_card
Why did it decline my payment?,declined_card_payment
want to get a new card in china,card_about_to_expire
What is the extra fee I was charged when using an ATM?,cash_withdrawal_charge
"The activation process did not work, please help?",activate_my_card
I feel like too much money was taken during my currency exchange.,wrong_exchange_rate_for_cash_withdrawal
Who do I contact if there is a direct debit that I did not create.,direct_debit_payment_not_recognised
I don't see a refund in my account.,Refund_not_showing_up
I need to find the top up verification code,verify_top_up
What is going on? I have checked over and over and the details of my account are right. Why is my transfer still pending? It's 2018 not 1818. Transfering money to another country can't be that hard.,pending_transfer
Why is my refund not showing up on the statement?,Refund_not_showing_up
Will you assess me more fees if I top up with an international card?,top_up_by_card_charge
I need help fixing my contactless. It's not working anywhere I go today.,contactless_not_working
Why can't I withdraw money?,declined_cash_withdrawal
What other currencies are available to change to?,exchange_via_app
I would like to delete my account.,terminate_account
I messed up a transfer and need to reverse it.,cancel_transfer
Is my credit card supported for top-ups?,supported_cards_and_currencies
"top up google pay, is it possible?",apple_pay_or_google_pay
Is there an issue with my account?  I don't see a cheque deposit that I made yesterday.  Please assist.,balance_not_updated_after_cheque_or_cash_deposit
Am I able to get a card in EU?,country_support
I want to op up my account by using bank transfer. How do I go about it?,transfer_into_account
Why is there an extra fee on my statement?,extra_charge_on_statement
Can I top up using an international card,top_up_by_card_charge
Why was my transfer charged fees?,transfer_fee_charged
Why is my cash withdrawal pending?,pending_cash_withdrawal
"I might be paranoid, but someone may be using my card.",compromised_card
"On my last trip, I received the incorrect exchange rate.",wrong_exchange_rate_for_cash_withdrawal
I can't find the PIN.,get_physical_card
What do I do if I can't get my card out of the ATM?,card_swallowed
How do I fix a transaction to the wrong account?,cancel_transfer
How can I top up my account and which currency can I use?,supported_cards_and_currencies
when will my transfer arrive,transfer_not_received_by_recipient
My card payment was reverted,reverted_card_payment?
I notice there's a pending payment on my card.,pending_card_payment
My card payment's cancelled,reverted_card_payment?
My card is missing.  Please help.,lost_or_stolen_card
Explain to me why a transfer would be declined.,declined_transfer
"Someone has stolen my card. Even though I have my card with me, someone just made a 500£ cash withdrawal. Please help as soon as possible.",cash_withdrawal_not_recognised
I am concerned about the security in my account and would like to make a dispute.,direct_debit_payment_not_recognised
Let me know when you charge extra for payments please. I just checked the app earlier when I saw that there was an additional fee on one of the payments that I wasn't warned about before.,card_payment_fee_charged
What are the exchange rates you assign?,exchange_rate
I topped off my card is that something you will charge me for?,top_up_by_card_charge
what amount of time does it take for a transfer to reflect and be available,balance_not_updated_after_bank_transfer
My PIN is not working and I need assistance.,pin_blocked
I need assistance with understanding which fiat currencies that you support.,fiat_currency_support
I need to verify my source of funds,verify_source_of_funds
There's a direct debit I wish to dispute,direct_debit_payment_not_recognised
I am confused as to why my transfer could still be pending.,pending_transfer
Where can I see where funds came from?,verify_source_of_funds
"This is terrible, i want to delete my account",terminate_account
Where are my funds being sourced from?,verify_source_of_funds
The exchange rate you are using is really bad.This can't be the official interbank exchange rate.,card_payment_wrong_exchange_rate
I didn't get all the cash I requested for at the ATM,wrong_amount_of_cash_received
Do you accept any card and currency?,supported_cards_and_currencies
Why can't I complete my transfer?,failed_transfer
why is my top up failing,top_up_failed
How can I check the source of funds?,verify_source_of_funds
Can you help me with proving my identity?,unable_to_verify_identity
Which part of the app do I order virtual cards from?,getting_virtual_card
Please tell me how to get a physical card.,order_physical_card
"My card got blocked, how do I reset?",pin_blocked
"Hey I double checked that I have the correct account details already, they're right for sure. Transfer is still pending since forever. It's not that difficult to transfer money to another country in 2018 is it?",pending_transfer
Does it cost anything to do currency exchanges?,exchange_charge
If there isn't much money left can it automatically top-up?,automatic_top_up
I did not receive the correct amount of cash.,wrong_amount_of_cash_received
I got some cash in the ATM but its still pending,pending_cash_withdrawal
which identity details are required,why_verify_identity
My card has been lost! help!,lost_or_stolen_card
Where do I go to activate my card?,activate_my_card
I would like a  physical card sent to me.,order_physical_card
"Can I get money in my home currency at some ATM? I'm on holiday and am a bit concerned because I don't have any cash with me, it is possible to withdraw here already without any additional cost?",wrong_exchange_rate_for_cash_withdrawal
"While doing a transfer, it says declined.",declined_transfer
Can you tell me if my top-up has been cancelled?,top_up_reverted
For what reason was my transfer declined?,declined_transfer
"Hi, i was checking my old statements and found a discrepancy with a large amount transaction. I am sure it was not done by me. Please let me know if i could raise a dispute as its very late.",direct_debit_payment_not_recognised
Can you tell me what I need for identity validation?,verify_my_identity
I question today's exchange rate for rubles into pounds. I was hoping for a better return.,card_payment_wrong_exchange_rate
How do I get extra cards?,getting_spare_card
What is your check-cashing policy?,top_up_by_cash_or_cheque
"It seems like I have been waiting forever for this international transfer. Why is it taking so long? C'mon, it's 2018, things happen at a click of a button. All of the account information is correct, so how long will this take?",pending_transfer
"Around one or two weeks ago I purchased something but there's seems to be an issue. I have already received one of the items, but today the money was placed back into my account. What is happening?",reverted_card_payment?
Will you please help me get my card back?,card_swallowed
"I do not like this, I made a simple transfer but I have an additional charge for doing so.",transfer_fee_charged
why did i only get 20.00,wrong_amount_of_cash_received
How long with my cash withdrawal stay pending for?,pending_cash_withdrawal
Something is wrong with my passcode,passcode_forgotten
My phone is not on me.  How can I use the app?,lost_or_stolen_phone
Do I have to go somewhere to activate my card?,activate_my_card
Is it possible to get a card if I'm not in the UK?,country_support
Do I get a real card?,order_physical_card
There is a payment that I made that hasn't gone through yet.,pending_card_payment
Can I top up my account with Google Pay?,apple_pay_or_google_pay
"Hearing back from us regarding your important verification results may take 10 minutes to one hour time.  If verification results do fail, double-check to make sure all of your images are clear --  make sure your photos have no glare or blurring. Note: These photos need to be readable as well.  You also need to be 18 years of age or older.  You must be a resident of Switzerland or the European Economic Area to open a new account.",unable_to_verify_identity
What are the reasons to be charged a fee on card payments?,card_payment_fee_charged
Can you please check the exchange rate when I was getting cash?,wrong_exchange_rate_for_cash_withdrawal
I received the wrong amount of cash back,wrong_amount_of_cash_received
How do I get a visa card?,visa_or_mastercard
"I removed cash from an ATM earlier but it shows up as pending in the app. How can this still be pending, I already received the cash?",pending_cash_withdrawal
I have been trying to make transfers to another account but I keep getting a declined notice. I have checked all of my information more than once and my information is accurate.,declined_transfer
How long are deliveries to the US?,card_delivery_estimate
How can I get another card?,getting_spare_card
Can I get a card in the US?,country_support
I tried doing an in country transfer earlier this week. I thought it would be there by now but I still don't see the money. Can you check the status on my transfer?,transfer_not_received_by_recipient
I think there has been a purchase made that wasn't by me.,card_payment_not_recognised
Can someone assist me with activating my new card?,activate_my_card
Are there any fees associated with receiving money?,top_up_by_bank_transfer_charge
My transfer got declined.,declined_transfer
How come I can't find my payment?,reverted_card_payment?
At which locations can I order a card?,order_physical_card
Why is my exchange rate wrong for an item I bought?,card_payment_wrong_exchange_rate
How much does it cost to top up a US-issued card?,top_up_by_card_charge
Is there anyway to use a cheque to top up?,top_up_by_cash_or_cheque
Why were there additional charges when I transferred funds?,transfer_fee_charged
"If I were to use a European bank card for a top up, will I incur a charge?",top_up_by_card_charge
The  money I transferred does not show in the balance.,balance_not_updated_after_bank_transfer
"please help me with this transfer, for some reason i can't transfer to a cryptocurency account",declined_transfer
What physical locations can I use cash to top up?,top_up_by_cash_or_cheque
I made a deposit and the balance hasn't been updated.,balance_not_updated_after_cheque_or_cash_deposit
How do I change currencies to euros?,fiat_currency_support
How do I initiated a bank transfer to top up?,transfer_into_account
Any extra charges for exchanging currencies?,exchange_charge
Who accepts my card?,card_acceptance
How long is my Europe transfer wait?,transfer_timing
Can I get some help activating my new card?,activate_my_card
I would like to use top-up with my Apple Pay.,apple_pay_or_google_pay
do i have to talk to someone to close an account or can i in the app,terminate_account
I am waiting for a payment to be processed,pending_card_payment
What countries can I use my account in?,country_support
"My card is about to expire, what do I do?",card_about_to_expire
limits on top ups,top_up_limits
I want to inactivate my account.,terminate_account
I keep getting an error message when I'm trying to transfer funds! Why aren't you accepting that?,beneficiary_not_allowed
"I have lost my card, but need to place an online order! How do I get a virtual card instantly?",getting_virtual_card
How long does it take for my payment to process?,pending_card_payment
I would like a virtual card...how do I get one?,getting_virtual_card
Are the delivery days flexible?  My schedule only allows me to be a available on specific dates.,card_delivery_estimate
What type of fiat currencies do you support?,fiat_currency_support
i cannot find my card PIN,get_physical_card
My transfer didn't arrive to the recipient,transfer_not_received_by_recipient
When the time is right will this automatically replenish my balance?,automatic_top_up
My card hasn't arrived.,card_arrival
The ATM at Metro bank on High St. Kensington didn't return my card. What should I do now that the bank is closed?,card_swallowed
My top-up is taking a very long time to complete.,pending_top_up
Is there a daily auto top-up limit?,automatic_top_up
I think my top up was reversed.,top_up_reverted
"I lost my card and need a new one, will it cost me?",getting_spare_card
Do you know what your exchange rates are?,exchange_rate
"If my phone is missing, can I block someone from using the app?",lost_or_stolen_phone
I've been checking my statement to see if I've received a refund I requested from a seller a while ago has arrived. But it has not. This should have come back to me already. Can you help me figure out why it's not here and get my money back?,Refund_not_showing_up
Hello - I'm on the app and trying to purchase crypto. It's not going through. What am I doing wrong?,beneficiary_not_allowed
I would like to change to a different currency.,exchange_via_app
Are there steps to see where my funds come from?,verify_source_of_funds
What's the maximum amount I can top up my card with please?,top_up_limits
Is my card accepted everywhere?,card_acceptance
Is it possible to exchange currencies?,exchange_via_app
"On a card payment, why is there a fee?",card_payment_fee_charged
Looks like my top up failed.,top_up_failed
are there any exchange fees,exchange_charge
Why did I get a fee?,cash_withdrawal_charge
Can you unblock my account?  I entered the PIN wrong.,pin_blocked
How did my top-up fail?,top_up_failed
"I already made a transfer and want to cancel it, how do I do that?",cancel_transfer
There is a strange payment on my statement. What should I do?,card_payment_not_recognised
Could you tell me why my top up isn't showing in my wallet?,topping_up_by_card
My card hasn't arrived in the mail yet. I ordered it two weeks ago. What can I do?,card_arrival
I sent money for my rent to my landlord but she is claiming it hasn't arrived in her account  Can you trace the transfer I made to make sure it arrived so I can provide proof I sent it and that it has been deposited?,transfer_not_received_by_recipient
Top up is not working even though I have my AMEX in apple pay.,apple_pay_or_google_pay
ATM only gave me $20 instead of $100,wrong_amount_of_cash_received
Why did my top up get pulled back out?,top_up_reverted
"left my phone at hotel, cant use app",lost_or_stolen_phone
Can I open an account for a child?,age_limit
Is it possible to get a Visa here?,visa_or_mastercard
how to get card pin?,get_physical_card
I have a cash withdrawal that I don't recognize.,cash_withdrawal_not_recognised
Why was I charged a fee for withdrawing cash?,cash_withdrawal_charge
What is the rate for exchange fees?,exchange_charge
I could not transfer funds to a beneficiary; is there a problem with your software?,beneficiary_not_allowed
How do I report my card lost or stolen?,lost_or_stolen_card
"This morning I wanted to make a withdrawal before work, but my card was declined! Please double check it for me as this is the first time it was declined.",declined_cash_withdrawal
how many transactions can i make with a disposable card,get_disposable_virtual_card
I've made a card payment a couple of days ago now but it looks like the money is stuck. How long does it typically take for the payment to go through?,pending_card_payment
Where are my funds? I topped off my car but it didn't seem to complete.,pending_top_up
How do I transfer cash my into my account?,transfer_into_account
How can i make my card active?,activate_my_card
I'm trying to use my Apple Watch to top up my google pay. Do I need a special app?,apple_pay_or_google_pay
"I'm starting to think my card is lost because it still hasn't arrived, can you help?",card_arrival
Is it possible to change from USD to GBP with your App?,exchange_via_app
How can I get funds into my account from my American Express?,supported_cards_and_currencies
what are you going to use my identification details for?,why_verify_identity
If I make a mistake can I cancel the transaction?,cancel_transfer
"For physical cards, do you charge?",order_physical_card
When I tried to pay in a store my card din't work,declined_card_payment
I deposited a cheque a week ago but have yet to receive the cash.,balance_not_updated_after_cheque_or_cash_deposit
Am I charged more for using the ATM?,cash_withdrawal_charge
"I have not received my card and it's been a week, what do I do?",card_arrival
How much will it be in order to pay with a bank transfer using SEPA?,top_up_by_bank_transfer_charge
I need to order a new card as my old one will expire soon. Can you tell me how to order a new one?,card_about_to_expire
I'm waiting for my transaction to complete.,transfer_not_received_by_recipient
Can you please show me where I can find the location to link my card?,card_linking
"I put money in my account a week ago but its still not there, what is happening?",balance_not_updated_after_cheque_or_cash_deposit
My card is just not working at this time.,virtual_card_not_working
"I attempted to top up using my card, but now the money just disappeared?",topping_up_by_card
I have some transactions on my account I did not make. Can you cancel my card and prevent further use.,compromised_card
I am trying  to  transfer and  it has been  stopped why is  that,beneficiary_not_allowed
Who gets support?,country_support
The ATM keeps declining my card! I tried two different ATMs already can you please check if everything is alright with my account??,declined_cash_withdrawal
My beneficiary didn't receive my transfer,beneficiary_not_allowed
How do I make sure I don't run out of money on my card while traveling?,automatic_top_up
When did you send me my new card?,card_arrival
What will my exchange rate be?,exchange_rate
I cannot get my virtual card to work.,virtual_card_not_working
How do I see my source of funds?,verify_source_of_funds
is there a fee for a transfer? if so how much will it be?,top_up_by_bank_transfer_charge
I can't use the app because I got mugged yesterday and they took everything. I need some help.,lost_or_stolen_phone
My cash in the ATM is still pending,pending_cash_withdrawal
Do you know where my card will be accepted?,card_acceptance
My card is almost going to expire.,card_about_to_expire
I need to dispute a direct debit.,direct_debit_payment_not_recognised
How can I verify my source of funds?,verify_source_of_funds
I can't get my virtual card to work.,virtual_card_not_working
Can I link my card I previously received?,card_linking
Can I top up using my apple watch?,apple_pay_or_google_pay
i have yet to get my pin,get_physical_card
I think my phone is either lost or stolen.,lost_or_stolen_phone
I CAN NOT FIND THE TOP-UP VERIFICATION CODE.,verify_top_up
Does Google Pay offer a top up option?,apple_pay_or_google_pay
I got money overseas and the exchange rate was wrong,wrong_exchange_rate_for_cash_withdrawal
Can you tell me why I was declined from getting cash?,declined_cash_withdrawal
"I recently made a payment, and it is showing up in my account as ""pending"". What does that mean?",pending_card_payment
The balance does not appear to have updated.,balance_not_updated_after_bank_transfer
When I'm traveling is it possible to add money automatically at certain time points?,automatic_top_up
I am yet to receive my pin.,get_physical_card
Seems like my top-up has not gone through,pending_top_up
I don't think I should have been charged a fee to use my card.,card_payment_fee_charged
I need to change my address in the personal details.,edit_personal_details
Which establishments will accept my card?,card_acceptance
"I am having a slight problem with my American express in apple play, can you help me fix the problem with top up?",apple_pay_or_google_pay
Is there a fee for a cash withdrawal?,cash_withdrawal_charge
I checked the exchange rate when I withdrew cash. But the actual rate that you applied was different.,wrong_exchange_rate_for_cash_withdrawal
"How do I know what my account is set to, I am paid in GBP?",receiving_money
I am on vacation in Spain and need to change my pin.,change_pin
what cards and currencies are accepted?,supported_cards_and_currencies
I had the wrong exchange rate applied to some cash I got abroad.,wrong_exchange_rate_for_cash_withdrawal
My card is about to expire. How do I get a new one?,card_about_to_expire
I got the incorrect amount of money given to me from my account,wrong_amount_of_cash_received
"I tired to move my money, but my transfer was declined.",declined_transfer
How do I report a cash withdrawal that wasn't me?,cash_withdrawal_not_recognised
How long do card transactions take to clear?,pending_card_payment
Explain how to verify my identity?,verify_my_identity
My wallet was just stolen and I see my account already has a withdrawal. Can you please help me.,cash_withdrawal_not_recognised
What does the bank charge for lost or stolen card replacements?,order_physical_card
why isnt my cash withdrawal showing,pending_cash_withdrawal
"The ATM will not let me get cash, WHY?",declined_cash_withdrawal
How will I know what the exchange rate is?,exchange_rate
Can you tell me how to change my PIN?,change_pin
"Hi,  Please help me, as i have transferred some amount but receiver did not get the same amount. He received a bit less. Due to this again i need to transfer the difference.   I have transferred money but beneficiary's account is credited with less amount. Now i have transfer the difference of the amount. I think there is some issue, could you please look into this.",transfer_fee_charged
I have to verify my identity. What do I need to do?,verify_my_identity
I can't find my phone.,lost_or_stolen_phone
How do I report possible fraudulent activity on my account?,compromised_card
My account transfer was blocked.,beneficiary_not_allowed
I made a deposit but it is not showing up in my balance.,balance_not_updated_after_cheque_or_cash_deposit
I want a backup second card. Is this possible?,getting_spare_card
"I need to order a new card, can you please direct me to the virtual cards?",getting_virtual_card
I am not able to prove my identity,unable_to_verify_identity
I'm suddenly getting an error while attempting a transfer that it isn't possible. Why? I've done it before.,beneficiary_not_allowed
I can't figure out how to transfer money into my account.,transfer_into_account
"Help! I'm missing money, I deposited a cheque but its not showing on my balance.",balance_not_updated_after_cheque_or_cash_deposit
What happens when I money transaction doesn't show up on the receiving side?,transfer_not_received_by_recipient
Can you freeze my card it was stolen,lost_or_stolen_card
My ATM withdrawal is taking forever,pending_cash_withdrawal
"I'm not sure why my card payment was cancelled, can you find out why?",reverted_card_payment?
What is the maximum for auto top-up?,automatic_top_up
"I didn't mean to do the transfer, is there any way to cancel it?",cancel_transfer
There was an unexpected fee for my cash withdrawal!,cash_withdrawal_charge
What are the top-up limits?,top_up_limits
Why is my refund missing from my  statement?,Refund_not_showing_up
Why does my statement have these extra charges?,extra_charge_on_statement
Are the top-ups limited?,top_up_limits
I made a card payment which is showing me pending.,pending_card_payment
What do I do if I lost my phone?,lost_or_stolen_phone
"Someone withdrew money from my account, and it wasn't me.",cash_withdrawal_not_recognised
I want to link my new card. Can you help?,card_linking
Will I be charged an extra fee if I need to exchange currency?,exchange_charge
How long am I to wait before the transfer gets to my account?,transfer_timing
How much does it cost to do a transfer?,top_up_by_bank_transfer_charge
Why was there a fee for my transfer?,transfer_fee_charged
Is PIN delivered separately?,get_physical_card
There was a direct debit transaction I have don't think should be there.,direct_debit_payment_not_recognised
How can I change my Tholepin ?,change_pin
I have been charged twice this week for a couple of things on my card. Can you please check this out for me and return the double charged items back?,transaction_charged_twice
Why was I charged twice?,transaction_charged_twice
You've incorrectly calculated the exchange rate for my cash withdrawal,wrong_exchange_rate_for_cash_withdrawal
My cash transaction isn't showing on my account,transfer_not_received_by_recipient
I didn't enjoy my tutor session and want a refund back. How do I go about doing this?,request_refund
need to know if there is a maximum i can top up,top_up_limits
I want to change my personal details.,edit_personal_details
I was charged two times for the same thing.,transaction_charged_twice
My refund isn't showing up on my statement.,Refund_not_showing_up
Weird charges are appearing in my debit account.,direct_debit_payment_not_recognised
My card won't let me withdraw money.,declined_cash_withdrawal
How can I get a physical card,order_physical_card
I exchanged Russian rubles for British pounds today and got less than I expected. Was exchange rate correct?,card_payment_wrong_exchange_rate
where can i located the auto top up function?,automatic_top_up
Shopping on line I was declined when trying to buy something.,declined_transfer
pending transaction?,pending_card_payment
Do you have a return policy?,request_refund
The app won't let me transfer money to a beneficiary,beneficiary_not_allowed
What are the countries you have offices in?,country_support
I can't pull my card out of the ATM. Help me.,card_swallowed
I have not seen any changes in my account balance(s) after making a transfer.,pending_transfer
Balance hasn't been updated following a bank transfer,balance_not_updated_after_bank_transfer
"I'm having an issue with transaction. I topped up my account and saw it went through, but that was a few days ago and the money isn't in my account any more. What's up with that?",top_up_reverted
When will my money be in my account?,transfer_timing
Where do I order additional cards?,getting_spare_card
I bought something with my card and I was charged a fee,card_payment_fee_charged
How long does it take for the money to show up in my account?,transfer_timing
Where did my top-up go? I can't find it in my wallet,topping_up_by_card
I was removing a dollar amount from my account and now don't have access to my card.,card_swallowed
I need my card frozen cause it was used without my consent to take money out. It was in an odd place.,cash_withdrawal_not_recognised
I just moved. How do I give you my new address?,edit_personal_details
What kind of currencies can I use to add money?,supported_cards_and_currencies
Can you explain your exchange rate policy? I don't think I received the correct amount of cash in my ATM transaction.,wrong_exchange_rate_for_cash_withdrawal
My card didn't work in one of the shops.,declined_card_payment
what are the locations i can withdraw money,atm_support
There is a direct debit fee in the App that I didn't do.,direct_debit_payment_not_recognised
Did a WD earlier at an ATM.  The amount showing in the App is more than I got though.,wrong_amount_of_cash_received
A payment that I didn't make appears in my app.,card_payment_not_recognised
How do I stop fraud to my card?,compromised_card
My transfer to a beneficiary was rejected.,beneficiary_not_allowed
My payments from my virtual card keep getting rejected.,virtual_card_not_working
Why is top-up verified?,verify_top_up
I want to cancel my account.,terminate_account
How long will this take to get to me?,card_delivery_estimate
I just replaced my phone so do I have to make a new account?,lost_or_stolen_phone
"I would like to make a purchase, however my card has been declined. I would like to ask the reason for this. The past two weeks, the card has been working fine.",reverted_card_payment?
How do I discontinue my account?,terminate_account
What if I don't verify my identity?,why_verify_identity
I made a bank transfer but it doesn't seem to have gone through?,balance_not_updated_after_bank_transfer
Is there a way I can check on the card on route to me?,card_arrival
How can I top up with my apple watch?,apple_pay_or_google_pay
Why did I not get a virtual card yet?,getting_virtual_card
Am I charged a fee to transfer funds?,transfer_fee_charged
Why is there more then one charge on my card I only paid for one not twice how can I fix this?,transaction_charged_twice
Let me know when I get charged extra for payments. I saw on the app a fee I wasn't forewarned about.,card_payment_fee_charged
I can't find my phone and I'm worried someone is going to use it,lost_or_stolen_phone
My card has not come in the mail yet.,card_arrival
Why did my top-up not get approved this time?,top_up_reverted
My card is showing multiple charges for the same items on my recent statement. I was wondering what actions of needed to take to fix this issue,transaction_charged_twice
The ATM wouldn't let me have my money.,declined_cash_withdrawal
"I would like to know why my payment is still pending, can you help?",pending_transfer
I need quickly transfer something from China. About how long will it take?,transfer_timing
Why are there additional fees for transfers?,transfer_fee_charged
Did my refund go through? It's not on my statement.,Refund_not_showing_up
Please tell me why the purchase I made online returned payment. I really wanted this item and I've been trying for 2 weeks.,reverted_card_payment?
I'm not quite understanding why my cash withdrawal is showing as pending.,pending_cash_withdrawal
Why was I charged for card payment?,card_payment_fee_charged
Do I get to have one of those virtual cards I've heard about?,getting_virtual_card
I got less cash at the ATM than I asked for. Why?,wrong_amount_of_cash_received
What is the source of my available funds?,verify_source_of_funds
What are the charges for receiving a SEPA transfer?,top_up_by_bank_transfer_charge
Can I use this app to exchange between dollars and pounds?,exchange_via_app
Why does the top-up need verification?,verify_top_up
"I am trying to make a transfer and am unsuccessful, can you please tell me why?",failed_transfer
Is there a strict timeline regarding disputing transactions made on my account? I just noticed a fraudulent charge on a statement from a couple months ago.,direct_debit_payment_not_recognised
Can my friend send me money?,receiving_money
"I want a disposable virtual card, how do I do that?",get_disposable_virtual_card
how long does delivery take?,card_delivery_estimate
"There is an unexplained $1 charge on my statement, can you please explain this to me?",extra_charge_on_statement
I am getting continuous failure for all my transfers. I have cross checked each recipient detail again and again and everything is correct.,declined_transfer
"I have the funds, why can I not use my top-up?",top_up_failed
Could you please recommend what I should do if my card keeps getting declined?  I planned to top-up today but I am unable to get it to work.  I need a fast solution to this problem.,top_up_failed
How can I hold and exchange fiat currencies?,fiat_currency_support
I should not have been charged a fee for my transfer.,transfer_fee_charged
I accidentally made a payment to a wrong account. What should I do?,cancel_transfer
Can you change my currency to EUR?,fiat_currency_support
I keep checking my statements but nothing shows up.I requested a refund a long time ago but seems like it's not submitting my account for some reason. Can you please help me get the money back from the seller for me,Refund_not_showing_up
Can it add money automatically while travelling,automatic_top_up
Why is there a direct debit set up in my name?,direct_debit_payment_not_recognised
Why am I charged to get money from the ATM?,cash_withdrawal_charge
Can I have it add money automatically in certain intervals?,automatic_top_up
My refund for a purchase hasn't  cone through yet.,Refund_not_showing_up
Please let me know how to place an order for a virtual card,getting_virtual_card
cash from this morning has not deposited,balance_not_updated_after_cheque_or_cash_deposit
Can I set the account to auto top-up?,automatic_top_up
How are top-ups verified?,verify_top_up
Tell me where I can find the auto top up feature and a little bit about it please.,automatic_top_up
Can I change my PIN without going to a bank?,change_pin
What is going on with my cash deposit. I'm looking at my account balance and it is not there. It has been almost a week. Someone better get back to me asap.,balance_not_updated_after_cheque_or_cash_deposit
Why am I being charge a fee when using an ATM?,cash_withdrawal_charge
How can correct Top up with the app to work correctly?,top_up_failed
I dont have identification,unable_to_verify_identity
Where can I find Mastercard ATMs?,atm_support
Why was I charged a fee for my withdrawal?,cash_withdrawal_charge
Where do I find my code to verify my top-up card?,verify_top_up
What are the guidelines for the disposable cards?,disposable_card_limits
Why do you need so much information about my identity?,why_verify_identity
What should I do to top up using my Apple Watch?,apple_pay_or_google_pay
My transfer will not go through.,failed_transfer
What does a 'pending payment' mean?,pending_card_payment
Do I need to order a new card if mine is expiring?,card_about_to_expire
My card was stolen and used to make several purchases. Please freeze my card so no one can use it.,compromised_card
how long should i expect to wait when i add money,pending_top_up
I was double-charged for a transaction,transaction_charged_twice
The app says my transfer failed,failed_transfer
Which countries are represented?,country_support
How come my transfer got declined,declined_transfer
If I exchange currencies on a frequent basis can I receive a discount?,exchange_charge
"I tried topping up using my card, but the money is gone?",topping_up_by_card
I would like to be assisted with the activation of my card.,activate_my_card
Can you please check why I am having this extra fee on my statement.,extra_charge_on_statement
"When I want to transfer money to my account, how can I do that?",transfer_into_account
How many transactions can I do with one disposable card?,disposable_card_limits
Why is my payment in pending status?,pending_card_payment
There was a fee charged when I paid with my card.,card_payment_fee_charged
When will I get my new card?,card_arrival
I don't know the code for the app.,passcode_forgotten
Why was my transaction not approved?,failed_transfer
Why did I need to verfiy my identity?,why_verify_identity
How do I add the card to my account?,card_linking
"I moved, can I edit my personal details?",edit_personal_details
"My phone is lost I don't want someone to use my account, what can I do?",lost_or_stolen_phone
Why isn't my refund on my statement?,Refund_not_showing_up
The cheque I deposited isn't showing in my account,balance_not_updated_after_cheque_or_cash_deposit
"When I travel, can it automatically add money in certain intervals?",automatic_top_up
Show me how to change my pin?,change_pin
I would like to cancel my order.,request_refund
i need help finding the auto top up option.,automatic_top_up
Where do I pay with my card?,card_acceptance
I can't seem to use my card. Can you help?,card_not_working
I made a top up yesterday but it's still pending.,pending_top_up
What do you require to verify someone's identity?,verify_my_identity
Why does my statement show a $1 charge on my account?,extra_charge_on_statement
How can I transfer money from an outside bank?,transfer_into_account
Why is there a fee added to my statement?,extra_charge_on_statement
where do i find out about exchange fees,exchange_charge
Does the auto top-up have any limits?,automatic_top_up
I can't see my refund on my account,Refund_not_showing_up
Where would I find top up by cash deposit?,top_up_by_cash_or_cheque
Why would my transfer be declined?,declined_transfer
How many days to deliver to a US customer?,card_delivery_estimate
My transfer hasn't arrived,transfer_not_received_by_recipient
Is topping up unlimited?,top_up_limits
Is there a charge for top-ups?,top_up_by_card_charge
"I did not get my virtual card yet, Why?",getting_virtual_card
I received a transfer in GBP how do I change it to a different currency?,receiving_money
"My identity isn't being accepted, what should I do?",unable_to_verify_identity
How do I transfer money into my account?,transfer_into_account
still waiting on that card,card_arrival
Can i get a single use virtual card,get_disposable_virtual_card
What steps do I take to unblock my PIN?,pin_blocked
I got a message that my transfer is not possible.  What is happening?  I need this to go through please.,beneficiary_not_allowed
How do I find the verification code for my top-up card?,verify_top_up
How do I update my address?,edit_personal_details
How is the exchange rate calculated?,exchange_rate
Is there a way to lookup where funds came from?,verify_source_of_funds
"My PIN number was incorrect, and I can't access it.",pin_blocked
"I have an account at another bank, but I want to transfer some of the money to my account here.
.",transfer_into_account
How come I didn't get a virtual card yet?,getting_virtual_card
"The expiration date for my card is coming up, how do I get a new card?",card_about_to_expire
I need my card right away.,card_delivery_estimate
There is a payment made with my card that I don't recognize at all.,card_payment_not_recognised
WTF??? I tried to withdraw some money at a Metro bank on High St. Kensington and without any notice it disappeared in the machine. The bank was already closed so I couldn't do anything. How do I get it back?,card_swallowed
I'm trying to purchase a flat but i need my first payment for my mortgage to go through first. I keep getting an error. I'm not sure what is going on but i need help making this transfer.,failed_transfer
Can I deposit a check?,top_up_by_cash_or_cheque
Can I use a Visa or Mastercard?,visa_or_mastercard
Can I top up?,top_up_limits
Is there restrictions on where I can use my card?,card_acceptance
"Hello, i just checked my statement and there seems to be a payment from my card that I have never seen before.",card_payment_not_recognised
"I'm not sure what is going on here. I've received payment back into my account  for an item I've already received, from about 2 weeks ago.",reverted_card_payment?
How can I receive money from someone?,receiving_money
What is the top-ups limit?,top_up_limits
"Hello, I tried to take out some money out of the ATM, but it's still showing that it's pending? I really don't want to be charged for this.",pending_cash_withdrawal
Please send my refund now.,Refund_not_showing_up
"I wanted to buy something online yesterday, but I could not because the card got declined on the day of and the following day. What is wrong with the card?",declined_transfer
Can you tell my why my funds transfer did not work properly?,failed_transfer
The exchange rate for my transaction last Saturday seems to have been wrong I got charged extra.  Please fix.,card_payment_wrong_exchange_rate
I went to use my new card today and the card was repeatedly declined. I would really like to use this card and need to know what to do about it.,declined_card_payment
Where can money withdrawals be made?,atm_support
The rate for a currency exchange was wrong when I bought something.,card_payment_wrong_exchange_rate
How can I transfer money into my account?,transfer_into_account
I can't get money out of the ATM,declined_cash_withdrawal
Why did you guys charge me an extra €1?,extra_charge_on_statement
"My payment has been declined, I thought this issue was fixed!",declined_card_payment
There is a direct debit I do not recognise in my statement,direct_debit_payment_not_recognised
"Do I need to select a preference to receive my salary payments in GBP and, if so, where?",receiving_money
Why won't my top up go through?,top_up_reverted
Why are my transfers and purchases keep getting declined?,declined_transfer
How do I go about activating my new card?,activate_my_card
How do I change my PIN?,change_pin
Can you tell me the status of my new card?,lost_or_stolen_card
How can I update my details since I moved?,edit_personal_details
Where did the  €1 fee in my statement come from,extra_charge_on_statement
"The app isn't letting me log in, but my info is correct.",unable_to_verify_identity
"I made a mistake when sending a payment, sending it to the wrong account number (with a typo) - can you please cancel the transaction?",cancel_transfer
I need a new PIN.,change_pin
"With this app, will I be able to exchange currency?",exchange_via_app
Why did my transfer fail?,failed_transfer
"Why does my transfer say ""pending""?",pending_transfer
What's the exchange fee?,exchange_charge
"Is there a fee for making a payment? If so, let me know why.",card_payment_fee_charged
i tried to withdraw money from an atm and i was declined on front of my friends. Why did this happen?,declined_cash_withdrawal
How would I change my details?,edit_personal_details
Are there directions to get a new passcode if I forgot mine?,passcode_forgotten
Is there a limit to using a disposable virtual card?,disposable_card_limits
How to verify top up card?,verify_top_up
Where can virtual cards be ordered?,getting_virtual_card
I want to activate my new card.,activate_my_card
"I purchased some makeup through a site in China, and I was under the impression that when I make transfers there is no fee.  Why am I seeing this fee now?  I am not happy about this at all.",transfer_fee_charged
"I just took some cash out of a cash machine in Heathrow airport because I wanted to buy some new sunglasses for my holiday but you've added a fee to the withdrawal, what is this?",cash_withdrawal_charge
Is there a location near me that i can change my PIN?,change_pin
"I am having issues using contactless payments, could my card be damaged?",contactless_not_working
Do you charge for sending more cards?,getting_spare_card
How do I validate my identity.,verify_my_identity
I was charged extra. Was the exchange rate for my payment last Saturday wrong?,card_payment_wrong_exchange_rate
What are the uses for disposable cards?,get_disposable_virtual_card
What are the limitations on the disposable cards?,disposable_card_limits
I need some help figuring out what this strange payment is on my account. It's stays pending and won't go away.,extra_charge_on_statement
What are the fiat currencies used?,fiat_currency_support
Why is the pending status on my cash withdrawal taking so long?,pending_cash_withdrawal
"I know there's money in my account, why did my account decline me?",declined_card_payment
Why is it important to verify a top-up card?,verify_top_up
Can friends transfer money to each other?,receiving_money
"When my card expires soon, how fast is the replacement card sent and what are the costs?",card_about_to_expire
When will my top-up be completed?,pending_top_up
What would be a reason my transfer got declined?,declined_transfer
"For the disposable cards, what are the restrictions?",disposable_card_limits
"My card couldn't complete a transfer, why?",failed_transfer
I didn't get the right amount at the ATM.,wrong_amount_of_cash_received
Why would my card payment be reverted?,reverted_card_payment?
How much more do I have to pay to exchange currencies?,exchange_charge
can you top up your account automatically,automatic_top_up
Why am I being asked to verify my identity?,why_verify_identity
Why is there an extra charge for money that was withdrawn?,cash_withdrawal_charge
What is the wait time for delivery to the US?,card_delivery_estimate
I tried to withdraw cash at an ATM in the city center but my card was declined. The transaction is still showing up as pending - please cancel it!,pending_cash_withdrawal
"I want to activate my card, how do I do it?",activate_my_card
Please explain the fee on a transfer I made.,transfer_fee_charged
How much will I pay to exchange foreign currency?,exchange_charge
I must make a transfer from China and it is urgent. How long before the transfer is complete?,transfer_timing
Are there any limits to using disposable virtual cards?,disposable_card_limits
Help! I need to cancel a transaction.,cancel_transfer
Where can I update my pin number?,change_pin
How do I activate my card so I can start using it?,activate_my_card
Someone stole my wallet a couple of hours ago now and they have taken money from my account. Is there any way that you can help so I won't lose any more of my money.,cash_withdrawal_not_recognised
Why am I being charged more on exchange with things I bought abroad?,card_payment_wrong_exchange_rate
Why is a transfer I have still pending?,pending_transfer
My card payment has been stuck on pending. What is the problem? It should have gone through by now.,pending_card_payment
How do I view the card I received in the app?,card_linking
"help, lost my card",lost_or_stolen_card
I would like to apply for a visa card.,visa_or_mastercard
What should I do about a direct debit that I did not set up?,direct_debit_payment_not_recognised
Can I change my details because I moved?,edit_personal_details
Is there a fee for adding funds with a credit card?,top_up_by_card_charge
I am still waiting for a transaction to be completed,transfer_not_received_by_recipient
I requested a refund and it is missing.,Refund_not_showing_up
"My wallet was stolen, along with my cards. How do I put a freeze on my cards and order a new one?",lost_or_stolen_card
"If I receive foreign currencies, am I able to exchange them on the app?",exchange_via_app
Where is the refund on my statement?,Refund_not_showing_up
Can I verify my top-up card?,verify_top_up
How to decide if I get a Visa or Mastercard?,visa_or_mastercard
What do I do now that I can't use this card?,card_not_working
I would rather the Mastercard.,visa_or_mastercard
Are there any restrictions for the disposable cards?,disposable_card_limits
I deposited a cheque and its been days and I still haven't received the cash!!,balance_not_updated_after_cheque_or_cash_deposit
"I had a cheque deposited, but I still haven't seen the cash.",balance_not_updated_after_cheque_or_cash_deposit
"I see a transfer fee, but to my understand, that should have been free, what happened?",transfer_fee_charged
"Hi. A couple hours ago I make a transfer from my UK bank account, but it hasn't shown up. Please, would you see what the delay is?",balance_not_updated_after_bank_transfer
The ATM won't give back my card,card_swallowed
Can I select my card scheme or do you choose it for me?,visa_or_mastercard
"What are my options for topping up, automatic and/or manual?",automatic_top_up
Can I auto top if I'm low on funds?,automatic_top_up
Can I request a card?,order_physical_card
Can you help me track my card?,card_arrival
There is an odd 1£ charge that appears as pending on my statement. What's the reason for that? I haven't purchased anything for a pound.,extra_charge_on_statement
I need some help now please! There are some transactions on my account that I do not remember purchasing. Can they be reversed? Can you please cancel or freeze my card so I don't keep getting charged?!,card_payment_not_recognised
What caused my top-up to be returned?,top_up_reverted
My purchases from this morning are showing up as payment pending. Can you tell me why?,pending_card_payment
How can I get my card out of the stupid ATM that ate it?,card_swallowed
I need to exchange some foreign currency. What's the charge for doing that?,exchange_charge
Can I withdraw money in my hometown currency while on holiday without any additional fees?,wrong_exchange_rate_for_cash_withdrawal
is it free to add money to my card,top_up_by_card_charge
There is a debit transaction on my statement that I did not make,direct_debit_payment_not_recognised
What extra charges are there?,transfer_fee_charged
"Hello, I wanted to get some more information about ATM Withdraw Fee. I have been withdrawing money for years and notice this charge on my account. I always thought it was no fee since its you guys ATM company that I am withdrawing. Can you please explain?",cash_withdrawal_charge
Can I keep using my card after it expires?,card_about_to_expire
Why did I get blocked?,pin_blocked
Why does my transfer keep failing? I've tried 5 times and they all failed.,failed_transfer
"I want to hold and exchange fiat currencies, what can I use to do so?",fiat_currency_support
"I want to add money to my international card, so are there any fees charged to do this?",top_up_by_card_charge
I have paid by my card but payment is still its coming as pending. I think there is some issue please check and let me know when the status will complete.,pending_card_payment
What do I do to link my new card?,card_linking
My card payment did not complete.,declined_card_payment
Hey I thought transfers were free.  Why are you charging me?,transfer_fee_charged
"I would like to get a physical card, but I don't know how. Can you help me?",order_physical_card
The card I have doesn't work.,card_not_working
How does my identity get verified?,verify_my_identity
How many top-ups can I use?,top_up_limits
I would like for someone to tell me which fiat currencies that your company supports.,fiat_currency_support
Can currencies be exchanged on this app?,exchange_via_app
Why has my card payment been reversed?,reverted_card_payment?
Says that my top-up is incomplete?,pending_top_up
Why did my money disappear when I topped up??,top_up_reverted
Is there a way to reset the passcode?,passcode_forgotten
Under what condition will my payment revert?,reverted_card_payment?
Let me know when applying extra charges for payments. I just checked the app and saw a fee that I wasn't warned about.,card_payment_fee_charged
I was charged for a cash withdrawal.,cash_withdrawal_charge
Can you please tell me why I cant get money from the ATM?,declined_cash_withdrawal
transaction failed?,transfer_not_received_by_recipient
Card activation is not working. What do i do?,activate_my_card
I need another card,getting_spare_card
How do I get this damn virtual card to work?,virtual_card_not_working
Why hasn't my transfer gone through,failed_transfer
Why is my withdrawal still pending?,pending_cash_withdrawal
What about a auto top-up?,automatic_top_up
"My transfers keep on getting declined. My card was working fine up until now, however it has suddenly stopped working. Why is this?",declined_transfer
Why is a transaction showing as pending when I recieved cash from an ATM?,pending_cash_withdrawal
Why can't my transfer complete?,failed_transfer
Can I use this app for any currency?,supported_cards_and_currencies
My transaction is still showing that is pending from my cash withdrawal.,pending_cash_withdrawal
"How long do EU transfers take? I bought something online a couple days ago , sent the money immediately online but the seller says it is still not there yet",pending_transfer
Can I top up online?,top_up_by_cash_or_cheque
How much would it cost me if I transfer?,top_up_by_bank_transfer_charge
The cash I asked for still hasn't been received,wrong_amount_of_cash_received
I have cancelled payments to this card.,reverted_card_payment?
"I need to transfer money into my account, how do I go about doing this?",transfer_into_account
What is the process for using my credit card to transfer money?,topping_up_by_card
do the details of my profile have to match my documents,verify_my_identity
Do the disposable cards have restrictions?,disposable_card_limits
There is a suspicious cash withdraw on the account.,cash_withdrawal_not_recognised
I want a virtual card!,getting_virtual_card
Someone stopped my payment,reverted_card_payment?
need to know places i can withdraw money,atm_support
I don't see a money transfer yet,pending_transfer
What type of deposits do you accept into my account?,top_up_by_cash_or_cheque
Can you tell me why my card keeps getting declined every time I try to use it?,declined_card_payment
Earlier today I took money out the ATM. After checking the app the amount is so much higher than the amount I received.,wrong_amount_of_cash_received
Is the cash withdrawal going to show?,pending_cash_withdrawal
How are your exchange rates calculated?,exchange_rate
My card is not working at stores.,declined_card_payment
Why is the exchange rate so exorbitant? This should have been a much higher amount of cash for that to apply.,wrong_exchange_rate_for_cash_withdrawal
Why was I blocked from withdrawing from the ATM?,declined_cash_withdrawal
"This is frustrating, I'm at work and my transfers are not going through. I keep getting an error message, I do not have time for this.",beneficiary_not_allowed
Explain why I can't do a transfer to an account.,beneficiary_not_allowed
I have been overcharged.,transaction_charged_twice
The exchange rate is incorrect on an item I recently purchased in a foreign country.,card_payment_wrong_exchange_rate
how long until a cash withdrawal will show on my account,pending_cash_withdrawal
Is there a specific date it can be delivered by?,card_delivery_estimate
Please provide me with the restrictions of the disposable cards.,disposable_card_limits
Do I get charged if I get money?,top_up_by_bank_transfer_charge
Why was I charged an extra fee when paying with my card?,card_payment_fee_charged
Why am I being charged for withdrawing cash but haven't in the past?,cash_withdrawal_charge
When do I set up my card PIN?,get_physical_card
Why hasn't my balance been updated from the check deposit I made?,balance_not_updated_after_cheque_or_cash_deposit
I tried to make a purchase in the store but my card was declined.,declined_card_payment
Do you allow exchanges of EUR?,fiat_currency_support
Why do you have the identity check,why_verify_identity
Please help me.  I am still waiting on a refund.,Refund_not_showing_up
I'm not happy with service and would like to delete this account.,terminate_account
"If I top up by transfer, am I going to be charged?",top_up_by_bank_transfer_charge
What do I do if my Google pay top up isn't working?,apple_pay_or_google_pay
Where do I need to go to change my PIN?,change_pin
Are there discounts for frequent currency exchanges?,exchange_charge
Do I need to establish I am paid in GBP before a transfer?,receiving_money
What is the function of the disposable cards?,get_disposable_virtual_card
My top-up has been cancelled.,top_up_reverted
"Is there a top-up feature, if there isn't a lot of money left?",automatic_top_up
What countries can I travel to and have access to their currencies?,fiat_currency_support
Is there a reason why my transaction is taking so long?,transfer_not_received_by_recipient
How do you figure out the exchange rate? Can you explain why I got less money than expected?,wrong_exchange_rate_for_cash_withdrawal
How long does it take to get money from Europe?,transfer_timing
I made a mistake with a transaction!,cancel_transfer
The card PIN is not visible anywhere?,get_physical_card
"My new card just arrived, how can I activate it?",activate_my_card
I don't want the transaction to go through now,cancel_transfer
I bought something in another country but the exchange rate is wrong,card_payment_wrong_exchange_rate
"I need to get a card, but I live in the US.",country_support
Am I able to get a second card?,getting_spare_card
How do I reset my passcode?,passcode_forgotten
How many incorrect attempts cause card to be blocked?,pin_blocked
Why is my transfer still pending?,pending_transfer
"I usually don't get charged for transfers, why was I this month?",transfer_fee_charged
My app says I withdraw money from my account from an ATM.,cash_withdrawal_not_recognised
"Since my card is about to expire, I need a new one.",card_about_to_expire
Which forms of currency are accepted?,supported_cards_and_currencies
The ATM didn't give me the full requested amount,wrong_amount_of_cash_received
I think someone has access to my card numbers that shouldn't.,compromised_card
It seems that something went wrong with my exchange. I changed Russian Ruble into UK pounds but have been charged entirely too much!,card_payment_wrong_exchange_rate
"I have received my card, can you help me put it in the app?",card_linking
I would like to know if you use Visa or Mastercard.,visa_or_mastercard
I would like to reactivate a card and wondered if that could be done?,card_linking
"I have made a payment by my card, and its still pending since a long time. Could you please tell me when it will process.",pending_card_payment
Can I add money to top up my account via a bank transfer?,transfer_into_account
Why do you need verification for my identity?,why_verify_identity
"Please, how do I order a card?",order_physical_card
I topped up my card but the app rejected it.,top_up_failed
"i know i entered the right info, but my top up isn't in my balance",topping_up_by_card
Why wouldn't the ATM give me cash?,declined_cash_withdrawal
"I was out today looking forward to pay with my new card, turns out the payment just kept getting declined. This is really sad, what's going on?",declined_card_payment
How can my friend send money to me?,receiving_money
"Someone is using my card to purchase flights to New York it's not me because I'm not going to New York, please can you cancel the card and refund the money?",cash_withdrawal_not_recognised
What's the problem? My card keeps getting declined for top up. I need to know what is going on.,top_up_failed
Is there something wrong with the ATM? It would not let me pull cash out of my account.,declined_cash_withdrawal
I need my card as quick as possible,card_delivery_estimate
How do I select a Mastercard instead of a Visa?,visa_or_mastercard
What currencies do you offer?,fiat_currency_support
How far is the closest ATM from me?,atm_support
How can i get a refund for something i just bought?,request_refund
Where is the PIN number found?,get_physical_card
"I locked myself out of my account, how do I unblock my PIN?",pin_blocked
"I want to get a new card before my current one expires, how much will it cost me and how long will it take to get here.",card_about_to_expire
"Did you lose my money? I had added funds through top-up not long ago and I know they were in my account, but they seem to have disappeared. What happened?",top_up_reverted
How long will it take to get to the US?,card_delivery_estimate
I tried to withdraw 50 pounds but it only gave me 30. Where is the rest of my money?,wrong_amount_of_cash_received
I believe my top up did not work.,top_up_failed
Is there a tracking number for the card you sent me?,card_arrival
"If I want to add funds to the account using American Express, how do I do that?",supported_cards_and_currencies
Someone might have access to my card!  There are some strange payments showing up on my account.  What do I do?,card_payment_not_recognised
why isnt top up working,top_up_failed
"So, I tried topping up my card for the today. Unfortunately, it failed. A couple of days back I used it and it works fine. Can you double check and tell me what's going on?",top_up_failed
I made a payment that got charged twice instead of once.,transaction_charged_twice
Why isn't my card working anymore?,card_not_working
How much does currency exchange cost?,exchange_charge
Is there a reason why there is an extra £1 charge on my account?,extra_charge_on_statement
I would like to reactivate my card that I previously reported lost. I located the card this morning.,card_linking
Using international ATMs messes up the exchange rate.,wrong_exchange_rate_for_cash_withdrawal
Can I use a credit card from the US to top up?,supported_cards_and_currencies
What are the limits for disposable virtual cards?,disposable_card_limits
Can I automatically top-up when traveling?,automatic_top_up
"If I want to top up, can I use Apple Pay?",apple_pay_or_google_pay
I do not have my pin,get_physical_card
I have a payment that I didn't make.,card_payment_not_recognised
How long until my transfer will be available to me,balance_not_updated_after_bank_transfer
"Transfers may show up as pending for up to one business day while they are processed, and then they'll depart for the beneficiary accounts. Please confirm that you have correctly entered your account details. SEPA transfers typically take up to two working days, while SWIFT transfers can take up to five working days.",pending_transfer
The ATM machines keep declining my card and I don't know why. I thought I had money in my account. Why is this happening?,declined_cash_withdrawal
I was recently mugged and would like to know if I have to have access to the app to use your services and how I would go about setting up your services on a new device belonging to a current user?,lost_or_stolen_phone
"In the app, where do I find my card PIN?",get_physical_card
Do you know how I can verify that I did a top-up to my card?,verify_top_up
Can you send me more cards for my account?,getting_spare_card
I need a single use card for shopping online,get_disposable_virtual_card
How can I top up by card?,topping_up_by_card
I had a duplicate card and got charged twice. How do I resolve this?,transaction_charged_twice
can you express my card to me?,card_delivery_estimate
"If my card is about to expire, do I need to order a new one?",card_about_to_expire
I see a direct debit transaction in the app that is not mine,direct_debit_payment_not_recognised
Why did my cash deposit not show up?,balance_not_updated_after_cheque_or_cash_deposit
I have a payment listed as cancelled.,reverted_card_payment?
What can I do if my card details where stolen from my car? I think they used my card to buy gas.,compromised_card
I took out money and there is a fee.  Why?,cash_withdrawal_charge
Is there a discount for frequently exchanging currencies?,exchange_charge
The attempted transfer failed.,failed_transfer
"My transfer failed, why?",failed_transfer
Why am I seeing a transfer fee?,transfer_fee_charged
I've been waiting for a refund where is it?,Refund_not_showing_up
Can I use my card while on vacation overseas?,card_acceptance
Can the card be mailed to Europe?,country_support
Where do i find my PIN?,get_physical_card
The exchange rate was wrong in the foreign country I got cash in.,wrong_exchange_rate_for_cash_withdrawal
I still want to use my account but haven't verified is that OK?,why_verify_identity
Why was a fee changed for my transfer?,transfer_fee_charged
A payment in my account was made by someone I don't know,card_payment_not_recognised
I see a direct debit that isn't mine? How can I get my money back?,direct_debit_payment_not_recognised
Is it a good time to exchange?,exchange_rate
Why was the exchange wrong for the item I purchased?,card_payment_wrong_exchange_rate
My card payment did not work.,declined_card_payment
How long do I have to wait for Europe transfers?,transfer_timing
Could you please help me?  I made my rent payment and have double checked that I sent it to the right account.  The person receiving it says he has not received it but it shows complete on my side.,transfer_not_received_by_recipient
I have a transfer that is pending.,pending_transfer
How can I unlock the pin?,pin_blocked
The app does not know it is me.,unable_to_verify_identity
Help me verify my identity.,unable_to_verify_identity
"I need help to resolve mix up on my card payment. My account shows the money was taken out and then put back in the account. Then I received a message from the seller, It said that they did not get my payment.",reverted_card_payment?
"For adding money, which currencies do you accept?",supported_cards_and_currencies
When I exchanged currencies the value of my money changed.,wrong_exchange_rate_for_cash_withdrawal
What will I need to verify my identity,verify_my_identity
"I draw out money from your ATM during holidays, and was charged insanely. I wouldn't have done it, if i had a little sense about the shocking charges.",wrong_exchange_rate_for_cash_withdrawal
I NEED TO KNOW HOW TO TRANSFER MONEY INTO MY BANK ACCOUNT. PLEASE HELP,transfer_into_account
I think the exchange rate for my for my cash withdrawal is wrong,wrong_exchange_rate_for_cash_withdrawal
how much does it cost to add money,top_up_by_card_charge
There are some strange charges on my card that I didn't make from a few days ago.  Is my card stolen and if so should I cancel it?  Will I get refunded the charges?,card_payment_not_recognised
"Hey I tried to get some money out earlier but the machine didn't work. Now just saw the transaction still seems in progress! Can you please check what's going there, seems something is broken, I don't want to be charged for money that I haven't actually received!",pending_cash_withdrawal
I already got my item but just got my money back,reverted_card_payment?
I bought something online and it says there was a fee to transfer money. Isn't that free?,transfer_fee_charged
A shop I go to didn't let me pay.,declined_card_payment
Which ATMs am I allowed to get money from?,atm_support
How do I link to my credit card with you?,card_linking
Will the system automatically top up itself?,automatic_top_up
What is wrong with the exchange rate? This should have been a much higher amount of cash for that to apply.,wrong_exchange_rate_for_cash_withdrawal
Why do you require so many identity details?,why_verify_identity
Can I get a card that works in other countries like Africa and Indonesia?,country_support
I need to have an item refunded.,request_refund
I would like to know how I can verify my Identity.,verify_my_identity
Do I have to pay for a second card?,getting_spare_card
Someone else used my card!,compromised_card
I believe I got a wrong exchange rate when I got cash.,wrong_exchange_rate_for_cash_withdrawal
Are there any fees if I use a European bank card for a top up?,top_up_by_card_charge
Can you tell me if there are limits to disposable virtual cards?,disposable_card_limits
"Can you help me with my card, I think it's broke.",card_not_working
I'm interested in getting a virtual card.  How do I get one?,getting_virtual_card
Please help me with my card payments which keeps getting reverted whenever i do online shopping. I am having this problem since last two weeks.,reverted_card_payment?
My top-up seems to be pending for a long time?,pending_top_up
How does someone else top up my account,topping_up_by_card
"I received a fee for obtaining cash, is this correct?",cash_withdrawal_charge
Can i have a second physical card for this account?,getting_spare_card
I need to verify my funds.,verify_source_of_funds
I'm in the EU. Can I get one of your cards?,country_support
"Hi, I would like to file a claim for an inquiry. I am a frequent customer of the company in question and have never had any issue with my purchases, payments, or otherwise. However, the price deducted for an item I purchased a couple of weeks ago has been returned to my checking account. Was there an issue with my payment? The item has already been delivered to me.",reverted_card_payment?
What are the restrictions on the virtual cards?,disposable_card_limits
Am I able to get both a Visa and MasterCard from you?,visa_or_mastercard
How old does one have to be to have an account with the bank?,age_limit
Can you tell me the limit for top ups?,top_up_limits
Why wasn't my top-up accepted and where did that money go? At first it said it was confirmed but now I can't find it.,top_up_reverted
What's the problem? I thought you offered crypto top up. This doesn't appear to be working at all. My money has now vanished from my account.,top_up_reverted
"Hello, I made a payment with my card and it's not working. It's been a while and still says its pending. Can you tell when this will go through?",pending_card_payment
Where do I go to cancel a transaction?,cancel_transfer
What are the steps to get my card back that was kept by the ATM?,card_swallowed
What's the fee for exchange of foreign currencies?,exchange_charge
how do you get exchange rates,exchange_rate
Why has my beneficiary been denied?,beneficiary_not_allowed
I need a physical card.,order_physical_card
I wanted to purchase some crypto. The app will not let me. What's going on here? I really want to make this exchange.,beneficiary_not_allowed
I want to revert a transaction I did this morning,cancel_transfer
Why has payment been returned?,reverted_card_payment?
Do you support the EU?,country_support
Someone transferred money to me and it doesn't show,pending_transfer
Please check payments on my card. There is a duplicate and I only bought it once.,transaction_charged_twice
I couldnt get cash in an ATM,declined_cash_withdrawal
Yesterday I topped up my card. Why didn't it complete as it still pending?,pending_top_up
Where can I activate my card?,activate_my_card
You have declined my  payment.,declined_card_payment
"I see my top-up was canceled, but why?",top_up_reverted
What are then rules on beneficiaries?,beneficiary_not_allowed
What do I do if my top-up has not gone through?,pending_top_up
I got my American Express in Apple Bay but top up is not working,apple_pay_or_google_pay
What would the approximate delivery date be if I transferred something urgently to China?,transfer_timing
What do I do to get ahold of my own card?,order_physical_card
I am not able to purchase anything online! I have been using my card on multiple sites over a period of two weeks and none of the payments have gone through. Why is this happening?,reverted_card_payment?
"I was out today looking forward to paying with my new card, but the payment just kept getting declined. This is really sad, what's going on?",declined_card_payment
I would like to retract my purchase.,request_refund
Help! My account doesn't show any funds. Is transferring funds an option I can use?,transfer_into_account
I made a cash deposit and the balance wasn't updated.,balance_not_updated_after_cheque_or_cash_deposit
Why is my withdrawal from the ATM still showing as pending?,pending_cash_withdrawal
"HI,Accordingly you offer crypto top up but it doesn't seem to be working? Money just disappeared from my account.What should be done now?",top_up_reverted
I was charged extra or a hidden fee when I purchased something from you. What's the deal? I didn't authorize that charge.,extra_charge_on_statement
Is there a reason behind why my transfer did not work?,failed_transfer
"What stopped my transfer, from being accepted?",failed_transfer
It appears my top-up has not gone through.,pending_top_up
How do I add my card to the app once I get it?,card_linking
want to know how to get virtual card,getting_virtual_card
"Hi, I'm trying to purchase a flat and I'm needing the first payment for the mortgage to go through on the flat I'm trying to buy. For some reason I keep getting an error.can you assist in making this transfer? What is going on?",failed_transfer
How do I see my card in the app?,card_linking
What should I do if I lost my phone?,lost_or_stolen_phone
I need to know the process to transfer money into my account.,transfer_into_account
I can see an extra 1£ charge on my app. Why did you charge me extra?,extra_charge_on_statement
Why am I being charged for transferring money?,transfer_fee_charged
I was not distributed all of cash that I requested,wrong_amount_of_cash_received
"I see an extra $1  charge on my statement, why is this?",extra_charge_on_statement
Explain why a card payment would be cancelled?,reverted_card_payment?
I am still waiting to find out the status of my refund. I have made previous attempts to find out what the status is to no avail. Will you please look into this for me?,Refund_not_showing_up
I was just needing to know why my card got declined,declined_card_payment
Top up keeps failing,top_up_failed
Tell me how to top up my account using bank transfer.,transfer_into_account
I need to know the time frame that is typical for a transfer from a UK account. I just made a transfer and it doesn't appear. I want to make sure everything is okay.,balance_not_updated_after_bank_transfer
What is the procedure for me to get more cards on my account?,getting_spare_card
How do I verify the source of my funds?,verify_source_of_funds
Why is it necessary to verify the top up?,verify_top_up
Why hasn't my transfer been made?,failed_transfer
"I'm expecting a large refund from a store I returned merchandise to recently.  They say they have sent the money but I don't see it in my account, can you help.",Refund_not_showing_up
Somebody is taking money out of my account without my approval in another town separate from me. Please place a freeze on my account until I can make it to the bank.,cash_withdrawal_not_recognised
From where can I withdraw?,atm_support
Which ATMs accept this card?,atm_support
I've just been married and need to update my name,edit_personal_details
I made a transaction this morning but I need to revert it now.,cancel_transfer
Would I be able to top up as much as I can?,top_up_limits
"Hey, I attempted to top up my card today and for some reason it didn't work. When I did it the other way it worked just fine. Could you help me figure out why this is happening please?",top_up_failed
What is the need to verify my identity?,why_verify_identity
Are there any ATM machines near me?,atm_support
I'd like to know where my funds come from.,verify_source_of_funds
"I just got a new card, and I want to know how to activate.",activate_my_card
Please help me set up a new PIN.,change_pin
Please list what fiat currencies are supported for both holding and exchanging.,fiat_currency_support
how do i get a new card,order_physical_card
I'm wanting to get a Visa card today.,visa_or_mastercard
"I bought something while traveling, and the exchange rate was wrong.",card_payment_wrong_exchange_rate
How do I order another card?,getting_spare_card
My card is lost! What do I do now?,lost_or_stolen_card
I want to return an item for a refund can I do that?,request_refund
I'm being charged for using my card!,card_payment_fee_charged
I checked the app and there is a payment that I don't recognize.,card_payment_not_recognised
Are you able to unblock my pin?,pin_blocked
When does my transfer from the US arrive in my account?,transfer_timing
please help my transfer go through,failed_transfer
I placed a cash deposit in my account but I can't see it yet.,balance_not_updated_after_cheque_or_cash_deposit
Are there restrictions on disposable virtual cards?,disposable_card_limits
I'm seeing a direct debit payment that is not me.,direct_debit_payment_not_recognised
Tell me why my card payment has been declined.,declined_card_payment
"When I got cash, my exchange rate was wrong.",wrong_exchange_rate_for_cash_withdrawal
Can you explain why my payment was charged a fee?,card_payment_fee_charged
Can I transfer money to a beneficiery?,beneficiary_not_allowed
How do i verify my card?,verify_top_up
Is it possible to change my pin if i am out of the country?,change_pin
Can you help me figure out what is going on with a debit payment that is showing up on my account I am not sure is suppose to be there.,direct_debit_payment_not_recognised
I transferred money to my account but it is not showing.,balance_not_updated_after_bank_transfer
"I tried to withdraw $100, all it gave me was $20.",wrong_amount_of_cash_received
How can I edit my personal details in the app?,edit_personal_details
how long til my cash out goes through?,pending_cash_withdrawal
"If my card payment is cancelled, what should I do?",reverted_card_payment?
What currency can I use to pay for a top up?,supported_cards_and_currencies
What can I pay with? Does cash work?,top_up_by_cash_or_cheque
I believed crypto top up with something you offered. This does not seem to be working. The money has been removed from my account though so what's going on?,top_up_reverted
Can I order extra cards?,getting_spare_card
"I am unable to activate my card, it won't let me.",activate_my_card
"lost my phone, dont want others to use it.",lost_or_stolen_phone
I am yet to receive the money in my account how long will this take?,transfer_timing
"My funds are low, can I auto top up?",automatic_top_up
How will I know my pin number?,get_physical_card
Do I need to make a regular payment before a contactless one?,contactless_not_working
There are strange transactions on my account.  What should I do if I think someone stole my details?,compromised_card
I need help with some transactions in my account that I dont recognize or remember purchasing. Im not sure if the name is just different or what. Should my card be put on hold while the issue gets figured out to be safe or is it ok?,card_payment_not_recognised
I don't know where a direct debit payment came from,direct_debit_payment_not_recognised
I wasn't able to withdraw money at an ATM,declined_cash_withdrawal
I did not have the right exchange rate applied to my situation of pulling out cash,wrong_exchange_rate_for_cash_withdrawal
I would like to know why my transfer was declined.,declined_transfer
Why do you need all these details about my identity?,why_verify_identity
I have to make several disposable cards per day.,disposable_card_limits
Anytime I've made an ATM withdrawal before it has always been free. I now say that I have been charged for my most recent ATM withdrawal. What's going on here?,cash_withdrawal_charge
Why does my transfer still say it is pending?,pending_transfer
How do I activate a new card?,activate_my_card
"I thought I can make transfers for free, this is not fair. I bought something online from abroad and there was some weird additional fee that I've never seen before?",transfer_fee_charged
I don't know where this transaction came from?,card_payment_not_recognised
"I'd rather not use my physical card, how can I get a virtual card?",getting_virtual_card
Could you tell me the fiat currencies that you work with?,fiat_currency_support
I went to the Notting Hill ATM to use my card the first time for a cash withdrawal but it didn't work. Does this mean that my card isn't working yet?,declined_cash_withdrawal
Help me create several temp cards every day.,disposable_card_limits
I recently made a transfer but I need to cancel it as soon as possible.  Please let me know when this happens.,cancel_transfer
Tell me what I need to do to activate my card.,activate_my_card
Why has my payment been declined? I paid by card.,declined_card_payment
What do I have to do to activate my card?,activate_my_card
I believe that my transfer hasn't gone through.,failed_transfer
What does it mean if my cash withdrawal is pending?,pending_cash_withdrawal
My top up is not working in Apple Pay.,apple_pay_or_google_pay
What is the limit to top-up?,top_up_limits
unsupported transfer declined,declined_transfer
Will you work with any fiat currencies?,fiat_currency_support
Why does my statement show various transaction times?,transaction_charged_twice
I was issued a new card a week ago but still haven't received it. How long will it be until I receive it?,card_arrival
my check or cash deposit has not shown up,balance_not_updated_after_cheque_or_cash_deposit
I don't know what this Direct Debit payment on my account is for.,direct_debit_payment_not_recognised
Do I need to verify my top-up card?,verify_top_up
How to receive the actual card,order_physical_card
Google play top up help?,apple_pay_or_google_pay
What if I want to add a card I already have to the app?,card_linking
When will my cheque be processed?,balance_not_updated_after_cheque_or_cash_deposit
what do i do if my verification failed,unable_to_verify_identity
I am under the impression that my top up is still pending,pending_top_up
"I have made 5 attempts to make a very standard survey, yet I can't get it to work. What is the problem? Is there an issue related to your system?",failed_transfer
"The transfer keeps failing , I tried to transfer some money to friends this morning but it keeps getting rejected for some reason, Would you please check the issue?",failed_transfer
Is there a limit on how much I can top up?,top_up_limits
Do I have a Visa card as an option?,visa_or_mastercard
Does the fee for exchange change?,card_payment_wrong_exchange_rate
How can I change currency type?,exchange_via_app
"I have been charged to much for the object I bought when abroad, the exchange rate seems to be wrong.",card_payment_wrong_exchange_rate
Is it possible to use Apple Pay to put money in my account?,apple_pay_or_google_pay
I don't understand why there is an extra €1 fee in my statement.,extra_charge_on_statement
I do not recognise this card payment.,card_payment_not_recognised
tell me why I was charged more with my card?,card_payment_fee_charged
app doesnt think its me,unable_to_verify_identity
I would like to better understand why my pass-code is not working.,passcode_forgotten
I want to transfer from accounts in order to Top up. What are the steps necessary.,transfer_into_account
I sent a cheque  a few days ago and nothing has happened to my account yet. Can you please check on this for me?,balance_not_updated_after_cheque_or_cash_deposit
Can you explain why I was charged extra when I used the card?,card_payment_fee_charged
Why did my payment fail?,declined_card_payment
"I need to verify my identity, but how do I do that?",verify_my_identity
My account is depleted. Can I transfer funds from another bank?,transfer_into_account
Can you tell me what is wrong ? I top-up with you all the time but this time it just shows my top-up as pending. What is happening?,pending_top_up
Can third party fees affect a transfer?,top_up_by_bank_transfer_charge
I made a card payment and a fee is showing up?,card_payment_fee_charged
My cards were stolen,lost_or_stolen_phone
When should I expect my card?,card_delivery_estimate
I have money in a foreign account that I want to send to this account.,transfer_into_account
"I've tried many times to make a payment, but it's not going through.  What's wrong?",declined_card_payment
why wouldnt the atm give me money,declined_cash_withdrawal
"Hi, I am unable to use my card in ATM. I had tried my card in two ATMs but both ATMs declined it. Could you please check my account?",declined_cash_withdrawal
A refund is taking too long.,Refund_not_showing_up
I can't get any money from my account.,declined_cash_withdrawal
Can I get a mastercard?,visa_or_mastercard
My cash withdrawal was declined.  Why?,declined_cash_withdrawal
How can I get a refund for a purchase?,request_refund
I only got some of the cash I requested from the ATM,wrong_amount_of_cash_received
"I topped up my account and even though it was confirmed at first, the money isn't there anymore! why did this happen, and where did my money go?",top_up_reverted
How do I make sure my transfer isn't goin to an unsupported merchant?,declined_transfer
"Hearing about your verification results from us may take anywhere from 10 minutes to approximately one hour.  If this verification has in fact, failed, double-check to make sure that your images are clear.  Also make sure that your document photos have no blur or glare. They need to be readable.  You must also be 18 years of age or older and be a resident of Switzerland or the European Economic Area to open an account.",unable_to_verify_identity
What is the way to go about getting a virtual card?,getting_virtual_card
I managed to drunken block my card :(( Help!,pin_blocked
What is the reason for my beneficiary to be disallowed?,beneficiary_not_allowed
My address details have changed and I want to update them,edit_personal_details
Please delete my account. I am not happy with the service from your company.,terminate_account
Why has my top-up not worked?,top_up_failed
I want to find out what happened to my new card?,card_arrival
There is a fee from a transfer that is not supposed to be here!,transfer_fee_charged
Why does my money come from?,verify_source_of_funds
Please help me with the activation of the new card.,activate_my_card
"I was out today looking forward to paying with my brand new card, turns out the payment just kept getting declined. This is pretty sad, what's going on?",declined_card_payment
Why is there a fee on my money transfer?,transfer_fee_charged
I would like to refill my account using SWIFT.,top_up_by_bank_transfer_charge
I found my lost card in my jacket pocket this morning so I'd like to reactivate it please.,card_linking
when will i receive a US transfer,transfer_timing
What are the countries you operate in.,country_support
I think my card was stolen.,lost_or_stolen_card
Can I use the app without my phone?,lost_or_stolen_phone
I made an online purchase and the order has not shown up. Give me my money back.,request_refund
Will you be able to exchange to EUR?,fiat_currency_support
What's the limit to how much I can top up?,top_up_limits
Will my card be accepted all over the world?,card_acceptance
My statement has not shown my refund.,Refund_not_showing_up
There is a payment I don't recognise!,direct_debit_payment_not_recognised
Why was a transfer to an account not allowed?,beneficiary_not_allowed
I'm still waiting on my new card to be delivered!,card_arrival
"I had everything lined up to make a transfer, and then it rejected it.",declined_transfer
Why was I charged an extra fee when using an ATM?,cash_withdrawal_charge
How do I top up my card using your app? I'm new to this.,topping_up_by_card
May I get one of your cards?  I live in the EU.,country_support
Can I add money with Apple Pay?,apple_pay_or_google_pay
"I made a transfer and the receiver said an amount was received, but less than the right amount. I now have to transfer more to get the remainder to the receiver. Can you tell me about this. What's been going on?",transfer_fee_charged
Was my top up reversed?,top_up_reverted
"Hi, i don't know what's going on i've just paid for my top up twice by accident can you help me get a refund please.",top_up_reverted
Can I exchange an item for a refund?,request_refund
Are there limits as to where my card will be accepted?,card_acceptance
I must have entered my PIN wrong.,pin_blocked
What is the reason my payment was not accepted?,declined_card_payment
I checked on google and the exchange rate you are using is really bad. Can you update it?,card_payment_wrong_exchange_rate
Is there an age limit for opening an account?,age_limit
The ATM machine stole my card.,card_swallowed
How can I stop someone from using my card after I lost it yesterday.,lost_or_stolen_phone
Is there an additional charge for topping up using a European card?,top_up_by_card_charge
Is payment required to get a card of my own?,order_physical_card
Is there an age limit?,age_limit
How can I go about getting a disposable virtual card?,get_disposable_virtual_card
I tried to pay with my card and it didn't work,declined_card_payment
my phone is gone,lost_or_stolen_phone
how much will I be charged for making a transfer?,top_up_by_bank_transfer_charge
I am not comfortable verifying my indentity.,why_verify_identity
do i have to setup apple pay to use it,apple_pay_or_google_pay
What currencies can my account be in?,fiat_currency_support
"If I were to transfer, what would the cost be?",top_up_by_bank_transfer_charge
What do I do to stop unauthorized transactions on my card? I was never in the place from which the transactions on my bill were made and I never made them. Please help!,compromised_card
When will my deposit post to my account?,balance_not_updated_after_cheque_or_cash_deposit
What are acceptable documents to prove my identity?,verify_my_identity
Why do you need me to do an identity check?,why_verify_identity
Can I have a Visa card?,visa_or_mastercard
Why is there a pending transaction on my card?,pending_card_payment
I don't know why my credit card was declined while I was trying to top-up. Was it something on my end or was there something wrong with the top-up function?,top_up_failed
"Since my id hasn't been verified, when can I use my account?",why_verify_identity
I see a $1 charge in a transaction.,extra_charge_on_statement
Why do you keep declining my payment?I tried several times with this card and it is just not working.,declined_card_payment
Can you help me get Top Up to work in the Apple Pay function?,apple_pay_or_google_pay
The amount of cash I selected to withdraw is different than what I received.,wrong_amount_of_cash_received
"I live in the US, how long will it take for delivery?",card_delivery_estimate
I am having to wait for my transfer to be fully processed. It seems to be taking a very long time in the pending phase. What is the normal turn around time that I can expect to see it completed?,pending_transfer
I thought it was free to make a withdrawal. So how much does it cost now?,cash_withdrawal_charge
Can I track when my card will be delivered?,card_arrival
Is there a way yo change my PIN?,change_pin
I do not know where the transaction is.,transfer_not_received_by_recipient
I attempted to get cash in the ATM but it was not authorized,declined_cash_withdrawal
I didn't receive the correct amount of cash,wrong_amount_of_cash_received
I would love one of the virtual cards!,getting_virtual_card
There is a fraudulent charge on my statement.,card_payment_not_recognised
Can you help my fix my contactless?,contactless_not_working
Why is a payment showing up on my card as pending?,pending_card_payment
How do I change my AUD into GBP?,exchange_via_app
What are the benefits of a disposable card?,get_disposable_virtual_card
How are cash withdrawals pending?,pending_cash_withdrawal
I made a bank transfer and my account balance did not show it.,balance_not_updated_after_bank_transfer
Why was there a fee when I pulled cash?,cash_withdrawal_charge
how do i cancel my account,terminate_account
Is it possible to top up by card?,topping_up_by_card
What is the highest amount of top ups I'm allowed?,top_up_limits
Will I get a real card?,order_physical_card
I made a payment but the app gave the money back.,reverted_card_payment?
I have been charged an extra pound!,extra_charge_on_statement
Please delete my account.,terminate_account
I'm cancelling this charge. I still have not received what I bought from these people a while ago.,request_refund
"My transfer did not work, what was the reason?",failed_transfer
"Someone stole my account, there's a withdrawal but it wasn't me, can we put a stop to it please?",cash_withdrawal_not_recognised
Is there a way to top up using my Apple Watch?,apple_pay_or_google_pay
What does it mean when it says I have a payment pending?,pending_card_payment
What do I do about a debit on my account that I didn't make?,direct_debit_payment_not_recognised
I think my passcode was changed,passcode_forgotten
"How come my top-up didn't go through instantly, like it usually does?",pending_top_up
Is it possible to top up with cash? If so how do I do it?,top_up_by_cash_or_cheque
Can I use my card anywere?,card_acceptance
Will I be charged for receiving the money?,top_up_by_bank_transfer_charge
I withdrew cash and was charged. Why?,cash_withdrawal_charge
I was only given $20 after trying to withdraw $100,wrong_amount_of_cash_received
top up did not complete,pending_top_up
Why did I get charged a fee when I tried to obtain cash?,cash_withdrawal_charge
Will you accept my other card?,supported_cards_and_currencies
I've just moved and I need to change my details,edit_personal_details
I did a topup successfully but its not showing in balance. I think there is some problem in system.,top_up_reverted
Where is the top-up verification code?,verify_top_up
"Can you help me with a weird charge?  It's a pound charge that never goes away from the statement view on the app I'm using.  It's not described as anything but ""Pending"", and that status has never changed during the last two days.",extra_charge_on_statement
I cant get money out of the ATM with my card.  I just put my card in the ATM but it will not allow me to take any money out.  What do I need to do to fix this?,declined_cash_withdrawal
What currencies can I exchange?,fiat_currency_support
I just made a transfer from France 2 days ago. It has not yet reached my bank. Is it possible it takes longer because it was an international transfer?,balance_not_updated_after_bank_transfer
What is the reason why the transfer shows as pending?,pending_transfer
Will I need to order a new card since mine expires next month?,card_about_to_expire
"I'm trying to verify my top up card, how do I do that?",verify_top_up
The money disappeared after I topped up my account.,topping_up_by_card
Why have I been charged twice for the same transaction?,transaction_charged_twice
"I transferred money to a receiver within the EU and they received a lesser amount than expected.  Now I will have to send additional money to the receiver in order to make up the difference.  I'm not sure what went wrong, can you please advise?",transfer_fee_charged
I tried to get funds in hard cash but it was rejected!,declined_cash_withdrawal
"You can do that in just a few seconds. Go to account, hit activate, and follow the directions from there.",activate_my_card
I haven't yet received money that I transferred,balance_not_updated_after_bank_transfer
Is there a limit to how much I can top-up?,top_up_limits
What is taking so long with my refund?,Refund_not_showing_up
Why didn't my transfer get to the recipient?,transfer_not_received_by_recipient
Why was I charged a fee for using my card,card_payment_fee_charged
It won't let me verify my identity.,unable_to_verify_identity
"My pin needs unblocking, unblock it please?",pin_blocked
What is the reason my transfer was declined?,declined_transfer
My payment was reverted by the app,reverted_card_payment?
Can I get an account for my daughter?,age_limit
How do I add a card to the app?,card_linking
Is it possible to get a physical card?,order_physical_card
"I attempted to top up my car today, it failed! I just got it a couple of days before and it worked then. What is going on with it?",top_up_failed
Please send a new card; the ATM ate mine.,card_swallowed
can the delivery be specific to my needs?,card_delivery_estimate
Can I have more than one disposable card?,disposable_card_limits
There is a Direct Debit that I don't recognize.,direct_debit_payment_not_recognised
How do your exchange rates factor in?,exchange_rate
How long should I wait for the card to arrive?,card_delivery_estimate
Where can I order a card?,order_physical_card
What currencies are available for my use in holding and exchange?,fiat_currency_support
How old do my kids need to be to open an account?,age_limit
I couldn't complete card activation.,activate_my_card
How do I link a new card to an existing one?,card_linking
What's the refund process?,request_refund
"My PIN can't access my card, can you help?.",pin_blocked
How long until my new card gets here?,card_arrival
"Hello, I believe there has been a mistake made on the exchange rate for my card. Could you please check the official interbank exchange rate for me?",card_payment_wrong_exchange_rate
Why doesn't a return show up im my account from a purchase I made?,Refund_not_showing_up
my phone was lost,lost_or_stolen_phone
My card doesn't work when I use it.,card_not_working
I would like a refund on one of your products that has been sold to me,request_refund
How high is the exchange fee?,exchange_charge
I can't see my latest bank transfer,balance_not_updated_after_bank_transfer
The top-up is broken.,pending_top_up
is apple pay a top up service?,apple_pay_or_google_pay
Money transfer help? How long?,transfer_timing
I made a payment that's pending. Will it go through?,pending_card_payment
Transactions on my card look really weird. I've been charged twice for a couple things this week! Please check this and return the double charged ones.,transaction_charged_twice
You accepts my card?,card_acceptance
What do I need to do to activate my card?,activate_my_card
"I've just moved address from a place in Durham to a place in Walton-On-The-Naze.  I have a new landlord at my new house and they haven't got my payment but I know I sent it on time, can you check they got it please?",transfer_not_received_by_recipient
Why has another fee been placed on my statement?,extra_charge_on_statement
I made a money transaction but the recipient can't see it,transfer_not_received_by_recipient
I'd like more information about choosing a Visa or Mastercard.,visa_or_mastercard
I withdrew money but the full amount wasn't dispensed.,wrong_amount_of_cash_received
Do you know if I can use this for my salary?,receiving_money
Do I need any kind of proof for the identity check?,verify_my_identity
why does my statement contain an extra fee?,extra_charge_on_statement
What is the number of transactions I get with a disposable card?,disposable_card_limits
My top-up for Google Pay isn't working,apple_pay_or_google_pay
My phone is not with me at the moment so I will not be able to access the app.,lost_or_stolen_phone
My refund is still pending,Refund_not_showing_up
What are the steps in order to activate my new card?,activate_my_card
How do I know if i need a disposable card?,get_disposable_virtual_card
I made a transfer and the person I transferred the money to didn't receive the right amount? Why did this happen and how do I get the rest of the money to them?,transfer_fee_charged
I think someone stole my card number and brought stuff in different places that I have never been to. I need to suspend any further purchase on my credit card.,compromised_card
There is a 1£ charge that appears as pending on my statement. What is that? I haven't purchased anything for a pound there.,extra_charge_on_statement
"Hey, my card was declined at an ATM in the city centre theatre. My account says the transaction is pending, though. I didn't get the money, though, so what does that mean?",pending_cash_withdrawal
Is my card ready for use or does it need activated and if so how?,activate_my_card
My card is lost! What can I do?,lost_or_stolen_card
"Hello, I am buying a flat and need the inital payment for the mortgage to go through. It keeps showing up as error, what is going on? Can you please help me make this transfer?",failed_transfer
Can I transfer money using a different currency?,receiving_money
What type of ATMs accept this card?,atm_support
Can I choose between Visa and Mastercard?,visa_or_mastercard
Why isn't my refund showing in my statement?,Refund_not_showing_up
How do I receive a card?,order_physical_card
Why is my cash withdrawal still pending?,pending_cash_withdrawal
Why was I charged an extra fee when doing a transfer?,transfer_fee_charged
I went to top up my card and it was cancelled.,top_up_reverted
Can my account be topped up by my friends?,topping_up_by_card
Are top-ups allowed using Apple Pay?,apple_pay_or_google_pay
"Can I add other people to my account, so they can top up?",topping_up_by_card
Help me set up a new PIN?,change_pin
There's a payment in the app that I didn't authorize.,card_payment_not_recognised
how should i add money to my card,top_up_by_card_charge
I thought cash withdrawals didn't have a fee,cash_withdrawal_charge
I am very dissatisfied with the services that you are providing.  I want to cancel my account.,terminate_account
Why hasn't my in country transfer gone through yet? I confirmed the account info a couple days ago but the payment hasn't been posted yet.,transfer_not_received_by_recipient
Could you tell me why my cash withdrawal was declined?,declined_cash_withdrawal
"I got a new card, how do I link it?",card_linking
"If I am in China, can I still order a new card and if so, how?",card_about_to_expire
Can you send me the actual card?,order_physical_card
Assist me please with card activation.,activate_my_card
"When I withdrew my money, why was there an extra charge?",cash_withdrawal_charge
Can you please tell me why I was charged an extra fee on my transfer?,transfer_fee_charged
"I have an unknown debit charge in my statement, why?",direct_debit_payment_not_recognised
"Hello-Can you please help me get a refund from this merchant?  I ordered a product and would like to return it. I have been unsuccessful in getting the merchant to return my request for the past several days.  I understand it can take up to 45 days to process the dispute and issue a refund, however, if this can be expedited faster it would be very helpful to me.",request_refund
Can you tell me why I was charged $1 for a transaction?,extra_charge_on_statement
Can you freeze my account?  I just saw there are transactions on my account that I don't recognize.  How can I fix this?,card_payment_not_recognised
I'd like to use my American Express to place money into my account.,supported_cards_and_currencies
I'd like to delete my account.,terminate_account
Are there any charges for topping up a US-issued card?,top_up_by_card_charge
How can I fund another account with my American Express?,supported_cards_and_currencies
My card won't work.,card_not_working
Why isn't my purchase exchange rate correct?,card_payment_wrong_exchange_rate
Do you have any fees if I want to add money using an international card.,top_up_by_card_charge
Do you guys accept Visa or Mastercard?,visa_or_mastercard
Why am I required to do an identity check?,why_verify_identity
Are there certain ATMs that I can use this card at?,atm_support
"If I need to make an exchange from USD to GBP, how can I do so in the app?",exchange_via_app
Is there a problem with the top up system? My transaction hasn't gone through properly,pending_top_up
"I got a message saying I made a withdrawal from the bank machine, but I did not.",cash_withdrawal_not_recognised
Some cash is showing up in my app that I did not get.,cash_withdrawal_not_recognised
It does not appear that my message went through.,top_up_failed
I couldn't make a transfer,failed_transfer
Since when were there charges for taking out cash from my account? It's always been free for me to do this before.  How much are the charges going to be?,cash_withdrawal_charge
"I deposited cash this morning, but it's not showing up in my account. Can you tell me where's my money?",balance_not_updated_after_cheque_or_cash_deposit
I was charged twice.,transaction_charged_twice
I had transferred some money but the balance hasn't changed.,balance_not_updated_after_bank_transfer
What happened to the transfer I did?,balance_not_updated_after_bank_transfer
A cash withdrawal that I didn't authorize is shown on my account - can you please cancel my card as soon as possible?,cash_withdrawal_not_recognised
I've been trying to do a transfer multiple times and have failed? Is the system down?,failed_transfer
Why do I see an extra fee on my statement?,extra_charge_on_statement
Where on the website do I go to link my card?,card_linking
I tried activation my card and it didn't employment,activate_my_card
How can I exchange currencies with this app?,exchange_via_app
What documents do I need to validate my identity?,verify_my_identity
How can I top up my account with a cheque?,top_up_by_cash_or_cheque
"Hi, I was looking over my card receipts for the past week and I realize I had a charge put through two times for the same single restaurant visit. Can one of the charges be removed so that I can get the money back that was mistakenly taken from my account?",transaction_charged_twice
Where do I scan my card?,card_linking
Please delete this account.,terminate_account
What's your refund policy if I bought an item from you?,request_refund
Where in the app can I find my PIN?,get_physical_card
I did a transfer and was charged a fee that I shouldn't have been!,transfer_fee_charged
My card payment has failed.,declined_card_payment
How soon will my balance be updated to reflect my transfer?,balance_not_updated_after_bank_transfer
Can I only top-up digitally? Or could I use cash?,top_up_by_cash_or_cheque
Help!  I can't find my card.,lost_or_stolen_card
Can I get money in my home currency at an ATM? I'm on vacation and don't have cash with me. This is cause for a bit of concern. Is it possible to withdraw here without additional cost?,wrong_exchange_rate_for_cash_withdrawal
What are the most current exchange rates?,exchange_rate
Why is my last cheque deposit taking so long?,balance_not_updated_after_cheque_or_cash_deposit
Where do i go to receive a virtual card,getting_virtual_card
Will you charge me if I top up by card?,top_up_by_card_charge
Can I auto top up multiple times?,automatic_top_up
It seems that the rate I got is incorrect.,card_payment_wrong_exchange_rate
Why would I be charged a fee for card payment?,card_payment_fee_charged
What do I do if I forgot my PIN?,pin_blocked
Can I use my American Express to add money to my account?,supported_cards_and_currencies
Is it possible for me to top up with a cheque?,top_up_by_cash_or_cheque
My attempted transfer failed.,failed_transfer
Why isn't my card working? I was pumped to use my new card but it keeps getting declined. Help please.,declined_card_payment
I was so embarrassed. Why didn't my payment clear?,declined_card_payment
"I had a duplicate card and bought something and it showed up twice. I canceled my card, how do I get my money back?",transaction_charged_twice
Can I purchase with cash or cheque?,top_up_by_cash_or_cheque
Are my friends able to top up my account?,topping_up_by_card
I made a mistake and need to cancel a transfer.,cancel_transfer
The ATM didn't give me the the withdraw amount requested.,wrong_amount_of_cash_received
what is this extra charge for a withdrawal?,cash_withdrawal_charge
I swear that there are 2 payments on the app that I didn't make.  Could my card me stolen?  Please advise what I should do.,card_payment_not_recognised
how do i add money from my amex card to top up,supported_cards_and_currencies
I would like to know where the funds are at.,verify_source_of_funds
Why do you keep declining my transfers? it's always been working really well so far but when I tried to buy something just now the card got declined . I tried couple of times already  but same thing is happening .,declined_transfer
What does a transfer cost?,top_up_by_bank_transfer_charge
It's only been a few weeks my my top-up got cancelled,top_up_reverted
Do I receive the physical card for free,order_physical_card
"My American Express is in my Apple Pay and the top up is failing, why?",apple_pay_or_google_pay
There is a pending payment on my account that is very strange. I don't remember making this and it won't go away. Can you help me figure this out?,extra_charge_on_statement
My product was faulty.,request_refund
I would like to cancel my purchase.,request_refund
My card is not working.,card_not_working
How long do top-ups take to go through,pending_top_up
Any place that takes Mastercard would be fine.,card_acceptance
What flat currencies do you use for holding and exchanges.,fiat_currency_support
Have you started charging for cash withdrawals? I always thought it was free until I noticed this fee. How much is the fee?,cash_withdrawal_charge
Can you tell me more about limits to disposable virtual cards?,disposable_card_limits
An ATM fee was attached to my recent withdrawal.,cash_withdrawal_charge
I got charged a service fee on my account. Can it be waived since I didn't know about it before?,card_payment_fee_charged
I goofed up and used the wrong account.  Please help.,cancel_transfer
"I have not used my card all day, however, there is an unusual payment showing in my app.  I would like to have that amount reimbursed.",direct_debit_payment_not_recognised
It's been a week and I have done everything that I was asked to do and still nothing. I have contacted the seller and have not gotten a response. Please understand my frustration and put the money back in my account.,Refund_not_showing_up
Why would the app show a withdrawal that I did not make?,cash_withdrawal_not_recognised
I transferred some cash and it didn't arrive,transfer_not_received_by_recipient
Why was I charged more than I should have been?,extra_charge_on_statement
My card has gone missing.,lost_or_stolen_card
Problems with top up,top_up_failed
The currency exchange for my purchase in foreign currency is incorrect.,card_payment_wrong_exchange_rate
The amount of cash I received did not match the amount I requested,wrong_amount_of_cash_received
"
I put the wrong pin too many times and now it is blocked. Can you help me unblock it?",pin_blocked
Please let me know what currency I can use to top up my account?,supported_cards_and_currencies
how much do you charge to accept transfers,top_up_by_bank_transfer_charge
I cannot find my credit card.,lost_or_stolen_card
I made a check deposit but the cash hasn't arrived in my account yet.,balance_not_updated_after_cheque_or_cash_deposit
"I was charge a fee for my transfer, why?",transfer_fee_charged
Will my money be of equal value when I travel abroad?,exchange_rate
I want to know your exchange rates.,exchange_rate
Is top-up possible with Apple Pay?,apple_pay_or_google_pay
"There was money taken out of my account, and I'm pretty sure I didn't do it.",cash_withdrawal_not_recognised
I am experiencing difficulty providing my identity.,unable_to_verify_identity
What are some reasons that would cause ATM machines to decline my card? It has happened to me multiple times!,declined_cash_withdrawal
Why isn't my top up working using my saved American Express in ApplePay?,apple_pay_or_google_pay
So what about the card PIN?,get_physical_card
I payed with the card and there was an extra fee?,card_payment_fee_charged
I didn't get the all the cash i wanted from the atm,wrong_amount_of_cash_received
I'd like more info on getting a virtual card.,getting_virtual_card
"I no longer want this account, what should I do?",terminate_account
What's the cost for exchanges?,exchange_charge
"Hi, I'm trying to transfer money from one country to another, but it's taking a long time! All the account information is right, so why is it taking so long?",pending_transfer
My transfer was not approved,declined_transfer
"I found the card that I thought I lost, and I would like to reactivate it.",card_linking
What fee is included if I top up by card?,top_up_by_card_charge
In the App I see a payment that is not mine.,card_payment_not_recognised
How long to UK transfers usually take? I made a transfer but it didn't pop up in my history yet. I just want to make sure it went through.,balance_not_updated_after_bank_transfer
How do i access the auto top-up option?,automatic_top_up
Can I cancel a transfer,cancel_transfer
When will the cash that I put in the ATM be cleared from pending status?,pending_cash_withdrawal
someone stole my money,direct_debit_payment_not_recognised
"If I only have 1 other US card, can you take it?",supported_cards_and_currencies
I require verification of my source of funds.,verify_source_of_funds
What documentation is needed for the identity check?,verify_my_identity
How do I update my details?,edit_personal_details
Please help me cancel a transaction.,cancel_transfer
Does Google Play have an app to Top up?,apple_pay_or_google_pay
I'm a new customer and tried topping up today for the first time. It's still pending and doesn't seem to be working. I need to get this fixed.,pending_top_up
I did not get the item I ordered.  How should I go about this?  Should I just cancel my order or my payment?  Please help me.,request_refund
Which fiat currencies do you support?,fiat_currency_support
I lost my phone.  What do I do to block someone else from using my account?,lost_or_stolen_phone
Why is the ATM not allowing me to get cash?,declined_cash_withdrawal
Is my PIN located on my account somewhere?,get_physical_card
What proof do you need for my identification?,unable_to_verify_identity
"I requested a refund from a seller a while ago, but when I check my statements it doesn't show up. Can you help me get my refund.",Refund_not_showing_up
What's the most disposable cards I can have?,disposable_card_limits
Can I edit my personal details?,edit_personal_details
What is the process for getting an actual physical card?,order_physical_card
I would like to delete my account. I'm not happy with the service you're providing,terminate_account
My cash withdrawal charged me the wrong exchange rate,wrong_exchange_rate_for_cash_withdrawal
I see an unauthorized withdraw.,cash_withdrawal_not_recognised
My bank transfer is still not showing up in my account.,balance_not_updated_after_bank_transfer
Is the EUR accepted for exchanges?,fiat_currency_support
I'm trying to use a cheque to top up,top_up_by_cash_or_cheque
How long to I have to wait for a transfer to reach my account?,transfer_timing
"There are transactions that I did not make on my account, I think someone has my information.",compromised_card
I tried to transfer but it was declined,declined_transfer
The cash I got at the ATM is still in my account.,pending_cash_withdrawal
How can I use my credit card to transfer money?,topping_up_by_card
What stores will take my credit card as payment?,card_acceptance
I don't understand why I was charged extra for withdrawing money?,cash_withdrawal_charge
How old do you have to be to open an account?,age_limit
"always exchanging currencies, do you offer a discount?",exchange_charge
What different currencies can I get?,exchange_via_app
my pin hasn't arrived in the post! How do I cancel it or get a new one?,get_physical_card
The exchange rate for my payment last Saturday must be wrong because I was charged extra.,card_payment_wrong_exchange_rate
"I am traveling to Germany, Will I be able to use my card there?",card_acceptance
How is my PIN sent?,get_physical_card
Does Apple Watch support the topping-off of my account?,apple_pay_or_google_pay
How many transactions can I do with a disposable card?,disposable_card_limits
Is there a reason my payment is still pending?,pending_card_payment
There is a direct debit charge on my account that I don't recognize.,direct_debit_payment_not_recognised
I would like a refund for something I bought,request_refund
Is it possible to cancel a transaction?,cancel_transfer
Do you have a problem with EUR exchanges?,fiat_currency_support
"When I submit a transfer, it is being declined.  The information I put in has been reviewed.",declined_transfer
My exchange rate was wrong for an Item I bought!,card_payment_wrong_exchange_rate
Can you tell me why my transfer declined?,declined_transfer
I was getting cash and the card got stuck inside,card_swallowed
I'm having trouble proving my identity,unable_to_verify_identity
Would it be possible to open up an account for children?,age_limit
I would like to revert a transaction I did this morning,cancel_transfer
What is the procedure to transfer money to my account?,transfer_into_account
Why did I get declined during a transfer?,declined_transfer
Can I have a mastercard?,visa_or_mastercard
What is the verification process for my card?,verify_top_up
Who can send me money?,receiving_money
Do you have a limit for someone's age?,age_limit
"My friend deposited $100 into my account, but it is not showing up!",balance_not_updated_after_cheque_or_cash_deposit
A transfer to my account was denied.,beneficiary_not_allowed
My top-up was cancelled and I am writing to ask if I need to complete the 3D Secure authentication section before I submit it.,top_up_reverted
Help me order my card.,order_physical_card
Where are you getting your exchange rates from?,exchange_rate
Is it possible to get a card when i'm not in the UK?,country_support
Can I transfer money to my credit card?,topping_up_by_card
"There is an error, the app says I made an ATM withdrawal and I didn't.",cash_withdrawal_not_recognised
What happened to the cash that I tried to deposit into my account? It's gone!,balance_not_updated_after_cheque_or_cash_deposit
When did I get a $1 extra fee on my statement?,extra_charge_on_statement
Is it possible for a friend to personally send me a payment?,receiving_money
"I put some money in my account the other day and it's not gone in yet, can you help with this?",balance_not_updated_after_cheque_or_cash_deposit
"I was checking the app for my account and I noticed there is an authorized charge on it.  I haven't used my card today, so I know I didn't do it.  I would like the transaction reversed and the money replaced.",direct_debit_payment_not_recognised
Why have I been charged an extra £1?,extra_charge_on_statement
I need help changing my last name on my account.,edit_personal_details
I need a Visa and a Mastercard from you.,visa_or_mastercard
I need a transaction reversed from my account.,transaction_charged_twice
I made a purchase with my card and I was charged a fee for using it,card_payment_fee_charged
I got cash and the exchange rate should have been different than it ended up being.,wrong_exchange_rate_for_cash_withdrawal
If I order a card when does it arrive?,card_delivery_estimate
How many tries do I have to enter my pin before I'm blocked?,pin_blocked
What are the disposable cards restrictions?,disposable_card_limits
Will I have to wait much longer for my new card to arrive?,card_arrival
I did a cash deposit to my account but my balance is still the same. What happened?,balance_not_updated_after_cheque_or_cash_deposit
I can get my identification verified.,unable_to_verify_identity
What do I do if my card is not working?,card_not_working
My bank statement doesn't show the cash deposit I made recently.,balance_not_updated_after_cheque_or_cash_deposit
Unable to use my American Express with Apple Pay to top up my account,apple_pay_or_google_pay
can you assist me with the auto top up ?,automatic_top_up
My transfer is stuck pending? How do we fix it to it goes through?,pending_transfer
"I would like a disposable virtual card, could I get one?",get_disposable_virtual_card
There is an important thing from China that I need to transfer. Approximately how long will this take?,transfer_timing
I think my wallet fell out on the Tube today! I realized as soon as I got to my desk. How do I cut off the card?,lost_or_stolen_card
who charged my card,transfer_fee_charged
"My money's disappeared from my account! I topped up the other day and it was there, but now it's not. Help?",top_up_reverted
I want to revert a transaction I did,cancel_transfer
"Transfers can take up to one day to process before departing for the beneficiary accounts. Please confirm that you've entered your account details correctly. SEPA transfers can take up to two working days, while SWIFT transfers can take up to five working days.",pending_transfer
Can I use a check to get gas?,top_up_by_cash_or_cheque
There's a possibility that my card was compromised.,compromised_card
I want to auto top-up.,automatic_top_up
Why is there extra cash in my account?,cash_withdrawal_not_recognised
"I am seeing unathorized transactions in the app, on my account.",cash_withdrawal_not_recognised
How can I find the nearest ATM?,atm_support
"For the identity check, what kind of documents do I need to have?",verify_my_identity
It looks like this week I was double charged for a couple things. Is there any way that you can look into this for me and return the double charged items back to my card?,transaction_charged_twice
Why did I get a fee from the ATM?,cash_withdrawal_charge
I am highly unsatisfied with this company and want to delete my account!,terminate_account
Someone took my card without my permission.,lost_or_stolen_card
Why isn't my id verified?,unable_to_verify_identity
how much for topping up by card?,top_up_by_card_charge
"The ATM would not give me cash,why?",declined_cash_withdrawal
Report stolen card,lost_or_stolen_card
How do I know what the exchange rate will be when I make an exchange.,exchange_rate
I can't use my card for anything,card_not_working
"I was told to verify my identity, how do I do that?",verify_my_identity
I need my card soon.,card_delivery_estimate
The bank machine didn't give my card back how do I get a new one fast?,card_swallowed
How do I deposit through bank transfer?,transfer_into_account
I have a transfer that's pending and wanted to know how long it is going to take to process?,pending_transfer
"There are a few transaction that I don't recognize, I think someone managed to get my card details and use it.
",compromised_card
Account topping up bank transfers to my account assistance please?,transfer_into_account
"Hello, can you please inform me about international transfers? I am expecting a transfer I made from France two days ago and would like to know when it will arrive.",balance_not_updated_after_bank_transfer
My salary is deposited in GBP. Do I need to choose the currency?,receiving_money
how do I link an already existing card?,card_linking
Questionable transactions on my account.,compromised_card
I am required to make several disposable cards every day.,disposable_card_limits
How do I know where the funds come from?,verify_source_of_funds
I was getting some cash out of the ATM but it cancelled on me without warning.,declined_cash_withdrawal
"When my card expires, will I get a new one mailed to me?",card_about_to_expire
What methods can I use to top up my account?,top_up_by_cash_or_cheque
"My mother deposited a cheque into my account last week, why is it still not showing up?",balance_not_updated_after_cheque_or_cash_deposit
how do i get top up with cash deposit,top_up_by_cash_or_cheque
Can my friends send me money?,receiving_money
Who do I make a check out to if I want to top off my account?,top_up_by_cash_or_cheque
How man currencies can I hold?,fiat_currency_support
I can still see money in my account after making a payment,balance_not_updated_after_bank_transfer
I topped up but the app reverted it,top_up_reverted
How can I transfer money to my account?,transfer_into_account
How can I unblock my PIN?,pin_blocked
Why was I denied the option to transfer money to a selected beneficiary?,beneficiary_not_allowed
"My money is gone. I had topped up recently and saw it was there and went through, but now it's disappeared, what is happening?",top_up_reverted
Can I use my American Express card with Apple Pay?,apple_pay_or_google_pay
Am I allowed to transfer money to a beneficiary?,beneficiary_not_allowed
What fees apply when using a card?,card_payment_fee_charged
What does the €1 fee mean?,extra_charge_on_statement
How can I put more money into my account?,top_up_by_cash_or_cheque
I was unable to transfer money to a beneficiary.,beneficiary_not_allowed
What is the process of obtaining a disposable virtual card,get_disposable_virtual_card
I see a charge of 1L I do not recognize on my statement,extra_charge_on_statement
What do I need to see my source of money?,verify_source_of_funds
How can I speed up a transfer?  Mine is pending.,pending_transfer
Is it really necessary to verify my Identity?,why_verify_identity
Can you help me figure out what's happening? I'm trying to transfer money to a friend but it keeps getting returned. I'm not sure what i'm doing wrong.,failed_transfer
What is the normal time to make an international transfer? I made one a few days ago that still hasn't arrived.,balance_not_updated_after_bank_transfer
I couldn't pay with my card,declined_card_payment
How long does it take for a payment to change from pending?,pending_card_payment
I couldn't transfer to an account.,beneficiary_not_allowed
"What do I do with my ""decline"" message on a transfer?",declined_transfer
I can't recall my passcode and need to reset it.,passcode_forgotten
Are there any places that I can't use the disposable cards at?,disposable_card_limits
I want to cancel the transaction I made earlier,cancel_transfer
how long do money transfers take?,transfer_not_received_by_recipient
My credit card was declined for top-up. Can you see if there is enough funds in my account?,top_up_failed
Is there a charge for topping up by transfer?,top_up_by_bank_transfer_charge
When I got cash the exchange rate was wrong,wrong_exchange_rate_for_cash_withdrawal
I paid with my card and I was charged a fee,card_payment_fee_charged
What is the fee to top-up my account,top_up_by_bank_transfer_charge
My refund is missing from my statement.,Refund_not_showing_up
Is it possible for me to get a virtual card?,getting_virtual_card
I can't log in,passcode_forgotten
Why won't my virtual card work?,virtual_card_not_working
Will the card be a Mastercard or a Visa?,visa_or_mastercard
How do I access the option to top up?,automatic_top_up
My salary is received in the form of GBP. Do I need to do anything specific to configure this?,receiving_money
"So, I was just charged for my recent ATM withdrawal and any withdrawal prior to this has been free. What is the issue here?",cash_withdrawal_charge
"I'm waiting for a money transfer to show, still.",pending_transfer
"I believe my money did not go through with my top up, was there a problem on your end?",top_up_reverted
What is this extra fee that I got when I used my card to pay?,card_payment_fee_charged
Why am I unable to transfer money when I was able to before?,beneficiary_not_allowed
I want to delete my account. How do I do this?,terminate_account
It's been a week since you issued me a card and I still didn't get it. Should I keep waiting?,card_arrival
My card payment is pending.,pending_card_payment
I didn't make the direct debit payment on my account.,direct_debit_payment_not_recognised
There are a couple payments with my card shown that I'm not responsible for. What is going on? Maybe someone has access to my account.,card_payment_not_recognised
How many disposable virtual cards can you have?,disposable_card_limits
What do I need to do to get my new card which I have requested 2 weeks ago?,card_arrival
My top up was reverted. Can you help?,top_up_reverted
I have a top up card. Where is the verification code?,verify_top_up
My card is expiring soon.,card_about_to_expire
I am worried that too much time has gone by for a transfer to be completed.,transfer_not_received_by_recipient
Is there a fee for withdrawing cash?,cash_withdrawal_charge
Why won't my card show up on the app?,card_linking
Why did the ATM machine fail to give me a cash withdrawal?,declined_cash_withdrawal
My card was stolen last night.,lost_or_stolen_card
"There is a fee for a transfer, please explain that to me.",transfer_fee_charged
I want to do a cash deposit to top up. How do I do this?,top_up_by_cash_or_cheque
My funds must be verified,verify_source_of_funds
How long will a transfer take from Europe?,transfer_timing
I have not been able to use this card.,card_not_working
Give me a refund now!! I am still waiting.,Refund_not_showing_up
How can I pay for top-ups?,supported_cards_and_currencies
I returned something to a  store but can't see my refund.,Refund_not_showing_up
I want a refund for an item,request_refund
Why is there a charge for $1 on my account?,extra_charge_on_statement
Why haven't I been given a virtual card yet?,getting_virtual_card
Why do you require so many details about my identity?,why_verify_identity
why is the exchange rate for a Foreign ATM different,wrong_exchange_rate_for_cash_withdrawal
I can't find my card and think it may have been stolen.,lost_or_stolen_card
What is the process for unlocking the pin?,pin_blocked
Will there be any charges for money received?,top_up_by_bank_transfer_charge
There's a recent charge on my card that I know I didn't make because I've never seen the name before. Can we investigate this?,card_payment_not_recognised
How much are the rates of exchange?,exchange_rate
How do I change to a different currency?,exchange_via_app
How long do transfers take to go though,balance_not_updated_after_bank_transfer
This card payment isn't is recognition.,card_payment_not_recognised
My identity verification didn't work,unable_to_verify_identity
"Hello. I looked at my account and see that a transaction I tried to do is pending, but I did not complete that transaction. When I was at the ATM, the machine declined my card. Can you make sure that transaction does not go through because I definitely did not receive the money.",pending_cash_withdrawal
What are the steps to activating a new card?,activate_my_card
I recently got charged twice from a restaurant that I was at this week and I would like for one of those payments to be removed from my account.,transaction_charged_twice
What is the identity check for?,why_verify_identity
What credit cards are supported?,supported_cards_and_currencies
i did not get any money but still was charged,wrong_amount_of_cash_received
Why wouldn't my contactless work for the metro?,contactless_not_working
What is the refund procedure?,request_refund
I need to report a stolen card,lost_or_stolen_card
What fiat currencies are used for holdings?,fiat_currency_support
It looks like my top up didn't work.  Why?,top_up_failed
My card failed to work when I was shopping in a store,declined_card_payment
How long does transfers take?,balance_not_updated_after_bank_transfer
i bought the wrong size and would like a refund,request_refund
Why is my virtual card is being declined?,virtual_card_not_working
I would like to know how much I can top-up.,top_up_limits
Explain top-up cancellation,top_up_reverted
How long after a failed topup will funds refurn to account,pending_top_up
Why won't my passcode work?,passcode_forgotten
The transfer I did hasn't arrived,transfer_not_received_by_recipient
How long do money transfers take? My friend really needs the money i sent a couple of hours ago but it's not there yet.,transfer_not_received_by_recipient
The app has rejected my top up.,top_up_failed
"I have been charged a fee, I didn't know about this fee before! When do you charge extra for card payments?",card_payment_fee_charged
"After a transfer, I see an extra fee.  Why?",transfer_fee_charged
I do not have my pin yet,get_physical_card
I have a disposable virtual card. Is there a limit to how many times I can use it?,disposable_card_limits
Where is my top-up generated from?,verify_source_of_funds
Would it be possible to get another card?,getting_spare_card
I need to close my account.  Your company is terrible!,terminate_account
top up not completed,pending_top_up
I was overcharged one extra pound!,extra_charge_on_statement
My new landlord says he hasn't received the rent payment that I transferred a couple days ago. I've already checked the account numbers and they are correct. Can you tell me what's going on with this transaction that the transfer isn't showing up on my landlord's end?,transfer_not_received_by_recipient
Why do you ask for top-up verification?,verify_top_up
I tried to transfer money and it did not work.,failed_transfer
"My top up has been pending for an hour already, and I really need this to go through as soon as possible.  Can you help?",pending_top_up
May I order another card?,getting_spare_card
Why was my ATM withdrawal cancelled?,declined_cash_withdrawal
"If you are waiting for verification, it can take 10 minutes to 60 minutes to get results.You will hear from us once we have it.  Please make sure your images are clear and photos of documents are readable. you have to be at least 18 years old and live withing the Economic Area of Europe or in Switzerland in order to open an account.",unable_to_verify_identity
How long will an urgent transfer from China take?,transfer_timing
how long does it take to reflect in my balance a top up,pending_top_up
There has been a transfer pending in my account and I wanted to know how long it is going to take to go  through.,pending_transfer
What do I do if my card is stolen?,lost_or_stolen_card
I had a dollar charged to my account that's still pending and wanted to know what the charge is for?,extra_charge_on_statement
"My phone was stolen, what can I do?",lost_or_stolen_phone
I no longer have my phone.,lost_or_stolen_phone
How much am I allowed to top-up?,top_up_limits
I used an ATM in a foreign currency but the rate applied is wrong!,wrong_exchange_rate_for_cash_withdrawal
"I withdrew money and got a fee, please explain",cash_withdrawal_charge
i cannot seem to activate card,activate_my_card
Can you tell me whats going on with my card it seems to be not working?,card_not_working
There is  a charge I don't recognize.,card_payment_not_recognised
The app doesn't believe its me.,unable_to_verify_identity
What is the verification code for my top up card?,verify_top_up
"This company is bad, delete my account now.",terminate_account
"Could I reactivate my card please, I couldn't find it but it turns out it was in my jacket pocket.",card_linking
Help my activate my card.,activate_my_card
My money I had was gone and I could not get gas!,topping_up_by_card
Is there any way to Auto top-up?,automatic_top_up
I need to update my info.,edit_personal_details
Why is my contactless not working?,contactless_not_working
Why did I not get all the cash I asked for?,wrong_amount_of_cash_received
Does my account have the option to hold multiple currencies?,fiat_currency_support
How long does it take for pending to go through,pending_transfer
Some of my card payments look different than where I purchased products from. Why is that?,card_payment_not_recognised
Why is it saying I have a pending payment?,pending_card_payment
My transaction has not been received. When are you going to process it?,transfer_not_received_by_recipient
How long does a bank transfer take to show up in available funds?,balance_not_updated_after_bank_transfer
My transfer didn't go through.,failed_transfer
I transferred some funds but I don't see it,balance_not_updated_after_bank_transfer
"My card has an issue, the payment has been deferred.",reverted_card_payment?
How long will it take for my payment to go through?,pending_card_payment
Please explain your exchange rate policy.,exchange_rate
What is the strange cash withdrawal on my statement?,cash_withdrawal_not_recognised
For what reason must I authenticate the top up?,verify_top_up
Why is my refund not visible on my statement?,Refund_not_showing_up
Is there a fee to order a physical card?,order_physical_card
Explain why my top up would be reverted.,top_up_reverted
How long will it take to activate my new card?,activate_my_card
"Hi, I tried to top up my card today and it did not work. I have tried it in the past and it worked just fine but it won't do it anymore. Can you help me out?",top_up_failed
Next time maybe let people know that buying things from another country costs extra. I used my card to purchase an item from another country and I was charged for the item and also an extra fee it looks like. I wasnt aware of this and I think I should get a refund.,transfer_fee_charged
Do you do business in the EU?,country_support
"Give me back my money, I'm not paying the sellers. It has been a long time ago that I made an order and it just isn't coming.",request_refund
"I did a top-up, but I'm not seeing it in my wallet yet.",topping_up_by_card
Why do you require identification documents,why_verify_identity
How can I receive money from my friend?,receiving_money
Where in the app do I go to verify my identity?,verify_my_identity
Is there a fee for topping off by transfer?,top_up_by_bank_transfer_charge
And do you have virtual cards instead of physical ones?,getting_virtual_card
What are the fees for using a European bank card?,top_up_by_card_charge
Can someone assist me with updating my account details with changing my last name?,edit_personal_details
"Hey, I'm buying a flat and I need my mortgage to go though. However, every time I check I get an error message. Is there any way you can help me with this transfer.",failed_transfer
Why are there limits on auto top-up?,automatic_top_up
I was trying to purchase some crypto and the app won't allow me to do it. What's the deal with this? I really wanted to complete the exchange.,beneficiary_not_allowed
I got cash abroad and need to check the exchange rate,wrong_exchange_rate_for_cash_withdrawal
why was my payment reverted on the app,reverted_card_payment?
The machine gave me the wrong amount of cash.,wrong_amount_of_cash_received
Why didn't the ATM give me my money?,declined_cash_withdrawal
I'm in China and need a new card. Please help.,card_about_to_expire
"I asked for a certain amount of money from the ATM, but it gave me a different amount. Less than what I asked for.",wrong_amount_of_cash_received
What are disposable cards?,get_disposable_virtual_card
I'm not recognizing the card payment.,card_payment_not_recognised
hello I have lost my phone and I'm worried someone's going to steal money from me,lost_or_stolen_phone
My card stopped working after multiple transactions. Why?,card_not_working
My friend would like to send me money. What are the options available to them?,receiving_money
I hate this company! Can you delete my account?,terminate_account
My ATM got stuck and I'm not sure what to do.,card_swallowed
A transfer was not allowed to an account.,beneficiary_not_allowed
"I tried using a check to update my balance, but it isn't work? Is something wrong?",balance_not_updated_after_cheque_or_cash_deposit
Why did a transfer get declined?,declined_transfer
I don't remember my password,passcode_forgotten
How do you get a virtual card?,getting_virtual_card
"I heard you have an auto-top up option, where do I find that?",automatic_top_up
Where can I find how to change my name?,edit_personal_details
Can I use my card for online payments?,card_acceptance
Why does it say my transfer failed?,failed_transfer
I need to change my data.,edit_personal_details
I need assistance activating my card?,activate_my_card
"A few weeks ago, a strange transaction was made on my account by a seller I don't know. I am quite sure I didn't do it and will like for you to check it for me.",direct_debit_payment_not_recognised
What steps do I have to take to activate my card?,activate_my_card
What are the current exchange rates?,exchange_rate
"I bought something in another currency, but the exchange rate was incorrect.",card_payment_wrong_exchange_rate
My card is about to expire. What do I need to do to keep using my card?,card_about_to_expire
Why can't I use my virtual card for subscription services?,virtual_card_not_working
What do I need to do to correct this failed transfer?,failed_transfer
My card got lost.,lost_or_stolen_card
"For you, how long do transfers normally take from a UK account? I completed one just now but nothing appears. I just need to be sure everything is okay.",balance_not_updated_after_bank_transfer
I want to return an item.,request_refund
my top up isnt there yet where do i find it,topping_up_by_card
Can I activate a card in the app?,card_linking
can i get a virtual card online,get_disposable_virtual_card
Why did you charge me extra when I withdrew cash?,cash_withdrawal_charge
I have trouble proving my identity.,unable_to_verify_identity
What is the age to open an account?,age_limit
There was an error in exchange rate for my cash withdrawal,wrong_exchange_rate_for_cash_withdrawal
"After I got my cash, I found out my exchange rate was wrong.",wrong_exchange_rate_for_cash_withdrawal
"For some reason, the money I added was returned.",top_up_reverted
What does a disposable virtual card do?,get_disposable_virtual_card
How do I link a card that I already have?,card_linking
How do I transfer money using a credit card?,topping_up_by_card
How can I activate the new card i got?,activate_my_card
Why is the exchange rate for my payment incorrect?,card_payment_wrong_exchange_rate
I am waiting on the refund,Refund_not_showing_up
I want a refund for my purchase,request_refund
"I made a mistake when making my last transfer, please cancel before it goes thru.",cancel_transfer
Can I pick a new PIN?,change_pin
My account says I have a pending transfer.,pending_transfer
I don't have my card after 1 week. What are my next steps?,card_arrival
Where is the cash deposit I made?,balance_not_updated_after_cheque_or_cash_deposit
Why is there a payment I didn't do in my app?,card_payment_not_recognised
Is ordering a new card from China available?,card_about_to_expire
Duplicate transactions appear on my account,transaction_charged_twice
Why was my transfer stopped ?,beneficiary_not_allowed
"I would like to delete my account now, please.",terminate_account
I am unable to use my card.,card_not_working
My statement does not reflect that a refund has been issued,Refund_not_showing_up
Where am I able to get my PIN unblocked?,pin_blocked
Why was the price higher when I paid with my card?,card_payment_fee_charged
Is there an extra charge to exchange different currencies?,exchange_charge
How many different currencies can I have my money in?,fiat_currency_support
What do I have to do to get my virtual card?,getting_virtual_card
can I top up an apple pay?,apple_pay_or_google_pay
What exchange rate do you use?,exchange_rate
Is it possible to access my phone from the hotel/,lost_or_stolen_phone
My top is still pending.,pending_top_up
Please inform me how to get a new card as mine is about to expire.,card_about_to_expire
Why can't a beneficiary receive a money transfer from me?,beneficiary_not_allowed
I prefer mastercard.,visa_or_mastercard
I forgot my passcode. Now what?,passcode_forgotten
"When using a US card, what is the cost for a top up/off?",top_up_by_card_charge
"i have used my card online before and wasn't charged, why am i charged now",card_payment_fee_charged
How do I get my card out of the ATM?,card_swallowed
Hello I made a bank transfer couple hours ago from my UK account but it doesn't show up yet. Can you please check if everything is alright with it?,balance_not_updated_after_bank_transfer
Google Pay won't let me top up.,apple_pay_or_google_pay
I'm not sure why my card didn't work,declined_card_payment
Where can I exchange my money for EUR?,fiat_currency_support
My card arrived but I don't know how to get my PIN.,get_physical_card
Which credit card top-ups do you accept?,supported_cards_and_currencies
How long do I need to wait til my top up isn't pending?,pending_top_up
Does it cost anything for exchanges?,exchange_charge
Am I allowed to get an account for my daughter?,age_limit
My money is nowhere to be found? I talked up earlier and seen it. Now it has vanished. What is going on?,top_up_reverted
What forms of ID work for verification?,verify_my_identity
Why was I charged $1 in a transaction?,extra_charge_on_statement
Will my employer be able to pay me with this service,receiving_money
"Heyy I tried to top up with my card today but it failed! I just got the couple days before but it has worked last time. What's going on, can you double check please?",top_up_failed
How to receive transfers from my employer when I get paid in GBP?,receiving_money
My phone has been stolen.,lost_or_stolen_phone
when does the rate get determined,exchange_rate
I was supposed to get a refund but I do not see it.,Refund_not_showing_up
Why is the exchange rate so high? This should have been a much higher amount of cash for that to apply.,wrong_exchange_rate_for_cash_withdrawal
I made a payment that seems to be stuck. It's been a couple of days already. Can you tell me how long it will take?,pending_card_payment
Is there any fees for top ups?,top_up_by_card_charge
Why is my card payment pending?,pending_card_payment
My card stopped working when I use it,card_not_working
Do you let me choose between Visa and Mastercard?,visa_or_mastercard
Do i have to verify who I am?,why_verify_identity
I received a fee I should not have.,card_payment_fee_charged
Can I top up my balance with a cheque?,top_up_by_cash_or_cheque
I need to check status as my friend hasn't got money I sent.,transfer_not_received_by_recipient
"i needed money for a night out with the girls but i was declined, why?",declined_cash_withdrawal
Are there any restrictions on where I use this card?,card_acceptance
What would cause a transfer failure?,failed_transfer
When my card expires what happens to my account?,card_about_to_expire
Where can I find the card PIN?,get_physical_card
The app made a mistake and said I made a cash withdrawal.,cash_withdrawal_not_recognised
Explain the activation method for this card,activate_my_card
Do I need to replace my card if it didn't work when I tried to pay contactless at the shop today?,contactless_not_working
Can I make multiple online transactions with my virtual card?,virtual_card_not_working
How do I to up by card?,topping_up_by_card
The ATM keeps declining my Transaction . I tried two different ATMs already Would you please check if everything is okay with my account?,declined_cash_withdrawal
Whats types of currency can I exchange?,exchange_via_app
I bought something and I take issue with the exchange rate applied.,card_payment_wrong_exchange_rate
Would I be able to get an account for my child?,age_limit
"i didnt make these transactions, i think my card details might be stolen",compromised_card
Is there places where I can't withdraw money?,atm_support
I tried paying with my disposable virtual card earlier but it was rejected. What can I do to fix this?,virtual_card_not_working
Why does a top- up need to be verify?,verify_top_up
Where did my money come from?,verify_source_of_funds
I want to make an online purchase but I don't want to use my credit card. Can you tell me how a disposable virtual card works and where I can apply for one?,get_disposable_virtual_card
Why is my card payment still listed as pending?,pending_card_payment
You operate in which countries?,country_support
My identity is unable to be verified.,unable_to_verify_identity
Can I change my card PIN?,change_pin
I tried to buy something over the Internet yesterday and got a declined error. I tried again today and got the same message. What is the issue?,declined_transfer
Can you please help me with this exchange?  I am trying to get crypto and the app won't let me.,beneficiary_not_allowed
I think that the exchange rate was wrong for the payment made last Saturday - I was charged extra.,card_payment_wrong_exchange_rate
I am not able to use the app since I forgot my phone at the hotel I was staying at.,lost_or_stolen_phone
Transferring money in 2018 to another country shouldn't take this long. My transfer has been pending for too long. I verified my account details are correct.,pending_transfer
Please can i get a disposable virtual card as well?,get_disposable_virtual_card
When will the money be made available in my account?,transfer_timing
Can you deliver the PIN separately?,get_physical_card
My card is being declined online. Could you tell me what might be broken or wrong with the account?,declined_transfer
How long does a payment usually show as pending? Is it normal that mine is still pending?,pending_card_payment
My card payments have stopped.,reverted_card_payment?
I bought something but now I would like a refund. How do I do that?,request_refund
"My phone was taken yesterday, is there something that I need to do?",lost_or_stolen_phone
Can I have a spare card for this account please?,getting_spare_card
I accidentally put in the wrong pin too many times and now I need to unblock it. Can you assist with this?,pin_blocked
I have transferred some money but the balance hasn't changed,balance_not_updated_after_bank_transfer
A refund for a recent return has not arrived on my card.,Refund_not_showing_up
What is the maximum number of transactions that I can put on a disposable card?,disposable_card_limits
Where's my top up code?,verify_top_up
Where do I find our how to get a physical card?,order_physical_card
"My top-up hasn't gone through, what happened?",top_up_failed
Is there a limit to how many transactions I can make on one disposable card?,disposable_card_limits
I did a transfer.  What is the extra fee?,transfer_fee_charged
So I just went to the ATM to get some cash.  I input that I needed 100 pounds but I only got 80.  I have the receipt  and I am in need of the extra money.  How do I go about obtaining the missing amount?,wrong_amount_of_cash_received
is it possible to cancel transactions?,cancel_transfer
I like to Mastercard rather than Visa.,visa_or_mastercard
Where do you deliver cards to?,order_physical_card
My card is stuck in the ATM?,card_swallowed
My Apple Pay top up with my American Express card is not working? Please tell me why,apple_pay_or_google_pay
Is there a limit for top ups?,top_up_limits
Can I have more than 2 disposable cards?,disposable_card_limits
Can I trace where my funds came from?,verify_source_of_funds
"If my top-up didn't transfer, what went wrong?",top_up_reverted
A couple weeks ago there was a debit taken from my account from a transaction I don't recall. Is it possible to trace this transaction to make sure I'm not being scammed?,direct_debit_payment_not_recognised
A payment I didn't do shows in my app,card_payment_not_recognised
Whats the maximum disposable virtual cards?,disposable_card_limits
How can I check how much free spending I have left? I have some big purchases coming up and want to know where I can look for any info.,card_payment_fee_charged
There is a  €1 fee on my account I didn't authorize,extra_charge_on_statement
How would I top up with a cheque?,top_up_by_cash_or_cheque
"I tempted to get some money out of the machine earlier and it did not work.Looking now, the transaction actually shows to still be in progress. I would certainly appreciate someone look into this and let me know what's going on. I definitely do not want to be charged for money I never received.",pending_cash_withdrawal
Is there any limit to the amount I can add to a card at a time?,top_up_limits
How come I was charged extra when I withdrew cash?,cash_withdrawal_charge
The card payment I made didn't work.,declined_card_payment
Where do I get a disposable virtual card?,get_disposable_virtual_card
What are the restrictions of the disposable cards?,disposable_card_limits
How long is the wait for my card?,card_delivery_estimate
Can I get a Visa or does it have to be something else.,visa_or_mastercard
Can you please refund my item?,request_refund
What do I need to do to verify the source of my funds?,verify_source_of_funds
Payments from my disposable virtual card don't work,virtual_card_not_working
What do I do if I completed a money transfer but the recipient hasn't received it?,transfer_not_received_by_recipient
What'll it charge me for a SEPA transfer?,top_up_by_bank_transfer_charge
I do I top up from my Apple Watch?,apple_pay_or_google_pay
Can I obtained a Visa Card,visa_or_mastercard
"I have done a transfer within the country the day before yesterday, but it's still not there yet. Can you please check what's going on with that, the account number definitely is the right one, I've checked that several times already.",transfer_not_received_by_recipient
"I need to change my name, since i just got married",edit_personal_details
Will I get a curreng foreign exchange rate?,exchange_rate
How much is the limit for top-ups?,top_up_limits
Are their fee's for top ups?,top_up_by_card_charge
"My son has just turned 13, is he old enough for an account?",age_limit
"There's an extra fee on my statement, why is that?",extra_charge_on_statement
I would like to receive my salary in a different currency. How does that work?,receiving_money
I only got $20 of the $100 that I attempted to withdraw.,wrong_amount_of_cash_received
Can you let me know if Visa is among the card scheme assignments?,visa_or_mastercard
Can money be exchanged from one currency to another?,exchange_via_app
What are the countries you support.,country_support
I need Australian dollars instead of UK currency.,exchange_via_app
Is there a maximum i can top up?,top_up_limits
Why am i to verify the top-ups?,verify_top_up
Can I request a refund,request_refund
"I tried to top up, but the funds show up as pending. I thought it was instant?",pending_top_up
I need to cancel a purchase that I made the other day.,request_refund
Should i reinstall the payment app?,contactless_not_working
Can you tell me the countries you provide support for.,country_support
At what cash machines can I change my PIN?,change_pin
Some idiot stole my card.,lost_or_stolen_card
"my balance has not changed, despite depositing a cheque",balance_not_updated_after_cheque_or_cash_deposit
My balance doesn't include my latest transfer,balance_not_updated_after_bank_transfer
"On my disposable card, is there a transaction limit?",disposable_card_limits
i have been trying to top up my account with a check but it won't work,top_up_by_cash_or_cheque
Can I top-up my card using a bank transfer.,transfer_into_account
Do you accept US credit cards?,supported_cards_and_currencies
I was mistakenly charged a fee for using my card.,card_payment_fee_charged
Why am I unable to verify my id?,unable_to_verify_identity
The exchange rate that was applied for an international purchase was wrong.,card_payment_wrong_exchange_rate
I need to cancel my recent transfer as soon as possible. I made an error there. Please help before it goes through.,cancel_transfer
why do you verify the top up,verify_top_up
Is Visa or Mastercard available?,visa_or_mastercard
My wallet doesn't show my recent top up.,topping_up_by_card
How are you determining your exchange rates?,exchange_rate
"Hey, I tried to withdraw some cash earlier and it's saying it's pending? Will I be charged for this?",pending_cash_withdrawal
I need help resetting my passcode to access my app.,passcode_forgotten
Yikes!  I didn't get the amount of money that I requested.  What do I do now?,wrong_amount_of_cash_received
Something is wrong with my payment account since it has been declined,declined_card_payment
Is auto top up a provided service?,automatic_top_up
Is there a reason why top-up needs verifying?,verify_top_up
I'm getting an error when trying to make a payment. I want to purchase a flat but my mortgage payment needs to go through. Can you help me?,failed_transfer
I just bought an item and would like to stop payment can you tell me if the item has been sent yet?,request_refund
The exchange rate on my purchase is wrong.,card_payment_wrong_exchange_rate
I made a cash deposit going to my account but it is not there,balance_not_updated_after_cheque_or_cash_deposit
Why is my card payment still a pending transaction?,pending_card_payment
I am very upset that i went to use my new card today and it kept getting declined. Why is this happening and what do I do to not have it declined?,declined_card_payment
This is the first time I've tried to get my money out of an ATM and it didn't work. Please give me my money,declined_cash_withdrawal
I am angry that I got charged for using my card.,card_payment_fee_charged
My transfer is pending too long.,balance_not_updated_after_bank_transfer
I need to track the card sent to me.,card_arrival
My passcode was denied.,passcode_forgotten
Is it possible to make several disposable cards in a day?,disposable_card_limits
Should I just wait until the post office sends a change of address form?,edit_personal_details
I need to cancel a transaction.,cancel_transfer
Can I top up my account with a cheque?,top_up_by_cash_or_cheque
Is there a problem that makes my payments show pending?,pending_card_payment
I would like to transfer money into my account.,transfer_into_account
Fix my top up,top_up_failed
What do I do about my expired card?,card_about_to_expire
How can I reset my passcode?,passcode_forgotten
card is being used by someone else,compromised_card
i was charged when i used a us issued card. why and what cards are free to use to add money,top_up_by_card_charge
I need to see where my money came from.,verify_source_of_funds
I am trying to complete a transfer but I keep getting an error message.,beneficiary_not_allowed
What does it mean by pending payment?,pending_card_payment
What do I do if my disposable virtual card doesn't work?,virtual_card_not_working
Has my top up gone through?,pending_top_up
"Since my card is about to expire, what do I do to get a new one?",card_about_to_expire
How do I get my card?,order_physical_card
How do I know where my money comes from?,verify_source_of_funds
Is my country's currency supported by your system?,fiat_currency_support
I was charged a fee for withdrawing cash.,cash_withdrawal_charge
I noticed an extra charge on the purchase that I made last Saturday on my account. Can you see if I received the correct exchange rate?,card_payment_wrong_exchange_rate
The exchange rate for me was wrong when I was abroad.,wrong_exchange_rate_for_cash_withdrawal
Can my 19 year old daughter open a savings account at the bank?,age_limit
My card got stuck in an ATM.,card_swallowed
I thought transfers were free of charge.  I bought something abroad and got charged a ridiculous fee. How do I get this problem fixed.,transfer_fee_charged
What is the meaning of a pending payment?,pending_card_payment
Where is my card PIN?,get_physical_card
Do you have a list of businesses that accept this card?,card_acceptance
Is it possible to transfer money to my credit card?,topping_up_by_card
It seems my top up is reverted?,top_up_reverted
Is there a verification code for top-ups?,verify_top_up
How do I go about verifying the top-up card?,verify_top_up
Why has transferring money resulted in a charge?,transfer_fee_charged
"My card is stuck inside the ATM, what am I supposed to do?",card_swallowed
What are the places that you deliver cards to?,order_physical_card
Do you happen to do exchanges of EUR?,fiat_currency_support
Why was my top-up declined?,top_up_reverted
Is it possible to order a card?,order_physical_card
Payment did not process,beneficiary_not_allowed
What is the function of the identity check,why_verify_identity
My bill shows the same charge more than once,transaction_charged_twice
I would like to get an account for my child.,age_limit
I need to know what's going on. I was under the impression you offered cryto top up which doesn't seem to be working and money has just vanished from my account.,top_up_reverted
I want to top my account by using a bank transfer. How would that work?,transfer_into_account
I didn't receive my money earlier and it says the transaction is still in progress. Can you fix it?,pending_cash_withdrawal
Why did my payment not go through why did it cancel?,reverted_card_payment?
I had to pay money for paying with my card.,card_payment_fee_charged
How long do transfer pend for?,pending_transfer
What is the charge for exchanging currency?,exchange_charge
I topped up but my money is not showing. Why is that?,top_up_reverted
I'd like to order another card,getting_spare_card
What do I have to do to get the contactless to work?,contactless_not_working
I am on vacation in Spain and think someone saw my pin when… Can I change it at a local ATM?,change_pin
Should I be seeing a fee applied for my money transfer?,transfer_fee_charged
Does the card you sent have a way to track to it?,card_arrival
I would appreciate it if I could get an item refunded,request_refund
I made a deposit this morning but it is still pending?,balance_not_updated_after_cheque_or_cash_deposit
Just received a message that my transfer is not possible??  What is going on.  I have done this before with no issues.,beneficiary_not_allowed
How do I set-up my PIN for the new card?,get_physical_card
Why could my transfer have been declined?,declined_transfer
how do i get a refund for a direct debit payment i didn't make,direct_debit_payment_not_recognised
Are you only able to get a card if you're in the UK?,country_support
I couldn't get the money I needed.,wrong_amount_of_cash_received
I see my transfer was declined.,declined_transfer
if i found a lost card can i put it back in app,card_linking
What kind of cards are supported?  What currency?,supported_cards_and_currencies
There is a withdrawal on my account I didn't make.,cash_withdrawal_not_recognised
Why was I charged a fee when making this transfer when I shouldn't have been?,transfer_fee_charged
Can I unblock my pin?,pin_blocked
Why doesn't my balance reflect my transfer,balance_not_updated_after_bank_transfer
What to do if my card is about to expire?,card_about_to_expire
Can I have more physical cards?,getting_spare_card
I want to change my account details.,edit_personal_details
Why is my cash withdrawal from the ATM still not yet showing as confirmed in my account?,pending_cash_withdrawal
My payment came back for something i'm trying to buy online? it's been doing it for two weeks.  do you know what the issue is?,reverted_card_payment?
Can I get a card outside the UK?,country_support
An unauthorized payment is in my app,card_payment_not_recognised
Why is it taking so long for a transfer to complete!,transfer_not_received_by_recipient
I have tried 5 times at this point to complete a transfer that's simply standard. What appears to be the problem? Is your system messed up?,failed_transfer
"The exchange rate given to me after a purchase, was incorrect",card_payment_wrong_exchange_rate
"I just checked my statement and saw a $1 charge, why is it there?",extra_charge_on_statement
How much does it cost to top up by transfer?,top_up_by_bank_transfer_charge
Am I free to top-up as much as I want?,top_up_limits
Could you please help me figure out why the seller has not received their money after I sent it.,pending_transfer
Where is the tracking number for the card you sent me?,card_arrival
How do I get rid of my account ASAP?,terminate_account
I have have multiple charges for one transaction.,transaction_charged_twice
can you tell me where to find the top-up verification code?,verify_top_up
I need my funds verified.,verify_source_of_funds
Do you accept other currencies besides US Dollars?,supported_cards_and_currencies
Can I use app to freeze account and dispute fraud?,compromised_card
Can I get information on the identity checks?,verify_my_identity
Have a payment that I haven't done.,card_payment_not_recognised
The ATM didnt return my card!,card_swallowed
I need to change my pin but I am on the road.,change_pin
what currencies can i use to add money to my account,supported_cards_and_currencies
Can you give me a virtual card?,getting_virtual_card
I made a currency exchange and think I was charged more than I should of been.,card_payment_wrong_exchange_rate
Why do we need to verify top-ups?,verify_top_up
Why do I get a fee every time I transfer?,transfer_fee_charged
How do I freeze my card? I think someone is using it to make a bunch of online transactions.,compromised_card
"In the exchange and holding, what fiat is allowed?",fiat_currency_support
I sent some money but the intended recipient says it hasn't arrived,transfer_not_received_by_recipient
I could only take the amount of money that was available to me which was less then I expected.,wrong_amount_of_cash_received
I hope you can help me. Someone has stolen my wallet and now I have noticed that they have been taking money from my account.,cash_withdrawal_not_recognised
"I don't know what's wrong, my contactless stopped working. Tried it in a few different places today and it didn't work in any of them.",contactless_not_working
My new card needs activating.,activate_my_card
What do I need to do for a PIN?,get_physical_card
"I just recently got a new beach condo in Bora Bora, and to furnish it I used this account a lot from overseas. It's upsetting, being a long-time customer of yours, that I saw extra fees on my account from my currency transfer. Is this what I should expect from you in the future?",transfer_fee_charged
"When will I get a new card when I order it, and how much will it cost.",card_about_to_expire
I am having a problem with verifying my identity.,unable_to_verify_identity
Are your cards supported in the EU?,country_support
"I've been waiting for something that i've ordered for months now and it still hasn't arrived. I genuinely don't know what this company is doing, but put plainly, i've had enough. Please issue a refund immediately, i would not like to waste anymore of my time on these people.",request_refund
What is the cost and time frame of getting a new card?,card_about_to_expire
Can someone in the US have a card?,country_support
"Someone has access to my card info.  I still have the card, but someone just withdrew cash.  How do I get this corrected/stopped?!",cash_withdrawal_not_recognised
"I got my American Express in Apple Pay, why is top up not working?",apple_pay_or_google_pay
Why has my top up failed?,top_up_failed
There is a cash withdrawal in my account that isn't mine.,cash_withdrawal_not_recognised
If I top up using a European card is there a charge?,top_up_by_card_charge
Why hasn't my money transfer showed up yet?,balance_not_updated_after_bank_transfer
Why was I charged a random fee for a transfer I made?,transfer_fee_charged
Why would a card payment be declined?,declined_card_payment
I'm getting concerned here.  I sent a friend some money and she isn't seeing it.  What's going on?,transfer_not_received_by_recipient
I tried to buy something online yesterday but it kept saying declined. Tried again today but same thing happened. What's wrong?,declined_transfer
Where can I find out where my funds came from?,verify_source_of_funds
Is there a maximum for top-ups?,top_up_limits
I need to actuate my card.,activate_my_card
I was charged twice for an in-store purchase that I thought was declined.  My App says that it's still pending for one of the payments. Please make sure one of the charges is removed.,transaction_charged_twice
I need to know why my credit card was declined for top up? What is the deal here and why did it not go through?,top_up_failed
How much is it to use my US debit or credit card to top up?,top_up_by_card_charge
"I can't transfer any money from my account to my friend's account, it keeps rejecting it. Can you tell me why? I have enough funds in my account to transfer.",failed_transfer
Why doesn't it show that I did a balance transfer?,balance_not_updated_after_bank_transfer
I really need to top-up my card today urgently but my card keeps getting declined!! Can you please resolve this problem or let me know if you have any alternatives,top_up_failed
How would I go about getting a second card?,getting_spare_card
When will I receive a transfer from europe?,transfer_timing
Is it free to exchange currency?,exchange_charge
Can you please check if I was charged twice?,transaction_charged_twice
My card no longer works.,card_not_working
I transferred some money but it is not here yet,transfer_not_received_by_recipient
Can I use my card at any ATMs?,atm_support
Can I get paid for this in another currency?,receiving_money
It can take between 10 minutes to an hour before you hear back from us about the verification result.  Please try again if your verification fails.  Make sure you double check that images are clear and all document photos are readable without blur or glare. You have to be 18 or older and live in the European Economic area or live in Switzerland to be able to open an account.,unable_to_verify_identity
How long should I have to wait before I see the transfer in my account?,transfer_timing
I can't get money out of the ATM. Is my card actually working? It's the first time I tried using it,declined_cash_withdrawal
Is there a problem with your system being down or something? I have already tried 5 times to issue a standard transfer but I'm getting nowhere.,failed_transfer
Is a bank transfer acceptable for topping up my account?,transfer_into_account
Why am I getting double charged for multiple transactions?,transaction_charged_twice
Can I get a full list of instructions for identity checks?,verify_my_identity
Help!  My card is stolen.,lost_or_stolen_card
What are the steps for depositing cash into my account?,top_up_by_cash_or_cheque
I still don't have a refund.,Refund_not_showing_up
Do I need to verify my identity?,why_verify_identity
My daughter needs a card. Can I give her one of mine that's linked to my account?,getting_spare_card
Where are your cards delivered to?,order_physical_card
"My pin was blocked, how do I make it so I can use it?",pin_blocked
What currencies and methods can i use to top up my account?,supported_cards_and_currencies
Is there a reason my transfer would have been declined?,declined_transfer
can you tell me what cards and currencies you take?,supported_cards_and_currencies
IM still waiting for my account to update from a cash deposit?,balance_not_updated_after_cheque_or_cash_deposit
Show me how to look at the source of my current funds?,verify_source_of_funds
"I deposited cash this morning, but it is not yet available.",balance_not_updated_after_cheque_or_cash_deposit
I'm travelling abroad but I've run into a situation where I need to change my PIN immediately. Can I do this from here?,change_pin
My app shows cash I didn't get.,cash_withdrawal_not_recognised
How do I switch to a different currency?,exchange_via_app
How long will a cash withdrawal be pending?,pending_cash_withdrawal
What is the importance of verifying the top-up?,verify_top_up
Why is my beneficiary not being allowed to get payment services?,beneficiary_not_allowed
What do I do if I have exceeded all my PIN tries?,pin_blocked
What do I do when I get close to the expiration date of my card?,card_about_to_expire
The ATM keeps declining my card. I tried at two different ATMs. Can you tell me if there's an issue with my account?,declined_cash_withdrawal
Do you offer additional currency options?,fiat_currency_support
How can I top up my account with a card?,topping_up_by_card
Will you reinstate my PIN?,pin_blocked
Do i need to verify my top up?,verify_top_up
I believe my card has been compromised because of a strange withdrawal,cash_withdrawal_not_recognised
How can I replace an expired card?,card_about_to_expire
How do I deal with a stolen card?,lost_or_stolen_card
I believe that my card has been stolen!,lost_or_stolen_card
I got a declining message during a transfer? please tell me why,declined_transfer
How do i secure a top-up card?,verify_top_up
Can I order a new card?  Mine is about to expire.,card_about_to_expire
"Hey I want to buy some crypto but the app doesn't allow me to! What's the issue, I really want to exchange this",beneficiary_not_allowed
Can you tell me why you won't let me get my own money out of the money machine? I know I used the right PIN.,declined_cash_withdrawal
My preference is Mastercard.,visa_or_mastercard
Do you support countries other than mine?,country_support
Do I need to pay more for exchanging currencies?,exchange_charge
Can I choose my card scheme?,visa_or_mastercard
I would like to get a Visa card,visa_or_mastercard
I need to figure out who has access to my card there are some payments I didn't make that are showing on the app.  Could you please help?,card_payment_not_recognised
Why is my identity not being verified?,unable_to_verify_identity
I was charged a fee for my transfer.,transfer_fee_charged
My top-up didn't go through,top_up_failed
My top-up is taking a while to process!,pending_top_up
"I need some money transferred ASAP, how long does the process take?",transfer_timing
Can I make many disposable cards per day?,disposable_card_limits
I lost my wallet and I think someone is withdrawing cash with my card. Please help. It is urgent.,cash_withdrawal_not_recognised
I see some fees for cash withdraw.,cash_withdrawal_charge
I believe my card payment exchange rate is incorrect.,card_payment_wrong_exchange_rate
Show me please how to reset my passcode.,passcode_forgotten
Cancel my last transfer,cancel_transfer
Is it possible to change my PIN?,change_pin
I want to transfer money into my account,transfer_into_account
I changed my mind on something I purchased through you and I need the transaction canceled and a refund as soon as possible. Can you help me please?,request_refund
What are your international exchange rates?,exchange_rate
Can I already use my account although the identity verification has not passed yet?,why_verify_identity
Is there a reason my new card hasn't arrived?,card_arrival
Why am I charged a fee for getting cash?,cash_withdrawal_charge
"It has been a couple of hours but I do not see my balance updated, can you help?",balance_not_updated_after_bank_transfer
Why did the ATM cancel my transaction,declined_cash_withdrawal
I just did a money transaction but its not showing they received it,transfer_not_received_by_recipient
Why won't my card work anymore?,card_not_working
I would like to not have to do the identity verification.,why_verify_identity
I got a strange cash withdrawal in my statement,cash_withdrawal_not_recognised
I see a fee that I think was charged because I paid by card.,card_payment_fee_charged
The ATM did not give me as much cash as I requested.,wrong_amount_of_cash_received
Can you show me where to link the new card?,card_linking
It is extremely important that I cancel the transfer I made yesterday and put the money into a different account.  Is this possible?,cancel_transfer
There was a charge made on my card from a couple weeks ago and I don't remember making the purchase. Nor do I remember the company itself. Can we trace this at all to confirm if I did it or not?,direct_debit_payment_not_recognised
What will I need for identity verification?,verify_my_identity
oh my god I lost my card! what should I do?,lost_or_stolen_card
I got an unexpected charge on my transfers. How can I correct this?,transfer_fee_charged
Why is the purchase I made this morning still pending?,pending_card_payment
An item I bought had the wrong exchange rate applied.,card_payment_wrong_exchange_rate
I was just shopping online for some tickets and the payment was declined by you.  Why has this happened?  I am certain I have the right amount of funds in my account.,declined_card_payment
What options do I have for holding currencies?,fiat_currency_support
Why has my top-up been reverted?,top_up_reverted
"I have a disposable virtual card here, so would you tell me what to do with it?",get_disposable_virtual_card
I attempted to top up but the app denied it.,top_up_failed
after going over my transactions for the last couple of months I noticed a pretty large charge that I know I did not make. I know it's been a while but can I still dispute this charge?,direct_debit_payment_not_recognised
I completed a transfer that isn't showing up on my account.,balance_not_updated_after_bank_transfer
Can you explain the transfer fee that I was charged?,transfer_fee_charged
My card doesn't accept any transaction at all. What's wrong??,card_not_working
"Hey, I ordered a thing but changed my mind and want a refund on it. Since I haven't received the thing, would you just go ahead and cancel the payment for me?",request_refund
Tell me why my transfer is pending.,pending_transfer
Why can't I activate my card?,activate_my_card
I was not able to receive the correct amount of cash.,wrong_amount_of_cash_received
What are the fees to get a physical card?,order_physical_card
What time will a transfer from the US take?,transfer_timing
How come when I tried to pay contactless at the bus it didnt work?,contactless_not_working
How can I deposit money to my account?,transfer_into_account
What happens if a merchant doesn't accept a payment?,reverted_card_payment?
I have a card payment that I don't recognize. What should I do?,card_payment_not_recognised
I need to reset my passcode. Where do I go to do that?,passcode_forgotten
What is the present state of the exchange rate?,exchange_rate
I think my statement has a fraudulent charge,card_payment_not_recognised
May I choose when it's delivered?,card_delivery_estimate
My transfer to my account is missing.,balance_not_updated_after_bank_transfer
My app says that I received cash from an ATM and I didn't.,cash_withdrawal_not_recognised
Why is the payment showing as pending from things I bought this morning?,pending_card_payment
Is there a pay structure for currency exchanges?,exchange_charge
My account did not allow the transfer.,beneficiary_not_allowed
Help me reset the passcode.,passcode_forgotten
Do I have a say when it's delivered?,card_delivery_estimate
i withdrew cash and dont see it reflected on the balance,pending_cash_withdrawal
How can many disposable cards can I have per day?,disposable_card_limits
Transfer could not be completed due to being declined.,declined_transfer
Why i'm I being charged an extra pound,extra_charge_on_statement
"I tried to buy something and it was declined and my transfers keep getting declined, Why?",declined_transfer
Why did the bank reject my transfer?,failed_transfer
need to know where money comes from,verify_source_of_funds
Why can't I make multiple payments with my virtual card?,virtual_card_not_working
How long do transfers from Europe take?,transfer_timing
I cannot see a refund in my account,Refund_not_showing_up
There's a cash withdrawal on my account that I didn't make,cash_withdrawal_not_recognised
Hello! I need to order a disposable virtual card. Where can I do that at?,get_disposable_virtual_card
Where do I find the virtual card?,getting_virtual_card
I was declined when I tried to get cash.,declined_cash_withdrawal
Why is my ATM withdrawal still pending?,pending_cash_withdrawal
Where is the top-up card verification code?,verify_top_up
I want to use a payment card to top up my account. How can I do this?,supported_cards_and_currencies
I noticed that the exchange rate applied to a recent purchase I made abroad was incorrect.,card_payment_wrong_exchange_rate
Is it possible to exchange currencies using the app?,exchange_via_app
What if I need my salary in a different currency?,receiving_money
Can I have a duplicate second card?,getting_spare_card
I want to have an item refunded can I do that?,request_refund
The app declined my top up. What did I do wrong?,top_up_reverted
"I transferred 7,000 to a receiver outside the EU and they received a lesser amount than what I sent, Unfortunately, now I must send an additional transfer to the receiver so that they can receive the full amount I initially sent.  I'm not sure why they received a lesser amount than what I initially sen, but can you please look into this and let me know what happened?",transfer_fee_charged
How do I go about getting a refund?,request_refund
"I want to reactivate my card, I thought I had lost it but found it again in my jacket this morning.",card_linking
I'd like like to know where I can order a virtual card?,getting_virtual_card
I think my account has been hacked there are charges on there I don't recognize.,compromised_card
Am I going to be charged for receiving  money?,top_up_by_bank_transfer_charge
Is there a way to reset my PIN?,pin_blocked
Can you please help me in canceling my order.,request_refund
Someone made a mistake on my money transfer because I was charged extra fees.,transfer_fee_charged
How do i set up auto top-up?,automatic_top_up
I've made a bank transfer but the money doesn't seem to be in my account.,balance_not_updated_after_bank_transfer
I need to change my name since I got married,edit_personal_details
How much can I top up in a day?,top_up_limits
I really was trying to complete this exhange. I was trying to purchase some crypto but the app won't allow me to do it. Can you tell me what's going on here?,beneficiary_not_allowed
"I sent some money to somebody a couple of hours ago, and they still have yet to receive it.  They really need the money, how much longer are they going to have to wait?",transfer_not_received_by_recipient
Can you tell me how I go about activating a new card?,activate_my_card
"If I bought something I didn't like, can I get a refund?",request_refund
How do I get a refund for an unauthorized direct debit payment?,direct_debit_payment_not_recognised
"My card has been stolen. I reported it with the police, but I need to report it with you as well.",lost_or_stolen_card
I am paid by my employer in GBP; do I need to do anything in the app to indicate this?,receiving_money
What are the charges for topping up US card?,top_up_by_card_charge
I want a real card,order_physical_card
Is there a reason I was charged an extra fee for using the ATM?,cash_withdrawal_charge
Would I need to pay extra for currency exchanges?,exchange_charge
I would like to change currency,exchange_via_app
Can I also transfer with SWIFT?,top_up_by_bank_transfer_charge
I made a terrible mistake when typing in my account number.  I accidently sent money to the wrong account.  I noticed the app won't allow me to void the transaction.  Can someone help me with this immediately?,cancel_transfer
Why is my transfer pending?,pending_transfer
When will a transfer from the US post?,transfer_timing
When can I expect the transfer to be complete?,transfer_timing
Why was a fee charged to me for transferring money?,transfer_fee_charged
"I can't make any transfers, they won't go through, the details are correct as I checked them.  Can you look in to this please?",declined_transfer
I have to transfer something to China as fast as I can. How long will it take to arrive in China?,transfer_timing
Are there any charges for topping up my card?,top_up_by_card_charge
Can I use as many top-ups as I want?,top_up_limits
Are there specific ATM's I can use with this card?,atm_support
I would like to transfer money from my checking account to my savings account.,transfer_into_account
How do i activate my card,activate_my_card
I want to see what this fee is on my card payment.,card_payment_fee_charged
I am having trouble with the app recognizing me.,unable_to_verify_identity
My money disappeared right when I tried to top up,topping_up_by_card
How can I make my card ready to use?,activate_my_card
My disposable card seems not to be working am I doing something wrong?,virtual_card_not_working
"I had a problem with my card payment, can you help?",declined_card_payment
"Could you refund my transaction, I paid it into the wrong account. I need to be able to pay it into the right account by tomorrow.",cancel_transfer
There is a payment with my card which i definitely did not do.,card_payment_not_recognised
I see what looks like duplicate charges on account.,transaction_charged_twice
What's the reason for needing to verify my identity?,why_verify_identity
"Hi, I had an issue with my card payment and It shows on my account that my payment went through. Then I got contacted from the seller saying ""they did not receive my payment"" then the payment was returned to my account. so I would like to see why it did that please.",reverted_card_payment?
It is listed in my app that I made a payment which I did not actually make,card_payment_not_recognised
I want my card I just received to show up in the app. How do I do that?,card_linking
I would like to receive a few more physical cards.,getting_spare_card
I want to close my account & I will never do business with you again.,terminate_account
What is the disposable card for?,get_disposable_virtual_card
It says pending status for my payment. Why?,pending_card_payment
Can I change my currency from USD to EUR?,exchange_via_app
Can I track history on funds?,verify_source_of_funds
I think my card is broke?,card_not_working
How do I go forth on verifying my identity?,verify_my_identity
"I want to withdraw money, where can I go?",atm_support
Why was I declined when I tried to get my money?,declined_cash_withdrawal
I need a refund?,request_refund
There is random cash in my account.,cash_withdrawal_not_recognised
Do I get any sort of discount on volume for a lot fo currency exchanges?,exchange_charge
I have a contactless that's broken.,contactless_not_working
What is taking so long on my transfer from the US?,transfer_timing
I seem to of forgotten my passcode.,passcode_forgotten
How can I tell if there is a top-up limit?,top_up_limits
There is a direct debit set up that I didn't create.,direct_debit_payment_not_recognised
I did not make a cash withdrawal that is on my statement,cash_withdrawal_not_recognised
can I choose delivery times to suite me?,card_delivery_estimate
What is this cash withdrawal I don't recognize?,cash_withdrawal_not_recognised
Explain why my card payment wouldn't go through.,declined_card_payment
Give me a refund,request_refund
What are these disposable virtual cards all about?,get_disposable_virtual_card
why couldn't I get cash in the ATM?,declined_cash_withdrawal
My phone has been stolen.  How can I make sure no one uses my account from it?,lost_or_stolen_phone
Can I get my money back on an item?,request_refund
"I am dissatisfied, I would like to close my account.",terminate_account
Please tell me how disposable virtual cards work?,get_disposable_virtual_card
Show me how to activate my card,activate_my_card
Is there such thing as an auto top-up option?,automatic_top_up
Please explain why my top-up didn't go through.,top_up_failed
I can't see a top-up top-up verification code.,verify_top_up
Will there be extra charges regarding to adding money into my international card?,top_up_by_card_charge
What do I do if someone used my card without my permission?,compromised_card
Can I start an account for my kids?,age_limit
My refund is not showing.,Refund_not_showing_up
On my last transaction it seem that my top-up was not successful.,top_up_reverted
What are the rules for a top-up?,top_up_limits
Can i cancel this purchase?,request_refund
"When using my card I was charged a fee for doing so, why?",card_payment_fee_charged
I am still waiting for a money transfer to show,pending_transfer
When will I recieve my new card?,card_arrival
What is the source of my funds.,verify_source_of_funds
"I need to know this, where do my funds come from?",verify_source_of_funds
Can you walk me through how I can edit some of my personal information?,edit_personal_details
Do I have to use a bank approved ATM to withdraw money?,atm_support
I have 1 other US card.  Can you take that?,supported_cards_and_currencies
What are the top-up fees for my card?,top_up_by_card_charge
The card got declined twice when I tried to use it to buy something online yesterday.,declined_transfer
What card types can I choose from?,visa_or_mastercard
How long until my card will get here?,card_delivery_estimate
What is the max amount of disposable cards I'm allowed.,disposable_card_limits
I tried to top up but the app rejected it.,top_up_failed
What do I do when a charge has been made that I did not make?,cash_withdrawal_not_recognised
"When exchanging currencies, is there an extra fee?",exchange_charge
What is the reason for my card payment to be reverted?,reverted_card_payment?
I don't know what to do. Should I transfer funds. My account is out of money.,transfer_into_account
Please help me make a transfer. I keep receiving an error and I'm trying to make the initial mortgage payment for a flat I'm buying. What is the deal here?,failed_transfer
Why have I not received a virtual card yet?,getting_virtual_card
Why did my payment go back to my account when I bought something?,reverted_card_payment?
My contanctless has stopped working,contactless_not_working
Where can I order my virtual card?,getting_virtual_card
How do I verify my identity online,verify_my_identity
I asked for $100 cash but only got $20?,wrong_amount_of_cash_received
"Help, I don't know what the PIN is to my card?",get_physical_card
"My cash withdrawal shows pending, why?",pending_cash_withdrawal
I want to get a Visa card,visa_or_mastercard
I tried to pay contactless at the bus today and it didn't work. Any ideas why?,contactless_not_working
Is there a charge for a physical card?,order_physical_card
I purchased something overseas and the incorrect exchange rate was applied.,card_payment_wrong_exchange_rate
What do you require for identity verification?,verify_my_identity
Where can I find the verification code for a top-up?,verify_top_up
My actual card isn't working.,card_not_working
My top up is not working,top_up_failed
Why would a cash withdrawal be pending?,pending_cash_withdrawal
Is it okay to hold money in multiple currencies?,fiat_currency_support
Waiting for the cash I deposited this morning still,balance_not_updated_after_cheque_or_cash_deposit
I made a transfer from France a couple days ago and don't see the transaction yet. How long does an international transfer take?,balance_not_updated_after_bank_transfer
What do I do if I think someone has used my card without permission? I can see a few transactions I don't recognize.,compromised_card
Why am I unable to take money from my card but the statement says the transaction is still pending?,pending_cash_withdrawal
What can I do to verify my identity?,verify_my_identity
"I tried to top-up, why didn't it work?",top_up_failed
How do I get a physical card?,order_physical_card
My card was denied at an ATM earlier today but the transaction is pending. Please cancel it as I did not receive my money.,pending_cash_withdrawal
There is a record of payment I never submitted on the app.,card_payment_not_recognised
"I made a rent payment from the wrong account yesterday. It absolutely has to go through tomorrow, so can you please reroute the payment to the right account?",cancel_transfer
What do I do when my card expires?,card_about_to_expire
Transfer has failed.,failed_transfer
Is there a way to revert a transaction?,cancel_transfer
How to verify my identity,why_verify_identity
Why did I get a transfer declined?,declined_transfer
How do I top up by cheque?,top_up_by_cash_or_cheque
want to know where funds come from,verify_source_of_funds
My balance was not updated after transferring money.,balance_not_updated_after_bank_transfer
I need my card to be delivered fast,card_delivery_estimate
I am having trouble to verify my identity,unable_to_verify_identity
When does the money get transferred to my account,transfer_timing
Would I be able to get a second card?,getting_spare_card
Will I get a Visa card or Mastercard?,visa_or_mastercard
I am only 17. Can I make an account?,age_limit
Can you please tell me how long it takes for the transfer to be available.,transfer_timing
Is there a fee for a SEPA transfer,top_up_by_bank_transfer_charge
You applied the wrong exchange rate while I was traveling outside the country.,wrong_exchange_rate_for_cash_withdrawal
Where do I go to update details?,edit_personal_details
Why is my top-up still pending?,pending_top_up
how do I find the code to verify the top up card?,verify_top_up
What should I do if I exceed my PIN tries?,pin_blocked
"If I need to do a quick transfer from China, how long should I expect the transfer to take?",transfer_timing
I have a transfer that was approved that I'm urgently waiting for. How long am I supposed to wait for it?,pending_transfer
How do I report my card as lost or stolen?,lost_or_stolen_card
I want to go back on what I did this morning,cancel_transfer
What is the reason that my top-up is still pending?,pending_top_up
"I deposited a cheque with some money, but the balance hasn't changed.",balance_not_updated_after_cheque_or_cash_deposit
Can I apply for one of your cards if I live in the EU?,country_support
What is this $1 charge on my statement?,extra_charge_on_statement
How long do European transfers take?,transfer_timing
Is it possible to give a second card for this account to my daughter?,getting_spare_card
How long does it take to prove my identity?,unable_to_verify_identity
Am I able to choose my card?,visa_or_mastercard
My identity hasn't been verified.  Can I use my account?,why_verify_identity
I made a mistake and need to cancel a transaction,cancel_transfer
Will there be any extra fees if I exchange currencies?,exchange_charge
Why was a payment I made reverted?,reverted_card_payment?
There is a withdrawal on my account that I don't remember initiating.,cash_withdrawal_not_recognised
why do i have a failed transfer,failed_transfer
How do I top up using my card?,topping_up_by_card
I believe my top up was reverted.,top_up_reverted
"Hae, I already completed my 3D secure authentication when I tried the crypto top up but it's still not working for me. I also don't understand what happened to the money in my account",top_up_reverted
It is urgency. Please freeze my card now. As someone in some odd remote town has withdrawn some money by using my card. As i did not withdraw any money.,cash_withdrawal_not_recognised
Which flat currencies can I use from you?,fiat_currency_support
What are the steps needed to top up with Apple Pay?,apple_pay_or_google_pay
How do you verify an identity?,verify_my_identity
Is getting my identity verified required before I can use my account?,why_verify_identity
How long do i have to wait for a transfer to reach my account?,transfer_timing
I'm dissatisfied with the service and would like to terminate the account.,terminate_account
When do you charge fees on accounts? I just saw a charge on my statement.,card_payment_fee_charged
Will I be charged for a SEPA transfer?,top_up_by_bank_transfer_charge
What is the age limit?,age_limit
Need help with a stolen card.,lost_or_stolen_card
Where are the ATMs that I can use Mastercard?,atm_support
"When I got cash, my exchange rate was off.",wrong_exchange_rate_for_cash_withdrawal
The expiration date of my card is approaching .,card_about_to_expire
How old do my kids have to be to use your service?,age_limit
I'm trying to figure out the current exchange rate.,exchange_rate
I've tried numerous times to submit a transfer of funds. Why isn't it going through?,beneficiary_not_allowed
How can I receive my salary in another currency?,receiving_money
Why would the app revert my payment?,reverted_card_payment?
I got charged twice with a duplicate card. How do I resolve this?,transaction_charged_twice
"i have been trying to add money with apple pay but it wont work, why?",apple_pay_or_google_pay
I made a purchase and would like to get a refund for what I bought can you have the money put back in my account?,request_refund
There is more than one charge on my account for a transaction.,transaction_charged_twice
Can I electronically transfer funds into my account from my American Express?,supported_cards_and_currencies
How can I get a card sent to China?,card_about_to_expire
"I tried using a foreign currency at an ATM, but the ATM provided me an incorrect rate. Why is that?",wrong_exchange_rate_for_cash_withdrawal
Why am I charged whenever I withdraw cash?,cash_withdrawal_charge
The balance hasn't changed yet after depositing a cheque with some money.,balance_not_updated_after_cheque_or_cash_deposit
The exchange rate looks wrong on a holiday purchase,card_payment_wrong_exchange_rate
I lost my phone. What do I need to do?,lost_or_stolen_phone
The app wouldn't accept my top up.,top_up_reverted
I can't verify my identity.,unable_to_verify_identity
What are the top up charges for all US cards?,top_up_by_card_charge
I want to stop my account,terminate_account
how to recover my passcode,passcode_forgotten
Can I use it outside of Europe?,country_support
"I paid with my card and got charged an extra fee, what's up with that?",card_payment_fee_charged
Payment I didn't do.,card_payment_not_recognised
I just got married and need to change my name on the account,edit_personal_details
Will the duplicated payment be refunded?,transaction_charged_twice
I need my card quickly,card_delivery_estimate
HOw do I get my card back after the ATM has pulled it in?,card_swallowed
I have a direct debit I didn't set up,direct_debit_payment_not_recognised
The refund I asked for isn't showing up,Refund_not_showing_up
I think someone is using my card without my permission!,compromised_card
Why did my transfer to a beneficiary fail?,beneficiary_not_allowed
I'm tired of all the problems I've had. I want to quit this account!,terminate_account
What are the steps of verifying an identity?,verify_my_identity
Why is there a cash withdrawal I didn't make?,cash_withdrawal_not_recognised
Is there a cost to receive money?,top_up_by_bank_transfer_charge
I need to find out why my transfer didn't get there.,transfer_not_received_by_recipient
why wasn't a transfer to account approved,beneficiary_not_allowed
How can I exchange USD and GBP in the app?,exchange_via_app
I wasn't applied the correct exchange rate when getting cash,wrong_exchange_rate_for_cash_withdrawal
Can someone assist me with explaining how I can unblock my pin?,pin_blocked
My payment for my card is not working,declined_card_payment
I did a payment but it was reverted by the app,reverted_card_payment?
Can friends send me money?,receiving_money
Why is there an additional fee showing on the statement I received?,extra_charge_on_statement
I'm expecting to see a cash withdrawal but I'm still waiting.,pending_cash_withdrawal
Your ATM pin can be changed at any VISA or MasterCard ATM with PIN services. Certain countries don't support ATM pin changes.,change_pin
My app says I withdraw funds from my account through an ATM.,cash_withdrawal_not_recognised
Why did my card get charged twice for a transaction?,transaction_charged_twice
I have just read my statement and there is a payment I don't recognise.,card_payment_not_recognised
"My child needs a card, how can I add them to the account I currently have?",getting_spare_card
My transfer failed,failed_transfer
I need to change my PIN.,change_pin
There is a direct debit payment that I did not make.,direct_debit_payment_not_recognised
Where are cards available to order?,order_physical_card
what is a virtual and how do i get one,getting_virtual_card
Will I be charged to top off my account?,top_up_by_bank_transfer_charge
I was just contacted by a seller that let me know they didn't get my money even though I'm very sure it was removed from my account. Now it's back in my account. Get this resolved quickly.,reverted_card_payment?
Why would you decline my card?,declined_card_payment
I didn't get the correct amount of money from the ATM machine,wrong_amount_of_cash_received
How old does my daughter need to be to have her own account?,age_limit
I found an unauthorized card payment,card_payment_not_recognised
My transfer was rejected,declined_transfer
Do you charge for transfers?,top_up_by_bank_transfer_charge
What is my foreign exchange rate?,exchange_rate
"I don't like the services, please close my account",terminate_account
"Someone stole my wallet earlier today, not sure exactly when, probably on Piccadilly circus. Can you check if there were any attempts to use the card and obviously block it?",lost_or_stolen_card
It's been a couple days how much longer do I have to wait for my transfer?,transfer_timing
What is the system for determining the exchange rate?,exchange_rate
I am seeing pending from the card payment I made.,pending_card_payment
Why do some of my payments have fees?  I don't understand.,card_payment_fee_charged
"Hi, I have been overcharged for my payment last Saturday. I guess exchange rate was wrong.",card_payment_wrong_exchange_rate
"Hi! A seller that I requested a refund from a long time ago has yet to send the money into my account, even though I keep checking it. Can the seller be contacted by you guys to see what's going on?",Refund_not_showing_up
What currency can I use to add money?,supported_cards_and_currencies
Help me verify my identify?,unable_to_verify_identity
Can you please disable my current account.,terminate_account
I would like to order a disposable virtual card. How can I do this?,get_disposable_virtual_card
How long until the transfer is reflected on my account balance?,transfer_timing
"I did a payment with my card but seem that didn't work, it's still listed as pending since a while ago. When does this actually go through?",pending_card_payment
What is your exchange rate between UK pounds and Russian rubles for my last transaction,card_payment_wrong_exchange_rate
In what countries do you do business?,country_support
Where is the cash I deposited?,balance_not_updated_after_cheque_or_cash_deposit
I requested a higher amount for my cash withdrawal,wrong_amount_of_cash_received
Tell me why my balance did not change when I tranferred cash.,balance_not_updated_after_bank_transfer
The app is showing a payment I never made.,card_payment_not_recognised
If I don't have all my documents can they still verify my identity?,verify_my_identity
I tried to top-up but it got denied.,top_up_failed
I have a direct debit I didn't make,direct_debit_payment_not_recognised
I may have entered the PIN wrong and the account is blocked.  What do I have to do to get it unblocked.,pin_blocked
Can i change my PIN at the ATM?,change_pin
"I'm not certain, but someone may be using my card.",compromised_card
The app isn't showing my transactions,transfer_not_received_by_recipient
How do I use contactless pay?,contactless_not_working
I did not receive the right amount of cash.,wrong_amount_of_cash_received
My card rejected a cash withdrawal. Why?,declined_cash_withdrawal
Am I charged if I make a top-up?,top_up_by_bank_transfer_charge
Why was there an extra charge when I transferred money?,transfer_fee_charged
What are the policies of disposable cards?,disposable_card_limits
It seems I was overcharged when I used an ATM while on vacation. If I knew about your fees in advance I sure would have gone somewhere else.,wrong_exchange_rate_for_cash_withdrawal
"What currencies can I not hold many in, if so what are they?",fiat_currency_support
"Apple watch top up help, please?",apple_pay_or_google_pay
There is money missing from my account.,cash_withdrawal_not_recognised
How long does it take for something to be delivered to the U.S?,card_delivery_estimate
Card payment declined?,declined_card_payment
What is the identity verification process?,verify_my_identity
"Hello, in these holidays i have been overcharged on the amount i have withdrawn on one of your ATMs. I did not had any clue about the horrible charges otherwise i would not have withdrawn.",wrong_exchange_rate_for_cash_withdrawal
Why is there a fee for my transfer?,transfer_fee_charged
Can you help me get a disposable virtual card?,get_disposable_virtual_card
I want to use cash to top up.,top_up_by_cash_or_cheque
I ordered my card 2 weeks ago and it still isn't here? What do I do?,card_arrival
"What is the reason when I tried to pay contactless at the bus, it didnt work?",contactless_not_working
Where do my fund come from?,verify_source_of_funds
Will my friends be able to top up my account?,topping_up_by_card
why top up is not working even if I got my American Express in Apple Bay?,apple_pay_or_google_pay
I am unable to use my top-up on the app. Could you explain this to me?,top_up_reverted
I updated by balance with a cheque yesterday but it isn't showing on my account. Did something go wrong?,balance_not_updated_after_cheque_or_cash_deposit
Can you please advise if there is something wrong with my card? I have had multiple rejections and do not know the reason. Thanks!,declined_card_payment
What's the top-up limit?,top_up_limits
I think I was wrongly charged in a recent transaction when I used my card.,card_payment_fee_charged
What countries do your accounts support?,country_support
I don't think I made this transaction on my statement,card_payment_not_recognised
Why was my virtual card rejected?,virtual_card_not_working
"I'm interested in using fiat currencies, which do you support?",fiat_currency_support
Help my verify my id.,unable_to_verify_identity
"i dont recognise some of these transactions, i think someone has my card details",compromised_card
"I must quickly transfer something from China, and I need to know how long it will take.",transfer_timing
Why is my top-up showing as reverted?,top_up_reverted
"Three months ago I bought a new house for my cat, fluffy.  Unfortunately Fluffy was not a fan of the house and it had to be returned to Pet Smart last week.  They said they have sent a refund but it's not there, can you tell me where it is?",Refund_not_showing_up
what is the limit for top-ups?,top_up_limits
Please help to explain to me why my new card was declined when I tried to use it at my grocery store this morning to pay for the items I needed.  I tried three times to use it and it kept being declined.  I was very embarrassed standing there trying to buy my groceries.,declined_card_payment
Why did you charge me for a cash withdrawal?,cash_withdrawal_charge
Why don't I see my top up in my wallet?,topping_up_by_card
is there a way to change name?,edit_personal_details
How can I cancel a transaction to a wrong account?,cancel_transfer
I'm not sure why I was charged an extra fee for transferring funds.,transfer_fee_charged
Can I hold money in other currencies?,fiat_currency_support
"Help, the ATM didn't give me all the money I requested",wrong_amount_of_cash_received
My top up doesn't work,top_up_failed
Why is my payment declined? It looked like everything worked ok and my account was fine.,declined_card_payment
I'm not able to withdraw money from the ATM but I'm not sure why.,declined_cash_withdrawal
I can't find how to top up my account with a check.  Where is that?,top_up_by_cash_or_cheque
"I think my card is expiring, what happens then?",card_about_to_expire
There is a duplicate charge on my account.,transaction_charged_twice
There is a missing transfer on my account,balance_not_updated_after_bank_transfer
How do I top-up while traveling?,automatic_top_up
Is there a specific type you need for identity verification?,verify_my_identity
"A strange card payment, I do not recognize it.",card_payment_not_recognised
My accounts been charged a payment for something I didn't make.,direct_debit_payment_not_recognised
"I received my new card, but I don't see it in the app anywhere.  What do I do?",card_linking
Can this be used to receive my salary?,receiving_money
Is there a fee for topping up,top_up_by_card_charge
What do I need for activation of my card?,activate_my_card
I think youre system may be broken because I have tried transfer money 5x and it isnt working!  I'm not doing anything complicated it is what I usually do.,failed_transfer
My identity has been stolen. I still have my physical card but there are charges I didn't make on my account. How do I cancel this card or dispute the charges?,cash_withdrawal_not_recognised
Can I get paid in a different currency?,receiving_money
I did not get the cash that is showing up in my app.,cash_withdrawal_not_recognised
"Hello I made a bank account transfer from the UK. The transfer was a couple hours ago, nothing has shown up yet.  Can you check to see if everything okay. Please.",balance_not_updated_after_bank_transfer
My Google pay top up isn't working. Help.,apple_pay_or_google_pay
How often can I top up my account?,top_up_limits
What areas are cards delivered to?,order_physical_card
Will my card be here soon?,card_delivery_estimate
Why isn't a recent refund on my statement?,Refund_not_showing_up
Why am I unable to withdraw my money through this card?,declined_cash_withdrawal
How do i request more physical cards?,getting_spare_card
I would like to get additional physical cards at this time,getting_spare_card
"It's declining my transfers. Normally this works, but my card is being declined now and I've tried more than once.",declined_transfer
Help me change my PIN.,change_pin
Can I use my American Express stored in Apple Pay to top up?,apple_pay_or_google_pay
can my husband open an account and transfer money,receiving_money
I sent some money and the receiver can't access it.,transfer_not_received_by_recipient
May I exchange currencies with this?,exchange_via_app
My ecchange rate was wrong for a cash transaction.,wrong_exchange_rate_for_cash_withdrawal
Why was my card payment reversed?,reverted_card_payment?
Are cards available to those outside of the UK?,country_support
Is it possible to hold money in different currencies?,fiat_currency_support
What is your refund policy for products I have purchased?,request_refund
Do you support the exchange of EUR from my currency.,fiat_currency_support
"How come you charge for cash withdrawals? I withdrew cash after buying groceries today, and there seems to be a new fee",cash_withdrawal_charge
"For the identity verification, what do you need?",verify_my_identity
Can I use your app to exchange USD for GBP?,exchange_via_app
"Hi, I have been transferring money to my friends since morning, but all my transactions were getting failed. Can you please look into this issue.",failed_transfer
"I am tired of getting charged fees, and I have no idea why, please let me know what/when you charge fees for.",card_payment_fee_charged
Will my other US credit card be accepted?,supported_cards_and_currencies
What do I need to do to change the address on my account?,edit_personal_details
I need help activating my new card.,activate_my_card
Can a friend top up my account,topping_up_by_card
I asked for 100 but only got 20.,wrong_amount_of_cash_received
Why do you have an identity check?,why_verify_identity
Do cash withdrawals cost anything?,cash_withdrawal_charge
I was charged a fee with my cash withdrawal that I shouldn't have been charged.,cash_withdrawal_charge
Can you tell me where I can order a virtual card?,getting_virtual_card
Why didn`t my topup go through?,top_up_failed
My card would not work at a shop.,declined_card_payment
Should i uninstall the app before i try it again?,contactless_not_working
Please help! I need a refund on a transaction on something I bought and I need the refund right away!,request_refund
I did not get as much cash as I requested at the ATM.,wrong_amount_of_cash_received
Can I top up any amount?,top_up_limits
How do I track my card?,card_arrival
How much does top up fees cost?,top_up_by_card_charge
I want to cancel a transfer I just made.,cancel_transfer
The recipient doesn't see the money transaction I made,transfer_not_received_by_recipient
Will I be charged if I add more cards to the account?,getting_spare_card
What do I do if my payment was reverted?,reverted_card_payment?
"There are charges on my card from the past few day I am pretty sure I didnt make, can you please freeze it for me? How do I get my money returned since it wasnt me?",card_payment_not_recognised
Its been several days and my cash withdrawal is still pending. Why?,pending_cash_withdrawal
What is the tracking number for my card that was mailed?,card_arrival
Is it possible to have an item refunded?,request_refund
The exchange rate used on your app is really bad. I'm considering closing my account because of it.,card_payment_wrong_exchange_rate
Why didn;t my payment work,declined_card_payment
I can't use my card.,card_not_working
Am I allowed to use any card to make a payment?,visa_or_mastercard
How do I find my PIN?,get_physical_card
I tried activating my plug-in and it didn't piece of work,activate_my_card
My card was used without my permission.,compromised_card
I've deposited a check in my account but the cash isn't showing as available.,balance_not_updated_after_cheque_or_cash_deposit
"How long does it take for transfers to finish?  I sent funds to my pal, and she says that she has not gotten anything.",transfer_not_received_by_recipient
How can I check if I have received a refund if it is not yet on my statement?,Refund_not_showing_up
Could you please tell me how to activate my new card?,activate_my_card
How long does it take for money to transfer?,balance_not_updated_after_bank_transfer
Help! I lost my card!,lost_or_stolen_card
My credit card seems to have been declined for top up. Why is it not going through? Can you tell me what's going on?,top_up_failed
Why would a merchant revert a card payment?,reverted_card_payment?
Can I receive money in a different countries money?,receiving_money
Why was the exchange rate different when I withdrew my cash?,wrong_exchange_rate_for_cash_withdrawal
How do I set a new pin?,change_pin
Can I call to get my card activated?,activate_my_card
How can I verify my identity?,verify_my_identity
When will I be able to see the refund,Refund_not_showing_up
Why does a cash withdrawal show as pending?,pending_cash_withdrawal
"Hello, I have a question concerning an unfamiliar fee that I notice on my account. I see that you guys charge for ATM withdrawal. Never notice this fee until now. Can you please explain?",cash_withdrawal_charge
how do I link a card I already have?,card_linking
"If I need delivery on a certain day, is that something that could be accommodated?",card_delivery_estimate
I do not know what this cash withdrawal is,cash_withdrawal_not_recognised
There is a direct debit set up that was not authorized by me.,direct_debit_payment_not_recognised
There are funds in my app that I did not receive.,cash_withdrawal_not_recognised
i need a virtual card,getting_virtual_card
I want one of the virtual cards!,getting_virtual_card
My card payment was reverted.  Why?,reverted_card_payment?
"Even though I made a cash deposit, I am not seeing it in my account.",balance_not_updated_after_cheque_or_cash_deposit
I've tried using my card multiple times and it keeps getting declined.,declined_card_payment
How much can I withdrawal in one month without incurring fees?,cash_withdrawal_charge
I need to change details about my personal account.,edit_personal_details
Is going to a bank only way to change my PIN?,change_pin
how does my statement get updated so i know when a refund will reflect on my balance,Refund_not_showing_up
The cash deposit I made this morning has not been credited to my account,balance_not_updated_after_cheque_or_cash_deposit
"My PIN is blocked, what do I do?",pin_blocked
What if my top up didn't work?,top_up_failed
How does it work when I transfer money into my account?,transfer_into_account
How old do my children need to be to open an account?,age_limit
what is this extra charge with my purchase?,card_payment_fee_charged
Where do I get a disposable card,get_disposable_virtual_card
How do I order a new card when my old one is ready to expire?,card_about_to_expire
I submitted a cash deposit to my account but it hasn't posted yet.,balance_not_updated_after_cheque_or_cash_deposit
"If I were to do a transfer, what is the rate for that?",top_up_by_bank_transfer_charge
I made a withdraw from the ATM this past holiday and it seems like a was charged too much. If I would have   known about these charges I wouldn't have made a withdraw.,wrong_exchange_rate_for_cash_withdrawal
I attempted to get money using a foreign currency at an ATM but the rate was highly inaccurate!,wrong_exchange_rate_for_cash_withdrawal
how can i add money to my account if you don't accept cash,top_up_by_cash_or_cheque
"My card payment is just showing up as pending and it has been a while , what's going on with that, it should be going through at some point?",pending_card_payment
"How can I get a new card ASAP to replace an old, soon to expire one?",card_about_to_expire
There is a card payment I'm not familiar with.,card_payment_not_recognised
How would I use my money in a different country?,exchange_via_app
How do I exchange currencies with this,exchange_via_app
Can my friends top up my account?,topping_up_by_card
To receive money are there charges?,top_up_by_bank_transfer_charge
"Can anyone help me, I lost my wallet and they've started withdrawing from my account.",cash_withdrawal_not_recognised
How can I find your exchange rates?,exchange_rate
Can I make transfers before my identity verification?,why_verify_identity
How do I become aware of where my funds come from?,verify_source_of_funds
"A WD was just made on my account, but it was not me and I still have my card.  What to do?",cash_withdrawal_not_recognised
Can I have it delivered on the date I need it delivered?,card_delivery_estimate
are there any country restrictions?,country_support
My card still hasn't arrived after 2 weeks. Is it lost?,card_arrival
Why can't I transfer money to a beneficiery?,beneficiary_not_allowed
Are there any restrictions causing my transfer to be declined?,declined_transfer
"I am blocked now because I entered the wrong pin, need help.",pin_blocked
Can I verify the source of my funds?,verify_source_of_funds
I have a missing refund,Refund_not_showing_up
"I lost my card, what do I do now?",lost_or_stolen_card
The ATM didn't give me the amount I asked for,wrong_amount_of_cash_received
How soon do cards arrive after I order them?,card_delivery_estimate
I need to edit the personal details section of my account,edit_personal_details
What currencies can I hold money in?,fiat_currency_support
Can I use any card and currency?,supported_cards_and_currencies
Why isn't my balance updating?  I did a bank transfer and it isn't current.,balance_not_updated_after_bank_transfer
Can you tell me where I can order a disposable virtual card?,get_disposable_virtual_card
Is there a location where I can change my PIN?,change_pin
I need mastercard as well as visa,visa_or_mastercard
There is a charge for 1£ on my statement.  I do not think that I bought anything that costed 1£.  What is going on?,extra_charge_on_statement
What method do you use for the exchange rate?,exchange_rate
What are the reasons for my beneficiary not being allowed?,beneficiary_not_allowed
Can the exchange rate change while I am in the process of making a withdrawal?,wrong_exchange_rate_for_cash_withdrawal
Why haven't I gotten a virtual card yet?,getting_virtual_card
How can I set a new pin.,change_pin
Can you tell me what cards and currencies you support?,supported_cards_and_currencies
What do I do to lock my phone after losing it so my account isn't accessed,lost_or_stolen_phone
I've been waiting for a top up to come through for over an hour and I need the funds now.,pending_top_up
Are there only certain ATM machines where I can use this card?,atm_support
What are ways to test why my card might not be working?,card_not_working
"I don't see my refund money yet in my account. I asked the merchant a while ago for a refund, so I don't know what's taking so long.  Can you look into it and see if the money is there, just not in my account yet?",Refund_not_showing_up
I need to change a transfer.,cancel_transfer
Are bank transfers immediate?,balance_not_updated_after_bank_transfer
Where can I withdrawal my money?,atm_support
Why do I have to verify the top-up?,verify_top_up
Are transfers not free? I didn't know I would be charged for transfers.,transfer_fee_charged
how do i change name?,edit_personal_details
"Apple pay is not accepting my American Express card, can you assist me with this problem?",apple_pay_or_google_pay
One of my card payments has reverted,reverted_card_payment?
Can I use my account although my identity verification has yet to pass?,why_verify_identity
There are fraudulent charges that I didn't make on my card. Can you please put in the safeguards necessary to stop this from happening anymore?,compromised_card
Can you explain the disposable cards to me?,get_disposable_virtual_card
How can people transfer money to me?,receiving_money
"After inputting the wrong pin too many times, can you now help me unblock my pin?",pin_blocked
Can I choose between Visa or MasterCard?,visa_or_mastercard
is there a way i can see source of money?,verify_source_of_funds
im not sure what this charge is for,card_payment_fee_charged
"Hi, I made a transfer yesterday that I need to reverse.  I need to put the money in a different account.",cancel_transfer
There is a payment showing on my app that I didn't do. Will you please cancel this payment and refund my money ?,direct_debit_payment_not_recognised
Do I need any kind of documentation for the identity check?,verify_my_identity
The app doesn't think that I am myself,unable_to_verify_identity
What do I need to do to get cash back? The ATM gave me the wrong amount that I requested but the app is showing the amount to be correct.,wrong_amount_of_cash_received
Is there any documentation needed for the identity check?,verify_my_identity
How do I avoid a fee to use an ATM?,cash_withdrawal_charge
In exchange for top ups will you take fees?,top_up_by_card_charge
Does it cost extra to send out more than one card?,getting_spare_card
"I changed the currency, but why is it costing more?",card_payment_wrong_exchange_rate
How do I go about changing my PIN?,change_pin
"I deposited a cheque, but the balance hasn't changed yet.",balance_not_updated_after_cheque_or_cash_deposit
Are there specific ATM's that I can draw money from?,atm_support
Which countries do you work with?,country_support
I did a money transaction and dont have a receipt,transfer_not_received_by_recipient
how long will my cash withdrawal be pending for?,pending_cash_withdrawal
I see a direct debit payment on my statement that wasn't me,direct_debit_payment_not_recognised
This disposable virtual card is not working.,virtual_card_not_working
Why is the payment I made still pending?,pending_card_payment
Is it possible to have more than one disposable card?,disposable_card_limits
Is it on purpose that my payment has been returned to my account?,reverted_card_payment?
If my identy verifacation hasn't gone through can I use my account?,why_verify_identity
I need to make several disposable cards per day.,disposable_card_limits
How quickly can you get me my card?,card_delivery_estimate
"After the transfer, the balance did not update.",balance_not_updated_after_bank_transfer
When should I expect to receive my card?,card_delivery_estimate
What retailers accept my card?,card_acceptance
"So, I see a strange fee that I've never seen before after making an online purchase from abroad. I was under the impression transfers could be made for free. I don't think this seems fair.",transfer_fee_charged
I received incorrect amount of cash from an ATM today. It was more than I wanted. What do I do now?,wrong_amount_of_cash_received
I was double charged,transaction_charged_twice
My card activation is failing.,activate_my_card
"Your service is terrible,.  Delete my account,",terminate_account
The ATM sucked my card in.,card_swallowed
Is it possible for me to get money out in a different currency?,receiving_money
What form of payments can I use for topping up?,top_up_by_cash_or_cheque
What if my top up is reverted?,top_up_reverted
"My American express works with my apple pay, why is top up not working?",apple_pay_or_google_pay
Why is the exchange rate wrong when I purchase something abroad?,card_payment_wrong_exchange_rate
How fast can I transfer something from China?,transfer_timing
Why won't the machine accept my card anymore?,card_not_working
The app says I got cash from an ATM but I didn't,cash_withdrawal_not_recognised
Can someone help me unblock my pin?,pin_blocked
i transfered however its still pending,pending_transfer
Can I get cash with this card anywhere?,atm_support
"Hi, Last week I have contacted the seller for a refund as directed by you, but i have not received the money yet. Please look into this issue with seller and help me in getting the refund.",Refund_not_showing_up
Are cards available in the EU?,country_support
Topping up my card is not working because I believe the top up is pending,pending_top_up
What commission do you take for currency exchage?,exchange_charge
The app does not recognize who I am.,unable_to_verify_identity
What do I do to verify my source of funds?,verify_source_of_funds
What are the steps I need to do if I have a stolen card?,lost_or_stolen_card
"in china, need new card",card_about_to_expire
I transferred some money to my mom 2 days ago and she has not received it. I double checked the information and it looks right. Can you help me?,transfer_not_received_by_recipient
Can you tell me the ATMs I can use with my card?,atm_support
How do I use the disposable cards?,get_disposable_virtual_card
Can I change my PIN?,change_pin
My statement shows and extra 1$ that was charged to it and I would like to know why.,extra_charge_on_statement
I'm interested in what your exchange rates are based on.,exchange_rate
My passcode doesn't work,passcode_forgotten
"If I lost my phone, how can I stop someone from accessing my account through the app?",lost_or_stolen_phone
I set up a payment to a new payee and sent some money but the person I'm sending it to has not received it.  Can you check where the money is?,transfer_not_received_by_recipient
How limited is a virtual card?,disposable_card_limits
Is there a top-up limit?,top_up_limits
"I am having trouble doing a transfer. A ""Decline "" message appears after making the transfer.",declined_transfer
How can i reset my passcode ?,passcode_forgotten
Could you tell me about the restrictions that are on the disposable cards?,disposable_card_limits
Has my card been lost in delivery?,card_arrival
"Yesterday, I made an incorrect payment to the wrong account for my rent payment. I need this addressed as soon as possible and the funds transferred to the correct account by no later than tomorrow.",cancel_transfer
"Although I am not located in the UK area, may i still receive a card?",country_support
"I just did a transfer, but don't see the money in my account. What's up?",transfer_timing
how much can i top up?,top_up_limits
Unknowingly to me the payment sent to seller has been redeposied back in my account. I do not know why it would take out the payment and then put it back in my account. Can you resolve this as soon as possible?,reverted_card_payment?
What is the delivery time to the US?,card_delivery_estimate
i put money on my card and i dont see it on the balance,pending_top_up
I did a money transaction and the recipient doesn't see it,transfer_not_received_by_recipient
"I used to know my password, but not anymore.",passcode_forgotten
Why am I being charged certain fees? I noticed a fee after I withdrew some money for groceries earlier today.,cash_withdrawal_charge
I need to exchange foreign currency will i be charged?,exchange_charge
Is it possible to link a new card?,card_linking
I need to reverse a transaction,cancel_transfer
I want to get a refund.,request_refund
I am having a problem proving who I am,unable_to_verify_identity
I'm not familiar with a card payment.,card_payment_not_recognised
How long do I have to wait for my bank transfer to appear in my account?,balance_not_updated_after_bank_transfer
Where do I link the new card?,card_linking
what to do about stolen phone,lost_or_stolen_phone
Can it specifically be delivered on a certain date?,card_delivery_estimate
I made a cash withdrawal and was charged a fee incorrectly can you help with this?,cash_withdrawal_charge
I tried to make a cash withdrawal and it was declined. Why did this happen?,declined_cash_withdrawal
What steps do I have to take to change my PIN?,change_pin
Can cards be dispatched on a specific date?,card_delivery_estimate
Can you tell me if my pop-up went through?,top_up_failed
Why am I still waiting for my refund,Refund_not_showing_up
What's the top up limit?,top_up_limits
Why isn't my beneficiary allowed?,beneficiary_not_allowed
Can you tell me how to order a virtual card?,getting_virtual_card
The ATM ate my card; how do I get a new one?,card_swallowed
What needs to be provided for identity verification?,verify_my_identity
Will I know which exchange rate I will get?,exchange_rate
Why did the ATM take my card and keep it?,card_swallowed
Help!  I forgot my password.,passcode_forgotten
I transferred some money a couple days ago but haven't received it yet. How long should I expect to wait?,balance_not_updated_after_bank_transfer
I must change my PIN as soon as possible.,change_pin
I have a duplicate payment showing,transaction_charged_twice
Will there be a charge for exchanging foreign currency?,exchange_charge
How do I change my passcode?,passcode_forgotten
"There was an extra fee when I paid with my card, why was i charged this extra fee?",card_payment_fee_charged
The exchange rate is incorrect for my payment.,card_payment_wrong_exchange_rate
why is top up pending,pending_top_up
There was a charge applied when I used my card.,card_payment_fee_charged
Why is the transfer showing pending?,pending_transfer
what are the exchange rates for foreign currency ATMs,wrong_exchange_rate_for_cash_withdrawal
What US credit cards do you accept?,supported_cards_and_currencies
How many digits identify the top-up verification code?,verify_top_up
Why isn't my virtual card working?,virtual_card_not_working
"I am adding money, what currencies do you accept to do this?",supported_cards_and_currencies
Are there any limit on the auto top-up?,automatic_top_up
I don't want to verify my identity,why_verify_identity
I sent money and the recipient has not received their money after two weeks.,transfer_not_received_by_recipient
Please stop my purchase.,request_refund
Can you explain why the ATM is giving me less money than what I asked for?,wrong_amount_of_cash_received
What are the disposable cards used for?,get_disposable_virtual_card
I just had my card get declined at the ATM! I need to get money out but I am unable to.  Why has this happened?,declined_cash_withdrawal
Why has my top-up failed?,top_up_failed
What locations can a card be delivered to?,order_physical_card
Im not sure why Im being charged an extra fee just for purchasing an item from another country? I paid for the item and the shipping why am I getting charged extra?,transfer_fee_charged
"I have a question about ATM transactions. Can I take money out of an ATM when I'm traveling abroad? And, can I get the money in my home currancy?",wrong_exchange_rate_for_cash_withdrawal
How do I change my name after marriage,edit_personal_details
Is there a reason that the ATM declined my transaction?,declined_cash_withdrawal
I am missing my refund.,Refund_not_showing_up
In a recent withdrawal I received less cash than I expected to receive.  Did someone make an error with the exchange rate?,wrong_exchange_rate_for_cash_withdrawal
"I was charged a fee when I transferred my funds, why?",transfer_fee_charged
Do you accept SWIFT transfers?,top_up_by_bank_transfer_charge
I didn't buy this twice,transaction_charged_twice
The exchange rate was wrong?,wrong_exchange_rate_for_cash_withdrawal
I had to pay a fee when buying items with my card.,card_payment_fee_charged
Can you tell me what currency I can have?,fiat_currency_support
I moved.  I need to update my details.,edit_personal_details
Why do I need to verify my identity?,why_verify_identity
How many transactions can I make on my disposable card?,disposable_card_limits
I just got my card and cannot get it to work.,activate_my_card
Can I get a disposable virtual card?,get_disposable_virtual_card
Are there limits to businesses that will accept this card?,card_acceptance
"I went to withdraw some cash earlier today, but seems the ATM gave me the wrong amount of cash! The amount showing up in the app is a lot more",wrong_amount_of_cash_received
Are there top up charges for US cards?,top_up_by_card_charge
How do I get a card if I live in the US?,country_support
I didn't see any reason why my transfer was declined. What gives?,declined_transfer
How do I get my virtual card?,getting_virtual_card
I made a cash withdraw and it shows up as pending why is that?,pending_cash_withdrawal
How do I get a refund for something I bought?,request_refund
I see a direct debit charge that I did not approve,direct_debit_payment_not_recognised
Where is my new card? I have been waiting a week!,card_arrival
How can I transfer some money into a foreign account?,transfer_into_account
Supported countries,country_support
My payment was terminated,reverted_card_payment?
Why is there a direct debit to my account? I didn't do that.,direct_debit_payment_not_recognised
"I would like to exchange currencies, but is there an extra charge to do so?",exchange_charge
Where is my money that I transfered?!,balance_not_updated_after_bank_transfer
"I transferred money from the US, How long does it take?",transfer_timing
I have a top up that didn't go through.  Why?,top_up_failed
What proof of identification is needed?,verify_my_identity
What caused my transfer to fail?,failed_transfer
I need to terminate my account immediately.,terminate_account
I don't have a PIN at this point.,get_physical_card
Is there an exchange rate?,exchange_rate
"I no longer need AUD, I need GBP instead, how can I make this happen?",exchange_via_app
I didn't set up a direct debit payment on my account.,direct_debit_payment_not_recognised
Where should I look for my PIN number at?,get_physical_card
I could not transfer to a beneficiary,beneficiary_not_allowed
There is a debit paymet that I don't recognize.,direct_debit_payment_not_recognised
How do I use American express to top up my account?,supported_cards_and_currencies
I didn't make this payment!,card_payment_not_recognised
Do you support all fiat currencies?,fiat_currency_support
I received an extra charge for using the card. Why?,card_payment_fee_charged
One of my transactions needs to be canceled.,cancel_transfer
where do I request a disposable virtual card?,get_disposable_virtual_card
Hello. I'm trying to transfer some money to a friend but it keeps getting rejected. can you help me?,failed_transfer
Is my card denied anywhere?,card_acceptance
How do I go forth on transferring money into my account?,transfer_into_account
What exactly is the exchange fee?,exchange_charge
I just got a new card how do I get it to start working?,activate_my_card
I want a reason as to why my beneficiary is not allowed?,beneficiary_not_allowed
Can I use American Express?,supported_cards_and_currencies
"I stupidly initiated a rent payment from the wrong account yesterday. It can't be paid from that account, but it really needs to get paid on time. Am I able to move the payment to the right account?",cancel_transfer
Do you offer SWIFT transfers?,top_up_by_bank_transfer_charge
Is the PIN sent in another message?,get_physical_card
What options do I have when topping up a US card?,top_up_by_card_charge
Does the package with my card have tracking?,card_arrival
I'd like to discuss an order I placed quite a long time ago. I have yet to receive it and am growing upset.  I want a refund as I now refuse to pay for the product.,request_refund
I submitted my transfer but it has been pending for quite a while and I was wondering what takes so long? why hasn't it completed,pending_transfer
How can my friend give me money?,receiving_money
My card has been found. Is there any way for me to put it back into the app?,card_linking
Can you tell me why I wasn't able to complete my transfer?,failed_transfer
Can you tell me how to top up on my card?,topping_up_by_card
I look but I see no virtual card. Why is that?,getting_virtual_card
I didn't get all the cash I asked for,wrong_amount_of_cash_received
Can i receive transfers from my employer this way?,receiving_money
looking back on my transactions from a couple of months ago I have noticed a charge that is fairly large that I'm certain was not completed by me. I know it has been a while but can I please dispute this charge?,direct_debit_payment_not_recognised
I received my new card.  Where is it in the app?,card_linking
Does this card work everywhere?,card_acceptance
Can I use my card anywhere?,card_acceptance
How long does a transfer take?,pending_transfer
Can I get a spare card for someone else to use?,getting_spare_card
Where can I see the source of my money?,verify_source_of_funds
How do I go about setting up an account for my daughter?,age_limit
Why do I have duplicate transactions for one purchase?,transaction_charged_twice
I have a second credit card from the US. Will you take it?,supported_cards_and_currencies
Where is my money? I transfered it and it isn't in my account.,balance_not_updated_after_bank_transfer
Does it cost anything to top up?,top_up_by_card_charge
Are there any specific ATMs that this card can be used at?,atm_support
I have forgotten my passcode,passcode_forgotten
What should I do if I think that someone else may be using my card.,compromised_card
"I think something went wrong, I didn't get the right amount.",wrong_amount_of_cash_received
Is there a way to find an ATM around me?,atm_support
Please help me as my online payment is getting declined since yesterday while i am trying to purchase something online.,declined_transfer
I need a new card and I live in the United States.,country_support
Why was I charged a fee for debit or credit card payment?,card_payment_fee_charged
My throwaway virtual card won't work,virtual_card_not_working
Can you give me the restrictions of the disposable cards?,disposable_card_limits
I need to transfer funds from China and quick expedition is crucial. Approximately how long does it take for a transfer from China to go through?,transfer_timing
What is the formula for your exchange rate?,exchange_rate
Where can I find my card PIN?,get_physical_card
"My card payment reverted back, I think.",reverted_card_payment?
Atm took my card,card_swallowed
"I received my card, how do I get it to show in the app?",card_linking
When would my card be charged an extra fee for a transaction?,card_payment_fee_charged
What should I do if my physical card isn't working?,card_not_working
Is it normal to get charged extra when i use my card?,card_payment_fee_charged
My cash deposit from a week ago is still not in my account. Can you help me please?,balance_not_updated_after_cheque_or_cash_deposit
2 weeks ago I ordered my new card.  It isn't here.  What should I do?,card_arrival
Where can I find my fund information?,verify_source_of_funds
The date my card expires is coming up,card_about_to_expire
Are you ripping people off with the exchange rate?  It can't be that atrocious between banks.,card_payment_wrong_exchange_rate
I tried to do a transfer but it didn't go through.,failed_transfer
What countries are you located in?,country_support
I don't need to transfer anymore and I want to cancel it.,cancel_transfer
Hey there's a fee for a transfer on my account.  Why?!,transfer_fee_charged
"I think there may be something wrong with my card. I have never had issues with withdraws before, but this morning on the way to work it was suddenly declined.",declined_cash_withdrawal
I would like to know any restrictions for the disposable cards.,disposable_card_limits
The app denied my top-up,top_up_failed
I want this amount reversed out of my account.,request_refund
Is there a limit on auto top-up?,automatic_top_up
Can I exchange currencies with my account?,exchange_via_app
"I've use this account all the time, including over this past month, to pay for things from my new place abroad. I'm a really good customer, so why do I suddenly have new fees? I should be rewarded instead of charged more fees.",transfer_fee_charged
How do I top up my account with a bank transfer?,transfer_into_account
"I want to deposit funds, what payments are accepted?",supported_cards_and_currencies
Please delete the duplicate payment that was made to my account. One payment is still pending and I do not want to pay twice.,transaction_charged_twice
How can I dispute a direct debit charge on my account?,direct_debit_payment_not_recognised
A wrong amount of cash we sent to me.,wrong_amount_of_cash_received
Why is my disposable card not working?,virtual_card_not_working
I am quite aggravated that I ordered online almost a month ago and I never got my package and I paid for it. I would really appreciate it if I could get a full refund back now.,request_refund
What do you need my identity details for?,why_verify_identity
What do I do to get a disposable virtual card?,get_disposable_virtual_card
I can't find the auto-top up option.,automatic_top_up
how to get virtual card,getting_virtual_card
How old do kids have to be to open an account?,age_limit
When will my funds transfer?,transfer_not_received_by_recipient
Where can I use a disposable card?,disposable_card_limits
Why is my money not in my account. I have already sent it out.,balance_not_updated_after_cheque_or_cash_deposit
Hello I changed my mind and really need a refund on one of things I bought recently. Can you please cancel the transaction and get me my money back. Pls it's urgent,request_refund
I am still waiting on my bank transfer,balance_not_updated_after_bank_transfer
Where is my PIN number located?,get_physical_card
Is there a charge for exchanging foreign currencies?,exchange_charge
what is the price of a transfer?,top_up_by_bank_transfer_charge
I no longer want this can i cancel my purchase?,request_refund
"When I tried to pay for my bus ride, the contactless payment wouldn't work. How can I prevent this in the future?",contactless_not_working
How can I unblock a blocked pin number for my account?,pin_blocked
"Hey I am standing in front of an ATM here, it only gave me 10 pounds even though I wanted to withdraw 30! Seems like the app has 30 pounds, what do I do??",wrong_amount_of_cash_received
The terminal I paid at wouldn't take my card. Is something wrong?,contactless_not_working
Can my 8 year old grandson open an account at the bank?,age_limit
Do I need to order a new card before it expires?,card_about_to_expire
I have a fee for cash withdrawal,cash_withdrawal_charge
Why do I need to verify a top-up?,verify_top_up
I transferred some money to a friend of mine who urgently needs some money right now. How long will it take to get to her?,transfer_not_received_by_recipient
Why does my account not accept cash deposits?,balance_not_updated_after_cheque_or_cash_deposit
Where can I have a new bank card sent to China?,card_about_to_expire
I was charged an incorrect exchange rate for a withdrawal.,wrong_exchange_rate_for_cash_withdrawal
"I tried to get money out of an ATM in Notting Hill earlier, but it didn't work. Is my card actually working? It's the first time I tried using it",declined_cash_withdrawal
Why should I verify the top-up?,verify_top_up
Why did I receive an error message saying that my transfer was not possible?,beneficiary_not_allowed
I bought some stuff this morning but the payment shows as pending,pending_card_payment
Can you assist on apple watch top ups?,apple_pay_or_google_pay
What do i do to get a physical card?,order_physical_card
Will you accept a cheque to top up my account?,top_up_by_cash_or_cheque
What is the process to activate a card,activate_my_card
I am 16 and just started working at McDonalds can I deposit my checks at your bank?,age_limit
"I need to transfer money into my account, and I don't know how to do that.",transfer_into_account
My card is about to expire.  How do I get a new card?,card_about_to_expire
After transfering some money my balance hasn't changed.,balance_not_updated_after_bank_transfer
"Transferred to account is not successful, help please?",balance_not_updated_after_bank_transfer
Why can't I get cash from the ATM?,declined_cash_withdrawal
Do I get a choice between Visa and Mastercard?,visa_or_mastercard
Please can you block the transaction I just sent from my account? It was a payment but I accidently typed in the wrong details and think it might have gone to the wrong place.,cancel_transfer
can you check why I wasn't able to top up?,top_up_failed
How long does it take for a money transfer to show up?,pending_transfer
Why do you need so much information about me,why_verify_identity
There's a payment showing in the app today even though I have not used my card at all. I want a refund.,direct_debit_payment_not_recognised
"How long does the ""pending"" period of a transfer take?",pending_transfer
How do I make contactless work,contactless_not_working
"My top-up was cancelled, could my bank be the problem?",top_up_reverted
Help me with my contactless which isn't working.,contactless_not_working
I am seeing an extra fee on my statement what is that for?,extra_charge_on_statement
I didn't see the money I added to my card.,top_up_failed
I've been waiting for a refund to show up and I don't see it on my statement yet.,Refund_not_showing_up
I checked my account and see that funds were deducted from a seller I didn't approve of. Can you help me understand?,direct_debit_payment_not_recognised
What currencies does google pay top up accept?,apple_pay_or_google_pay
Are you going to charge me to collect the money?,top_up_by_bank_transfer_charge
"If I have more than one disposable card, can I make five payments on each of them?",disposable_card_limits
It's been a few days since I've tried to pay a seller but the funds aren't going through. What is happening?,pending_card_payment
What do I do if the bank machine won't accept my PIN attempts anymore?,pin_blocked
Was there a problem with topping up?,top_up_failed
"I'm not in the UK, but can I still get a card?",country_support
Are there fees for adding money with an International card?,top_up_by_card_charge
I have a duplicate payment on my account,transaction_charged_twice
I transferred money but the balance hasn't changed.,balance_not_updated_after_bank_transfer
how can i exchange currencies,exchange_via_app
Help! I made a transfer in error and need to cancel it before it's complete!,cancel_transfer
"I tried to withdraw cash, but got declined!",declined_cash_withdrawal
I am not Happy with this product can i get a refund?,request_refund
Can my children have an account?,age_limit
Why was my ATM transaction cancelled?,declined_cash_withdrawal
Why did you charge a fee when I withdrew from an ATM?,cash_withdrawal_charge
Can you tell my why my card payment has been reverted.,reverted_card_payment?
Why can't I see the top up I made?,topping_up_by_card
What are the disposable virtual card limits?,disposable_card_limits
When will the card arrive?,card_delivery_estimate
Can I order a virtual card?,getting_virtual_card
How long will it take for the transfer to reach my account?,transfer_timing
I have a payment that is still pending,pending_card_payment
Why did the funds not transfer to another recipient?,transfer_not_received_by_recipient
What are the steps to finishing up with this account?,terminate_account
auto-top up option can be found where?,automatic_top_up
I attemped a transfer and it didn't go through.,failed_transfer
Is there a limit to auto top?,automatic_top_up
Where is my refund? it appears to be missing.,Refund_not_showing_up
Where do I locate topping up with cash.,top_up_by_cash_or_cheque
How do i cancel my transaction?,cancel_transfer
What documents do I need to get together to verify my identity?,verify_my_identity
What fiat currencies are used for exchange?,fiat_currency_support
What currencies do you accept for adding money to my account?,supported_cards_and_currencies
why was i chargged,transfer_fee_charged
"Hello, I have noticed a problem on my recent withdrawal at the banks atm machine.  I made a transaction and upon receiving my funds from the machine, a fee was assessed to my withdrawal.  Are these types of transactions free of charge?",cash_withdrawal_charge
I did a transaction to a wrong account!,cancel_transfer
Has my top up been reverted?,top_up_reverted
My card payment has been pending for a long time now. Why is it taking so long to take. It should have already made it through.,pending_card_payment
What are my payment options for topping off my account?,top_up_by_cash_or_cheque
How do I go about getting hold of a virtual card?,getting_virtual_card
How will I receive my PIN?,get_physical_card
Someone might be using my card that is not me.,compromised_card
I need a new card.,getting_spare_card
I would like to change my personal details.,edit_personal_details
The money is still in my account even though I already paid -- I don't understand what happened.,reverted_card_payment?
Why was a charged a fee for using the card?,card_payment_fee_charged
"I want to reactivate my card, I thought I had lost it but found it again this morning.",card_linking
What is the source of your exchange rates?,exchange_rate
I refilled my account balance but got an error message.,top_up_reverted
How do I change my address ?,edit_personal_details
Why did my card payment get declined?,declined_card_payment
Help! When will the card arrive at my home?,card_delivery_estimate
There is a payment on my card that I do not recognize.  I've never seen the name on the transaction before.,card_payment_not_recognised
the exchange rate at which my card payment is at is wrong,card_payment_wrong_exchange_rate
I can't find my password,passcode_forgotten
Why did my top up get reverted?,top_up_reverted
Can my children get an account?,age_limit
Is there a place to check for fee for payments? I feel like I'm getting charged too much at times.,card_payment_fee_charged
app does not recognize me,unable_to_verify_identity
Why are my purchases from this morning still pending?,pending_card_payment
I am looking to delete my account. I'm not happy with the service provided by you.,terminate_account
I am not happy with your service and request that my account be terminated!,terminate_account
I ordered something online a while ago and I haven't gotten it. I would like a refund.,request_refund
How will I get my card?,card_delivery_estimate
Can I have it add money at certain time intervals when I travel?,automatic_top_up
Why hasn't a transaction I did to my friend arrived yet?,transfer_not_received_by_recipient
Why is my transfer not showing,balance_not_updated_after_bank_transfer
"I show another charge on my card from when I used it, why?",card_payment_fee_charged
How do I get a new card when my old one expires?,card_about_to_expire
"You will hear back from us about your verification results in 10 minutes to a one hour timeframe.  If these verification results do fail, please double-check to make sure your images are clear and have no glare or blur; your photos need to be fully readable.  You need to be 18 years of age or older and a resident of Switzerland or the European Economic Area to create an account.",unable_to_verify_identity
Why can't I add any beneficiary I choose?,beneficiary_not_allowed
Which US cards have top up charges?,top_up_by_card_charge
Is there a fee for extra cards?,getting_spare_card
I used the ATM machine to get money out for Holiday shopping and saw the outrageous charges. Why is that? I would not have used the ATM if I had known!,wrong_exchange_rate_for_cash_withdrawal
The amount of money I pushed at the atm machine did not come out of the machine.,wrong_amount_of_cash_received
How will I know where my funds are coming from?,verify_source_of_funds
I tried to buy something online yesterday but it kept saying declined. Tried another time today but same thing happened. What's Broken?,declined_transfer
What is the fastest that I can make a transfer?,transfer_timing
Do I need my phone to use the app?,lost_or_stolen_phone
"How can I get my money back on an order. I haven't gotten the item yet, so I want to cancel the order. How?",request_refund
Unknown direct deposit,direct_debit_payment_not_recognised
There is a duplicate payment on my card. Why?,transaction_charged_twice
Please help me get a virtual card.,getting_virtual_card
My phone was stolen,lost_or_stolen_phone
I would like a temporary virtual card,get_disposable_virtual_card
Where is the top-up verification code located?,verify_top_up
The item i bought exchanged rate was incorrect.,card_payment_wrong_exchange_rate
Hi I'm waiting for a refund for an item I bought. I have contacted the merchant directly but had nothing back. Can you tell me whether or not you are able to refund me for the item?,Refund_not_showing_up
How do I edit the personal details on my account?,edit_personal_details
"Do you not accept crypto transfers from certain places? Because when I tried to do a top up the money just disappeared. Im not sure what to do or what I'm doing wrong, please help.",top_up_reverted
Why are you charging me for ATM withdrawal? It has always been free before.,cash_withdrawal_charge
My card broke.,card_not_working
I made an ATM withdraw it didn't give me the amount I asked for but is showing a withdraw for that amount.,wrong_amount_of_cash_received
I am not seeing recent cash withdrawal on my account.,pending_cash_withdrawal
I want to choose a new PIN.,change_pin
What is the max I can top up?,top_up_limits
Why am I being charged a hidden fee?,card_payment_fee_charged
Why am I being charged to make cash withdrawals? I thought they were supposed to be free!,cash_withdrawal_charge
My virtual card won't work.,virtual_card_not_working
I got less cash than the one I specified in the ATM,wrong_amount_of_cash_received
Is my PIN recorded anywhere?,get_physical_card
Can I get money out of any machine?,atm_support
"Help, I was charged twice!",transaction_charged_twice
There is a odd withdrawal on my account.,cash_withdrawal_not_recognised
What ATM locations are near me?,atm_support
Will I get a visa or Mastercard?,visa_or_mastercard
I think my top up is still pending?,pending_top_up
are multiple currencies acceptable?,fiat_currency_support
How come my card doesn't work anymore?,card_not_working
"I made a bank transfer from my UK account today, but it's not showing.  Can you check status?",balance_not_updated_after_bank_transfer
Why hasn't the transaction I did arrive yet?,transfer_not_received_by_recipient
my google pay seems to be acting up.,apple_pay_or_google_pay
What should I do if I think someone is using my card without my permission?,compromised_card
I just realised I made the wrong payment yesterday. Can you please change it to the right account? It's my rent payment and really really needs to be in the right account by tomorrow,cancel_transfer
Can I use my account if the identity verification is not complete?,why_verify_identity
"Hello, my transfers are getting failed continuously, in spite of the fact that all the recipient details are correct. Please advise.",declined_transfer
"If I want to topup by card, how do I do it?",supported_cards_and_currencies
The app reverted my top up,top_up_reverted
I got an cancellation error when I was topping up.,top_up_reverted
Are both Visa and Mastercard offered?,visa_or_mastercard
I am perplexed. Why is it that I received an extremely wrong rate when I tried to use an ATM using a foreign currency?,wrong_exchange_rate_for_cash_withdrawal
I tried to do a transfer and it hasn't worked!,failed_transfer
Why did I get a fee for getting cash?,cash_withdrawal_charge
It seems someone used my card! There are a few transactions from a small town in the middle of nowhere that I definitely have not made! Please prevent them from using it immediately!,compromised_card
Why didn't my transfer to a beneficiary happen?,beneficiary_not_allowed
how do I get my card to show in the app?,card_linking
"who do I talk to, to cancel a transfer?",cancel_transfer
"lost phone, can i still access account?",lost_or_stolen_phone
I tried to make a transfer but it failed. will you tell me why?,failed_transfer
I transferred money but the balance did not update.,balance_not_updated_after_bank_transfer
I heard you have virtual cards. How do I get one?,getting_virtual_card
I am unable to get cash from the ATM,declined_cash_withdrawal
"If I exchange currencies frequently, is there a discount?",exchange_charge
What are the steps for the identity checks?,verify_my_identity
why can't my beneficiary make transactions?,beneficiary_not_allowed
How will I know when I can use the auto top-up feature?,automatic_top_up
Where can I find an ATM?,atm_support
What do I need to do for the card activation?,activate_my_card
What all is needed to verify the top-up card?,verify_top_up
How do I make an exchange from one currency to another?,exchange_via_app
Why does my identity need to be verified?,why_verify_identity
Would it be possible to activate my card?,activate_my_card
"Can I get a physical card for free, or is there a charge?",order_physical_card
The app is showing a direct debit transaction that I did not perform,direct_debit_payment_not_recognised
How old do you need to be to use the banks services?,age_limit
"I made a transfer for my rent payment about 2 days ago, but my landlord hasn't received it yet. It shows as done on my  side, and I've double check all account numbers and they are correct. Can you verify that the transaction was actually made?",transfer_not_received_by_recipient
What should I expect to be charged on a SEPA transfer?,top_up_by_bank_transfer_charge
Can it be delivered by a specific date?,card_delivery_estimate
An extra fee has been added to my card payment is this correct?,card_payment_fee_charged
where do I go to top up with cash?,top_up_by_cash_or_cheque
Could you send me and up date on the arrival of my card?,card_arrival
"My recent transfer needs to be cancelled immediately; it was a mistake, please can you cancel it before it goes through?",cancel_transfer
A pending charge of 1L appears on my statement.  Please explain as I have not made a purchase for that amount,extra_charge_on_statement
"There is a pending transaction on my account, what does this mean?",pending_card_payment
I need help cancelling a transaction.,cancel_transfer
Do you have the best exchange rate?,exchange_rate
There is a problem with my card. Somebody has removed money from my account in a town I haven't been to. Can you please freeze my account immediately?,cash_withdrawal_not_recognised
Please check to see if the band transfer I made a while ago from my UK account has safely arrived.,balance_not_updated_after_bank_transfer
I tried to get cash out of the ATM but it is taking too long,pending_cash_withdrawal
"Hi, would you please activate my card?",activate_my_card
Why is my card payment still pending? It should have gone through already.,pending_card_payment
"I found my card, how can I use it again?",card_linking
"Would you please tell me the status of my refund request for a large purchase I made not long ago? I contacted the merchant nearly a week ago, but haven't received it.",Refund_not_showing_up
I can't see my refund in my history.,Refund_not_showing_up
"for god sake, just delete my account i am sick of this",terminate_account
Why would I get a decline message in a transfer?,declined_transfer
What are the top up charges for US cards?,top_up_by_card_charge
Do the disposable cards have any restrictions on them?,disposable_card_limits
Where do my funds come from?,verify_source_of_funds
There are some payments with my card that I don't know where they are coming from. Just checked today and it's been since a couple days as well! What to I do? Can I revert this retrospectively? My card needs to be frozen immediately as well!,card_payment_not_recognised
How do I dispute a direct debit transaction?,direct_debit_payment_not_recognised
How do I go forth on transferring a sum of money from one account to another?,transfer_into_account
Do i have to wait to get the pin or can i set up a pin,get_physical_card
Why did I get less money than I asked for?,wrong_amount_of_cash_received
What are the acceptable currencies for adding funds?,supported_cards_and_currencies
"Hello,  I am a college student who I recently attended my high school reunion at a local restaurant. I paid with my credit card and now my transaction history reflects a second charge of the seemingly same payment. What could be the reason for this?  Is there any way to have the fraudulent  payment credited back onto my card?",transaction_charged_twice
My card payment has the wrong exchange rate,card_payment_wrong_exchange_rate
I didnt get the correct exchange rate for getting cash,wrong_exchange_rate_for_cash_withdrawal
Why can't I see my top up?,topping_up_by_card
Where did this extra €1 fee on my statement come from?,extra_charge_on_statement
Where are you present globally?,country_support
Is there a limit on top-ups?,top_up_limits
What limits are the to top-ups?,top_up_limits
"I have done a transfer within the country a couple days ago, but it's still not there yet. Can you please check what's going on with that, the account number definitely is the right one, I've checked that several times already.",transfer_not_received_by_recipient
"Hello,  In my most recent ATM transaction, I didn't receive nearly as much cash as I thought I would - what is your exchange rate policy?",wrong_exchange_rate_for_cash_withdrawal
Top-up is loaded into the card and no update.,pending_top_up
It didn't give me my cash,wrong_amount_of_cash_received
Where can I find top up by cash deposit?,top_up_by_cash_or_cheque
How can get a Visa card?,visa_or_mastercard
I received less cash than the amount I specified in the ATM.,wrong_amount_of_cash_received
Someone needs to make me aware when there are extra charges for payments. I happened to be looking at the app earlier and noticed a charge associated to a payment that was extra that no one made me aware of before at all.,card_payment_fee_charged
I would like to delete my account please.,terminate_account
How do I exchange my GBP to AUD?,exchange_via_app
I've been waiting for over an hour for a top up to go through.  How long is this supposed to take?  I really need this money.,pending_top_up
"Hi, during online shopping payment is getting declined yesterday and today as well. Please check the issue.",declined_transfer
Why didn't I receive all the cash I requested?,wrong_amount_of_cash_received
Will I get charged fees when I add money with an international card?,top_up_by_card_charge
My refund has not shown up in my account.   Where is it?,Refund_not_showing_up
I want to top up by cheque,top_up_by_cash_or_cheque
How do I deal with a blocked PIN?,pin_blocked
what is the most i can top up?,top_up_limits
The app failed to verify me.,unable_to_verify_identity
Can I use my Apple Watch to pay for gas?,apple_pay_or_google_pay
I would like to get a few more physical cards.,getting_spare_card
I need to stop a transaction that I made.,cancel_transfer
I lost my phone and need help so someone doesn't access my account.,lost_or_stolen_phone
My identity can't be verified for some reason,unable_to_verify_identity
Is there a fee for exchanging currencies?,exchange_charge
I need a new passcode.,passcode_forgotten
What is the process of card activation?,activate_my_card
can i add funds  with a card from the united states,supported_cards_and_currencies
What other credit cards can I use?,supported_cards_and_currencies
make my account go away,terminate_account
Why is checking my identity important?,why_verify_identity
Are money transfers free?,transfer_fee_charged
Why do you need to know where my money is coming from?,verify_source_of_funds
What do I do if I still have not received my new card?,card_arrival
I needed $100 but all it gave me was $20.,wrong_amount_of_cash_received
How to I transfer my funds into my account?,transfer_into_account
Can I have a refund for one of your products?,request_refund
My address has changed.,edit_personal_details
There is the same transaction showing more than once.,transaction_charged_twice
How do I get a refund for an item I bought?,request_refund
Why was I charged twice for the same thing?,transaction_charged_twice
"My top-up was reverted, why did this happen?",top_up_reverted
Is American Express supported for adding money into my account?,supported_cards_and_currencies
What is your currency exchange fee?,exchange_charge
Cash withdrawal was incorrect at ATM.,wrong_amount_of_cash_received
The app says I made a cash withdrawal that I didn't make,cash_withdrawal_not_recognised
I'd prefer Mastercard.,visa_or_mastercard
"I tried topping off my account with a card, but the money is not in my account despite the charge going through",topping_up_by_card
"I need to transfer money into my account, HOW?",transfer_into_account
Can you tell me why my pop-up is still pending?,pending_top_up
Will filling stations accept my card?,card_acceptance
"Hi,  Is there any problem with app? As i am facing some issues with the exchange of crypto currency. I am extremely interested in buying.",beneficiary_not_allowed
Can I use this app for both USD and GBP?,exchange_via_app
Why wasn't my contactless accepted at the metro?,contactless_not_working
I have a payment that hasn't went through yet.,pending_card_payment
What do I do if my phone is stolen?,lost_or_stolen_phone
how long should I expect to wait for my card to arrive?,card_delivery_estimate
What can I do to verify my card?,verify_top_up
Can I unblock my card using the app?,pin_blocked
A debit came through that I need to dispute.,direct_debit_payment_not_recognised
Is there a charge for SEPA transfers?,top_up_by_bank_transfer_charge
Can you help me reset my password?,passcode_forgotten
is the a reason why my transfer has failed?,failed_transfer
Help! My card isn't working at the ATM and I know I used the right PIN. Trying to get my money.,declined_cash_withdrawal
What's taking my top-up so long?,pending_top_up
why did my payment revert,reverted_card_payment?
Can you make exchanges with the EUR?,fiat_currency_support
I'm not happy with the services I'm getting with this company. Can you please delete my account?,terminate_account
How much am I charged for a SEPA transfer?,top_up_by_bank_transfer_charge
How do I re-add a card to the app?,card_linking
My transfer says pending. What does that mean?,pending_transfer
Something is wrong with my top up and I can't see it. How do I find it?,topping_up_by_card
Is my card actually working? It's the first time I tried using it,declined_cash_withdrawal
how do the cards work?,get_disposable_virtual_card
Can I have a third card?,getting_spare_card
There is no way for me to prove my identity.,unable_to_verify_identity
I haven't received my cash yet.,wrong_amount_of_cash_received
How long does it take for a cheque to post to your account?,balance_not_updated_after_cheque_or_cash_deposit
Why does my statement show an extra fee?,extra_charge_on_statement
My physical card is not working,card_not_working
I was charged more than once for a card payment I made.,transaction_charged_twice
Can I use Apple Pay to top-up?,apple_pay_or_google_pay
"I have done a transfer within the country the day before yesterday, but it's still not there yet. Can you please check what's going on with that, the account number definitely is the right one, I've checked that already.",transfer_not_received_by_recipient
What is wrong with my top-up?,pending_top_up
Is identity verification required for me to use my account?,why_verify_identity
Is it possible to have both a Visa and a Mastercard from you?,visa_or_mastercard
Can you tell me if I can track the card you sent me?,card_arrival
Why hasn't my top-up gone through?,pending_top_up
Google pay top up not working.,apple_pay_or_google_pay
How would I be able to make changes to my personal details?,edit_personal_details
Why hasn't my return cleared my account?,Refund_not_showing_up
"Next month my card will expire, do I need to order a new one?",card_about_to_expire
I'm trying to take money from my account but its not letting me. Help!,declined_cash_withdrawal
How long will it take to receive a virtual card?,getting_virtual_card
I cancelled my card payment,reverted_card_payment?
Do you have any idea on when I will receive my refund? I got my statement and it was not there.,Refund_not_showing_up
What cards do you accept to top up my account?,supported_cards_and_currencies
There is not a refund in my statement.,Refund_not_showing_up
Is there a way to track the new card you sent me?,card_arrival
My transfer was declined,declined_transfer
I want to change my PIN - do I need to be in a bank?,change_pin
"I just bought an item and would like to stop payment, is this possible?  The item has not been received yet.",request_refund
How do I know where my funds come from?,verify_source_of_funds
Why isn't my top up showing?  Was the money reversed?,top_up_reverted
My top-up has not posted.,pending_top_up
Tell me why my card payment would be reverted.,reverted_card_payment?
I noticed a new fee on my account. I didn't know there were fees for these payments. What is the policy?,card_payment_fee_charged
"When I made a transfer, there was a fee.  Why?",transfer_fee_charged
why are all my identity details required,why_verify_identity
"I think someone might have a copy of my card because a 500 dollar withdrawal was made, and it wasn't me. Can you please help?",cash_withdrawal_not_recognised
How can I perform a dual money transferring from one account to another?,transfer_into_account
Can I use a different currency with my salary?,receiving_money
What's up with the extra fee I got?,cash_withdrawal_charge
I did a payment but the app cancelled it.,reverted_card_payment?
"I have checked my statements multiple times, but my refund that I requested a while back is not showing on my account. Is there a reason for this? Can I get some help getting my money back from this transaction?",Refund_not_showing_up
"I have never been charged for making an ATM cash withdrawal before, but I am now being charged a fee to withdraw cash. What happened?",cash_withdrawal_charge
I requested a refund but can't see it.,Refund_not_showing_up
Do I need to speak to a representative to change my pin?,change_pin
My card was topped this morning but I can't see the funds. Why didn't it complete?,pending_top_up
I put money in my account a week ago but its still not there?? What happened to my money?,balance_not_updated_after_cheque_or_cash_deposit
How do I find out where my funds came from?,verify_source_of_funds
I completed a money transaction but the recipient hasn't received it,transfer_not_received_by_recipient
I've checked multiple times to make sure the account number listed is the right one after attempting to make a transfer within the country the day before yesterday. The transfer is still not available so can you please find out what is going on?,transfer_not_received_by_recipient
Why have I been charged twice?,transaction_charged_twice
Do you know which businesses will accept my card?,card_acceptance
Where is the card PIN located?,get_physical_card
Do you charge a fee for topping up a card?,top_up_by_card_charge
I want to reverse a transaction I did this morning,cancel_transfer
My top up was denied,top_up_failed
I'd like to provide my daughter with a card - could I get an additional card from my account to give her?,getting_spare_card
How long will it take for the card to arrive?,card_delivery_estimate
I'm worried my card might be lost in the mail? How long does it usually take to arrive?,card_delivery_estimate
My cash deposit isn't in my account. What happened?,balance_not_updated_after_cheque_or_cash_deposit
When will it get delivered?,card_delivery_estimate
Is there a Mastercard ATM nearby?,atm_support
The rate applied to my foreign currency at an ATM was incorrect.,wrong_exchange_rate_for_cash_withdrawal
I was charged a fee for a transfer.,transfer_fee_charged
For some reason my contactless has stopped working. I don't know what the problem is. What can I do?,contactless_not_working
my atm transaction was wrong,wrong_amount_of_cash_received
"new customer and filling gas today, it's not working, the thing shows pending half an hour!",pending_top_up
I can't seem to get my virtual card to work.,virtual_card_not_working
Explain the extra ATM fees.,cash_withdrawal_charge
Explain the card PIN to me.,get_physical_card
Are there any fees for top ups?,top_up_by_card_charge
My transaction needs to be canceled.,cancel_transfer
Can I tell if my top off didn't work?  It doesn't seem to have.,top_up_failed
"I tried to access money earlier but the machine seems not to be working. After looking, the transaction actually shows to still being process. Can you find out what is going on here? I don't want to be charged for some money I never got.",pending_cash_withdrawal
Which currencies do you accept for adding money?,supported_cards_and_currencies
What other methods are there to verify my identity?,why_verify_identity
Do you support changing the currency I use?,exchange_via_app
I was charged more than once in a single transaction,transaction_charged_twice
i tried to make a transfer to a beneficiary and it didn't go through,beneficiary_not_allowed
Which countries are you available in?,country_support
"I think that someone may be using my card, but I'm not sure,.",compromised_card
I'm upset because I got charged a ridiculous fee when making an ATM withdrawal over a holiday weekend.  It didn't notify me beforehand either or I wouldn't have ever done it.,wrong_exchange_rate_for_cash_withdrawal
How many transactions can I do with my disposable card?,disposable_card_limits
When will my new card arrive?,card_arrival
What can you do to unblock my pin?,pin_blocked
places i can use the card,card_acceptance
Can you make sure I get a MasterCard and not a Visa?,visa_or_mastercard
I made a purchase earlier today but it is still listed as pending- when will it go through?,pending_card_payment
What is this fee for transferring money?,transfer_fee_charged
What is this witdrawal,cash_withdrawal_not_recognised
I looked on the app and it says I withdrew cash.  I didn't!,cash_withdrawal_not_recognised
I am having trouble verifying my identity.,unable_to_verify_identity
what is the most money i can top up?,top_up_limits
"Hi, It's urgent, please freeze my card. As someone has withdrawn money using my card in odd remote town. Since i have not done this withdrawal. Do it fast.",cash_withdrawal_not_recognised
I have a direct debit on my records that is strange and I need help.,direct_debit_payment_not_recognised
I am noticing that a refund of a large purchase still has not been credited to my account. I contacted the merchant a few days ago and he assured me that he would submit it right away. Is there a status update?,Refund_not_showing_up
I was charged multiple times for one purchase,transaction_charged_twice
What am i missing to verify my id?,unable_to_verify_identity
I'm having trouble verifying my ID.,unable_to_verify_identity
I have a payment I didn't do,card_payment_not_recognised
"Help! I keep checking my account, but my refund is not showing. I requested that a seller refund my money a while back, but there is no money showing in my account. What can you do for me?",Refund_not_showing_up
Are new cards available from China?,card_about_to_expire
What should I do if I don't know my password?,passcode_forgotten
Is there any way I can get more physical cards to use with my account?,getting_spare_card
Do you have an age limit?,age_limit
"I didn't think my country-to-country money transfer would take so long. It still says that it's pending so I re-checked all of the account information--everything seems right, so what's the deal?",pending_transfer
It seems like a transfer is pending.,pending_transfer
How do I exchange currencies using this app?,exchange_via_app
How can I make my card show up in the app?,card_linking
What is the cause that the transfer shows as pending?,pending_transfer
How do I get my card on the app?,card_linking
I can't get the top-up to work! What's going on here.,top_up_failed
Can I use my card in another institutions ATM?,atm_support
Why am I not allowed to verify my id?,unable_to_verify_identity
Am I limited to what ATM I can use my card?,atm_support
There is a strange payment on my card.,card_payment_not_recognised
Is there any age limit?,age_limit
How do I interconvert between AUD and GBP?,exchange_via_app
Why doesn't my passcode work?,passcode_forgotten
"Hi, i found a large amount payment in my old statements which i am sure was not made by me. I am aware that the time has passed but is there a way to raise a dispute for this payment now?",direct_debit_payment_not_recognised
"My salary is received in the form of GBP. Is it necessary to configure this? If so, where is this done?",receiving_money
How can I top up with Google Pay?,apple_pay_or_google_pay
"I would like to close my account, as I'm not happy.",terminate_account
"I have a card payment that was declined, but why?",declined_card_payment
Is there a trick to get the disposable virtual card to work?,virtual_card_not_working
I have yet to receive the cash I added to my account this morning.,balance_not_updated_after_cheque_or_cash_deposit
I placed my order a week ago. Is it ok that my card isn't here yet?,card_delivery_estimate
If I make a transaction can I cancel it?,cancel_transfer
"unhappy with you, how to delete account",terminate_account
Can someone please assist me with finding my nearest ATM?,atm_support
"Hae there, I have a transaction that is in progress despite the fact that the ATM was not working, what do I do to avoid being charged?",pending_cash_withdrawal
Is there a reason why a recipient might not see my money transaction,transfer_not_received_by_recipient
How do I reverse a transaction on my account?,request_refund
My plans may change so I may need to change from GBP to AUD.,exchange_via_app
How long will it take for my cash withdrawal to stop pending,pending_cash_withdrawal
When my card expires do you send a new card?,card_about_to_expire
Can I transfer money to my card via bank-transfer?,transfer_into_account
I see a charge on my account that I don't recall making. I feel like my account may have been compromised.,card_payment_not_recognised
I have exceeded all my PIN tries,pin_blocked
Why is my app showing me taking money that I did not take out?,cash_withdrawal_not_recognised
My contactless payments have not been completed successfully.,contactless_not_working
Any chance of getting the card outside the UK?,country_support
I am having some difficulty verifying my id.,unable_to_verify_identity
Why was I charged an additional $1?,extra_charge_on_statement
Why do you keep declining my payment?I tried several times already with this card and it is just not working.,declined_card_payment
How much more do you charge for currency exchange?,exchange_charge
How do I order a replacement for stolen card?,compromised_card
Why did it cost money to transfer funds?,transfer_fee_charged
Help me transfer money to my credit card.,topping_up_by_card
What was the $1 charge for on my statement?,extra_charge_on_statement
The wrong exchange rate was used when I bought something with a foriegn currency.,card_payment_wrong_exchange_rate
What should I do if someone stole my phone?,lost_or_stolen_phone
Card payment is showing as pending,pending_card_payment
Is there a limit on making disposable cards?,disposable_card_limits
I would like to dispute a payment I didnt make,direct_debit_payment_not_recognised
How much transactions do I get with a disposable card?,disposable_card_limits
I need to cancel a payment. Something i purchased a while ago still has not arrived and i'm not going to pay them if they won't send me what I purchased.,request_refund
I need you to cancel a transfer that I made.  It is the wrong account number and the app won't let me stop the transaction.  Please stop it!,cancel_transfer
Is my account able to be topped up by my friends?,topping_up_by_card
My transfer keeps failing and I just want to transfer the money can you please make it work?,failed_transfer
Can you help me retrieve my card?,lost_or_stolen_card
Is there a disposable virtual card?,get_disposable_virtual_card
Will I be charged for a cash withdrawal?,cash_withdrawal_charge
what happens to the funds if a merchant refuses the payment,reverted_card_payment?
Can I get a Visa or Mastercard?,visa_or_mastercard
Can a transaction be cancelled?,cancel_transfer
My top up says it is still pending,pending_top_up
Are both Visa and Mastercard accepted?,visa_or_mastercard
"I've just come back from an eating holiday in the USA and Canada and have SO many pending and duplicated transactions on my account.  I think there is something wrong, can you look in to it please?",transaction_charged_twice
Will I be able to get a disposable virtual card as well?,get_disposable_virtual_card
Where do my available funds come from?,verify_source_of_funds
What is the process for activating my card?,activate_my_card
There are automatic debits on my account that I did not make.,direct_debit_payment_not_recognised
How long does it take for an international transfer into my account?,balance_not_updated_after_bank_transfer
I was at an ATM and it swallowed my card.,card_swallowed
I am seeing in the App a payment that its not mine,card_payment_not_recognised
One of my payments was doubled,transaction_charged_twice
My account was charged a fee. When did you start charging extra for card payments?,card_payment_fee_charged
Is there a tracking number for the card?,card_arrival
I purchased an item and the exchange rate was wrong,card_payment_wrong_exchange_rate
How long does it take for a transfer to get to a recipient?,transfer_not_received_by_recipient
Why are you charging me fees for using my card?,card_payment_fee_charged
can I transfer my salary if it's in a different currency?,receiving_money
Where do I find how to top off with a check?,top_up_by_cash_or_cheque
Can I mail in a check to top up?,top_up_by_cash_or_cheque
I'm worried that my card has been compromised because I see a payment that I didn't make.,card_payment_not_recognised
"I was charged a fee when withdrawing cash, can you explain why?",cash_withdrawal_charge
"Help me!  When I was abroad, the exchange rate was wrong.",wrong_exchange_rate_for_cash_withdrawal
My transfer has been declined and I know it should have went through.,declined_transfer
Why can't I withdraw cash from this ATM?,declined_cash_withdrawal
When will I receive the cash payment from the check I deposited?,balance_not_updated_after_cheque_or_cash_deposit
$20 came out instead of $100,wrong_amount_of_cash_received
Please help me with my card.  It won't activate.,activate_my_card
I lost my phone and need help securing it.,lost_or_stolen_phone
My card was working but now it doesn't.,card_not_working
The payment I made with my card is not showing up.,reverted_card_payment?
What to do if my physical card is not working?,card_not_working
What are my remedies if I think I was charged twice for the same expense?,transaction_charged_twice
Can you tell me what I need to do for the identity check process?,verify_my_identity
How come there is a $1 extra charge on my statement?,extra_charge_on_statement
Where do I find my card PIN?,get_physical_card
How do I cancel my transfer?,cancel_transfer
How can I use American Express to add funds to my account?,supported_cards_and_currencies
Can I tell what business will take this card?,card_acceptance
"OMG!  I'm trying to load my card and it wont top up!  I desperately need the money either on my card or in my bank, where is it?",pending_top_up
Can I auto top-up as much as I want?,automatic_top_up
"I recently got a new place while I'm staying abroad and have been using this account to manage payments, but suddenly I am seeing fees increase. Where are these additional fees coming from?",transfer_fee_charged
"How much is a cross currency exchange, and can I check to see if I have any discounts available?",exchange_charge
i haven't received my order and want a refund,request_refund
Why won't my card work.,card_not_working
How come I did not get a virtual card yet?,getting_virtual_card
I'm unable to verify my identity,unable_to_verify_identity
I'm happy with Mastercard and want to stick with just that credit card.,visa_or_mastercard
"I might need AUD instead of GBP, how to change?",exchange_via_app
I think I am a victim of fraud.  I noticed there was a charge on my account that I didn't do because I haven't touched my card today.  Can you please reverse the charge and refund my money?,direct_debit_payment_not_recognised
Can I see that history on my funds and where they came from?,verify_source_of_funds
I made a payment with my card that was cancelled?,reverted_card_payment?
Verify top-up card help?,verify_top_up
Why have I been charged more than once for the same transaction?,transaction_charged_twice
"If I will be traveling, is there a way to auto top-up my card on certain days?",automatic_top_up
"Hi, I am experiencing problems while trying to top-up with my card. I have never experienced any problems doing this before. Could you please help me?",top_up_failed
What do I do if my card has been lost or stolen?,lost_or_stolen_card
Does it cost to top up my card?,top_up_by_card_charge
Did you revert my top up?,top_up_reverted
I don't recognize a charge on my statement.,card_payment_not_recognised
Do I have to manually top up once I'm too low?,automatic_top_up
Are extra charges added for sending out additional cards?,getting_spare_card
Where can my card be delivered?,order_physical_card
I tried withdrawing money in another country and the exchange rate was wrong.,wrong_exchange_rate_for_cash_withdrawal
"I need to set up an account for my daughter, how would I do that?",age_limit
I can not find my phone or it has been stolen.,lost_or_stolen_phone
I just received my card and I'd like to activate it.,activate_my_card
I don't have a way to prove my identity.,unable_to_verify_identity
"Oh my goodness, my card has been declined twice at ATM! I tried two different ATM, but each one declined my card! Can you tell me what's going on with my account?",declined_cash_withdrawal
Can other people top up my account?,topping_up_by_card
What is the exchange fee that is charged?,exchange_charge
what is the virtual card,getting_virtual_card
"I need to bank account transfer from another account into this one, what is the easiest way that can be done, and what information do i need?",transfer_into_account
Why did you charge me extra?,extra_charge_on_statement
Is there an option to have a virtual card?,getting_virtual_card
When I was transferring money I was charged extra why?,transfer_fee_charged
Why am I being charged a fee on a card payment?,card_payment_fee_charged
why hasn't my virtual card come yet?,getting_virtual_card
I would like to use cash to make a top-up?,top_up_by_cash_or_cheque
What is this €1 fee in my statement?,extra_charge_on_statement
Can you elaborate on why I have an extra charge just for transferring?,transfer_fee_charged
"While I was checking out in the grocery store, I realized I needed cash so I requested some.  However, I noticed there was a fee for this transaction.  Why did I get charged a fee?",cash_withdrawal_charge
Not sure what my password is.,passcode_forgotten
Can you delete my account please?,terminate_account
I am having trouble proving my identity.,unable_to_verify_identity
I just replaced my phone but how do I use my card information?,lost_or_stolen_phone
Do you support other currencies?,fiat_currency_support
I would like a virtual card- where can I purchase one?,getting_virtual_card
"I think my card is broken or something. I tried using it and it wouldn't go through, please help.",card_not_working
I lost the code and can not get into the app. Help!,passcode_forgotten
"Something went wrong, I was charged an extra pound?",extra_charge_on_statement
Will I see the transfer in my account within the week?,transfer_timing
Can I use my apple watch to top-up?,apple_pay_or_google_pay
How can I order virtual cards?,getting_virtual_card
Are there any fiat currencies that you will not work with?,fiat_currency_support
Can I order a card please?,order_physical_card
"Hi, I am calling about a recent transaction that has happened on my account.  I recently went to the ATM, and tried to make a withdrawal on my account.  I just happened to check my transaction slip and noticed a fee for my withdrawal.  How can I resolve this, I didn't know fees were charged for this type of action.",cash_withdrawal_charge
Is there a limit to how much I can top up?,top_up_limits
"Hello, I was just went through my recent transaction on my bank account and I just noticed that I was charged twice at a place that ate at this past week. Can I get that second transaction removed from my account?",transaction_charged_twice
How can I change the currency I'm exchanging from AUD to GBP?,exchange_via_app
Can you tell me what countries you operate in?,country_support
How long should a cheque deposit take to show? My account hasn't updated and I want to make sure everything is okay.,balance_not_updated_after_cheque_or_cash_deposit
Why can I not do a transfer to a beneficiary?,beneficiary_not_allowed
What do I do if I think someone has used my card?,compromised_card
How does on apply fora refund on an item he ordered? I ordere an item and have not received it yet so i want to cancel it and get a refund,request_refund
Will there be any extra fees for European bank card for top up?,top_up_by_card_charge
The atm won't give my card back!,card_swallowed
How can I prove I am me?,verify_my_identity
There is a strange 1£ charge that appears as pending on my statement. What's the cause for that? I haven't purchased anything for a pound.,extra_charge_on_statement
My credit card was declined.,declined_card_payment
I moved so I need to change my address. How do I do that?,edit_personal_details
Are my friends able to add funds to my account?,topping_up_by_card
How much does it cost to make transfers?,top_up_by_bank_transfer_charge
I have been charged a fee for paying with card,card_payment_fee_charged
How to change my address.,edit_personal_details
I've made a horrible mistake!  I transferred money to the wrong account by accident!  I entered one of the digits wrong.  I need this cancelled immediately please.,cancel_transfer
I bought this item and was charged the wrong amount can I get a refund?,request_refund
Tell me why my transfer was declined.,declined_transfer
The account transfer I was trying to do failed.,beneficiary_not_allowed
Why is my transfer stuck on pending?,pending_transfer
When will I get my card?,card_arrival
how come i can't find anywhere to load using cash,top_up_by_cash_or_cheque
Tell me about the limit for top ups.,top_up_limits
how old do i need to be to get an account for myself,age_limit
Can I make a withdraw in my home currency at an ATM? I'm on vacation and don't have cash with me. This is cause for a bit of concern. Is it possible to withdraw here without additional fees?,wrong_exchange_rate_for_cash_withdrawal
I have been charged an extra fee when buying from your store. Why is this?,card_payment_fee_charged
I haven't received the money from the check I deposited.,balance_not_updated_after_cheque_or_cash_deposit
Can someone please explain to me where my source of funds came from?,verify_source_of_funds
Why was my card declined in a shop?,declined_card_payment
Can you help me find the virtual card?,getting_virtual_card
I have been charged with a fee for paying with my card.,card_payment_fee_charged
How do I go about ordering a new bank card?,card_about_to_expire
How do I verify my top up?,verify_top_up
Can my children open an account?,age_limit
The app reverted what I topped up.,top_up_reverted
Is auto top up available?,automatic_top_up
I have paid money into my account but it doesn't show.,balance_not_updated_after_cheque_or_cash_deposit
How does a US resident go about acquiring a new card?,country_support
I need immediate assistance in canceling a transfer which was a mistake. Please help me quickly so this does not go through.,cancel_transfer
Are contactless payments enabled on my new card?,contactless_not_working
I just made an order and noticed an extra fee. Why have you charged me this without informing me?,card_payment_fee_charged
I have been charged a pound for something that appears on my statement,extra_charge_on_statement
I paid with my card and ended up being charged a fee.,card_payment_fee_charged
Why would my payment have been returned to my account?,reverted_card_payment?
I can't see my Google Pay top up. Is it not working correctly?,apple_pay_or_google_pay
What currencies can I use?,supported_cards_and_currencies
Can I order a new card to China?,card_about_to_expire
Is there a reason a payment is showing complete on my side but the person who is receiving it has not gotten it?,transfer_not_received_by_recipient
Money was transferred to me and I am unable to see it,pending_transfer
Why does it show that my transfer is still pending?,pending_transfer
I entered my pin wrong  too many times.,pin_blocked
A fee was charged for my recent withdrawal.,cash_withdrawal_charge
"I took out cash from the ATM, but something must have went wrong, My account shows the correct amount of cash I took out, but the ATM didn't give me that amount. How do I get my money back?",wrong_amount_of_cash_received
I don't understand why my payment was declined. I thought everything was ok.,declined_card_payment
I have moved.  Where can I update my details?,edit_personal_details
My account balance has not updated since I deposited a cheque recently.,balance_not_updated_after_cheque_or_cash_deposit
Are there any charges for using a bank card to top up,top_up_by_card_charge
How long will it take for my top up to work? It's still pending,pending_top_up
It's been some time since refilled the top-up.,pending_top_up
unhappy with service need to delete account,terminate_account
"I'd like to get a Visa card, please.",visa_or_mastercard
Why was I charged an extra pound?,extra_charge_on_statement
How many virtual cards do I get?,disposable_card_limits
There's an unauthorized direct debit in my app.,direct_debit_payment_not_recognised
Why do I see a random withdrawal in my app?,cash_withdrawal_not_recognised
Is my account accessible even though my verification of my identity has not passed yet?,why_verify_identity
Why did the app deny my top-up?,top_up_failed
"My bank card has expired, how can I get a new physical card?",card_about_to_expire
What fees are there for adding money using an international card,top_up_by_card_charge
"Would you please check my Card. As Withdrawal was working fine so far, but this morning suddenly got declined. Can you please check the problem?",declined_cash_withdrawal
What cards and currencies do you support?,supported_cards_and_currencies
"what is going on, i have entered my passcode and its not working",passcode_forgotten
"I thought transfers were free, why was I charged?",transfer_fee_charged
Please help me get a Visa card.,visa_or_mastercard
I would like to request a card.,order_physical_card
Can my account me accessed by a thief?  I was mugged.,lost_or_stolen_phone
I will be traveling and want money to be added automatically in certain intervals. Is this possible?,automatic_top_up
What is the time frame for european transfers?,transfer_timing
ATM still has my card,card_swallowed
can I have multiple currencies?,fiat_currency_support
What on earth is up with the exchange rate! This should have been a much higher amount of cash,wrong_exchange_rate_for_cash_withdrawal
Are there any hidden extra fees for currency exchanges?,exchange_charge
Can you unblock my pin after too many wrong pin attempts?,pin_blocked
I was retrieving money and my card wouldn't remove.,card_swallowed
atm refused to give me money,declined_cash_withdrawal
"I need to exchange between different currencies, like GBP and USD. Can I do that with your app?",exchange_via_app
How do I use a check to top up?,top_up_by_cash_or_cheque
Can my salary be received here?,receiving_money
Why do I need top-up to be verified?,verify_top_up
how come when i got cash the exchange rate was different than it should be,wrong_exchange_rate_for_cash_withdrawal
What is maximum top up?,top_up_limits
My account was charged a debit payment I don't recognize.,direct_debit_payment_not_recognised
can i get a card if i live in the US?,country_support
Why was my atm withdrawl declined,declined_cash_withdrawal
Some cash shows up on my app.,cash_withdrawal_not_recognised
Why isn't a refund showing on my statement?,Refund_not_showing_up
Did I do something incorrectly? Where is my top-up?,pending_top_up
How long does it take for the card to come?,card_delivery_estimate
why do i have to verify top up?,verify_top_up
I wondered if multiple currencies is okay?,fiat_currency_support
I noticed the exchange rate for cash withdrawal isn't right.,wrong_exchange_rate_for_cash_withdrawal
My purchase used the wrong exchange rate,card_payment_wrong_exchange_rate
I need to know where do my funds come from,verify_source_of_funds
do I need anything for the identity check?,verify_my_identity
Will I receive a new card when mine expires?,card_about_to_expire
I cannot get my virtual card to function.,virtual_card_not_working
I need my card as soon as possible.,card_delivery_estimate
I tried topping up for the first time today since I am a new customer. It doesn't appear that it's working. It has been pending for at least half an hour. Please take care of this.,pending_top_up
My phone was stolen so I no longer have access to the app.,lost_or_stolen_phone
"I may need to exchange my USD for GBP, can your app do that?",exchange_via_app
is my card PIN saved in the app,get_physical_card
Can I have my card activated?,activate_my_card
How many ATMs will take this card?,atm_support
Can you tell me how I would go about learning where my funds came from?,verify_source_of_funds
How long will my transfer be pending for?,pending_transfer
Can you tell me how to tell where my funds come from?,verify_source_of_funds
I was declined when I tried to take out cash!,declined_cash_withdrawal
Why is there a fee when I thought there would be no fees?,card_payment_fee_charged
I go the wrong exchange rate applied to my purchase in a foreign country.,card_payment_wrong_exchange_rate
Card payment has be declined.,reverted_card_payment?
I made a cash deposit a few days ago and it's still not reflected in my account. Do you know what might have happened?,balance_not_updated_after_cheque_or_cash_deposit
I need help finding the verification code on the top up card.,verify_top_up
"I deposited some cash but it hasn't shown up in my account yet, what's going on?",balance_not_updated_after_cheque_or_cash_deposit
I cannot get my disposable virtual card to work,virtual_card_not_working
I have no idea why but my transfers keep getting declined. I have double checked all the recipient details several times already and they're definitely correct.,declined_transfer
"Hi, I tried to withdraw some money from an ATM and the machine was broken.  It says that the transaction is still in progress.  Can you double check to see what's happening? I don't want to be charged since I was not able to withdraw the money.",pending_cash_withdrawal
"I just checked and my payment was cancelled, why?",reverted_card_payment?
i disagree with a charge,card_payment_not_recognised
I've got to have one of those virtual cards.,getting_virtual_card
It appears I have a fee in my statement.,extra_charge_on_statement
Is it possible for me to change my PIN number?,change_pin
Do I need to go to an office to change my pin?,change_pin
Is my card activated?,activate_my_card
Why isn't my card working?,card_not_working
"I'm not in the UK, can I still get a card?",country_support
"I would like to activate my card to use now, can you help me?",activate_my_card
I topped up my account but the app failed to process it.,top_up_failed
I used the wrong account number!,cancel_transfer
How long does it take for money to transfer?  I sent some to a friend and it hasn't gone through yet.,transfer_not_received_by_recipient
"I'm waiting for a transfer from the US, how much longer?",transfer_timing
"Hi, I am interested buying crypto currency but unable to purchase it through the application. I do want to do the exchange, Could you please let me know what is the problem?",beneficiary_not_allowed
Can you tell me where to find my top-up verification code?,verify_top_up
I did a money transfer to my account and it is not showing there.,balance_not_updated_after_bank_transfer
I made an ATM withdrawal over the holiday and then later realized I was charged an exorbitant fee!  I never would've made this withdrawal if I'd known I'd be charged so much.,wrong_exchange_rate_for_cash_withdrawal
Can I add money in intervals to my account?  I will be traveling.,automatic_top_up
Can I get a card even though I live in the US,country_support
Where do I go to reset my passcode?,passcode_forgotten
Can I get paid in another currency?,receiving_money
Any charges applicable for new card?,contactless_not_working
Why is my transfer still pending after all this time?,pending_transfer
Why was I declined from getting cash?,declined_cash_withdrawal
My card is about to expire.  Are there any costs with a replacement card?  How quick do you mail it to me?,card_about_to_expire
"I want to link to my card card with you, how?",card_linking
Where did the money transfer go?,transfer_not_received_by_recipient
How many disposable cards can I make in a single day?,disposable_card_limits
I asked for more cash than what was received,wrong_amount_of_cash_received
Why did my exchange rate change?,wrong_exchange_rate_for_cash_withdrawal
"If I ordered my new card last week, how much longer should I wait to receive it?",card_arrival
I can't recognise this Direct Debit payment.,direct_debit_payment_not_recognised
My refund isn't showing up,Refund_not_showing_up
My payment has been declined several times.  Can you help me?,declined_card_payment
My transaction went through but I was charged a fee. Why?,transfer_fee_charged
"I would like to give another card to my daughter, how can I proceed?",getting_spare_card
Is there a limit to the number of disposable cards per day?,disposable_card_limits
Can I get more cards just incase?,getting_spare_card
why was i charged a fee to transfer,transfer_fee_charged
how soon will my card arrive?,card_delivery_estimate
IS there a fee to exchange currency?,exchange_charge
How do I link this new card?,card_linking
I need to verify my identity. How do I do that?,verify_my_identity
I want a refund on a direct debit.,direct_debit_payment_not_recognised
What happened to my top-up? I think it was cancelled.,top_up_reverted
"I had a seller reach out to me saying my money didn't come through to them, but I'm sure it was removed from my account. Can you figure out what the deal is here?",reverted_card_payment?
I can't input my pin again.,pin_blocked
Why am I charged a fee for withdrawing cash?,cash_withdrawal_charge
Can I change or hold different currency?,fiat_currency_support
My transaction is showing several times.,transaction_charged_twice
Why wouldn't the ATM give me my money?,declined_cash_withdrawal
Why is this payment pending?,pending_card_payment
My statement has a payment that I do not recall making,card_payment_not_recognised
It didnt work when I tried to pay contactless at the bus today. Why?,contactless_not_working
What's the limit for disposable virtual cards?,disposable_card_limits
Does it cost anything to transfer money for a top-up?,top_up_by_bank_transfer_charge
How can I get my PIN unblocked?,pin_blocked
Is there a reason my payments are pending?,pending_card_payment
How long should it take for a transfer to go through? I have been waiting a while.,transfer_not_received_by_recipient
Does my top up and apple pay work together?,apple_pay_or_google_pay
Is there a fee for topping off a US card?,top_up_by_card_charge
I can't enter my passcode.,passcode_forgotten
What's my limit for topping up?,top_up_limits
What is the currency exchange fee?,exchange_charge
What fee will be charged for exchanges?,exchange_charge
there is a charge i dont recognize,card_payment_not_recognised
How do I find my PIN number?,get_physical_card
Can I use American Express to add money into my account?,supported_cards_and_currencies
I found the exchange rate for my cash withdrawal is wrong,wrong_exchange_rate_for_cash_withdrawal
I want to transfer money. How do I do that for my account?,transfer_into_account
"My card will expire soon, When do I need to order a new one?",card_about_to_expire
My passcode won't work.,passcode_forgotten
Why wasn't my card payment accepted?,declined_card_payment
How long will my top-up be pending?,pending_top_up
My non-physical card will not work,virtual_card_not_working
Why is the cash deposit not showing up in my account?,balance_not_updated_after_cheque_or_cash_deposit
Is it possible for me to top up with Google Pay?,apple_pay_or_google_pay
I think something went wrong with my exchange between Russian Ruble and UK pounds. I was overcharged during the swap.,card_payment_wrong_exchange_rate
How can I activate my new card?,activate_my_card
"I need a card reactivation, I had reported my card lost but I ran across it in my jacket.",card_linking
will i be able to open an account for my daughter,age_limit
Where do you guys acquire your exchange rate?,exchange_rate
"I seem to have been charged to much for my holiday purchases, the exchange rate is wrong.",card_payment_wrong_exchange_rate
"I don't understand how to top up my account, can you please explain the process?",transfer_into_account
Where is the nearest Mastercard ATM?,atm_support
When will a refund post to my account?,Refund_not_showing_up
"Now that I have my card, how do I connect it to the app?",card_linking
I tried to use my card today in the restaurant but it didn't work and just got declined. What's wrong?,card_not_working
Did a card payment that I made get cancelled?,reverted_card_payment?
Today I noticed a charge for an ATM withdrawal on my account. Can you please fix this? It's supposed to be no charge.,cash_withdrawal_charge
I made a purchase and was charged at the wrong foreign exchange rate.,card_payment_wrong_exchange_rate
Can you show me how to top up with Google play?,apple_pay_or_google_pay
How do I top-up using cash?,top_up_by_cash_or_cheque
My card isn't working at all. What happened?,card_not_working
Help!  I think my phone may be stolen or lost!,lost_or_stolen_phone
"left phone at hotel, how to access app",lost_or_stolen_phone
"I was charged a fee for the transfer, but can you tell me why?",transfer_fee_charged
Which cards and currencies are supported?,supported_cards_and_currencies
I still don't have my pin.,get_physical_card
"I have done a transfer within the country the day before yesterday, but it's still not there yet. Can you please check what's going on with that, the account number is the right one, I've checked that several times already.",transfer_not_received_by_recipient
Do I have to do an identity check?,why_verify_identity
When can I expect my new card to get here?,card_delivery_estimate
Why did the app deny my top up?,top_up_failed
What am I being charged an extra pound when I haven't bought something worth that much?,extra_charge_on_statement
Is my fiat currency supported for both hold and exchange?,fiat_currency_support
"I want to top up by card, what do you support?",supported_cards_and_currencies
Does it cost to exchange currencies with this card?,exchange_charge
"How do I reset my PIN, I can't seem to use my card?",pin_blocked
What happens if my card is stuck in the ATM?,card_swallowed
How do I top up my account with a cash payment?,top_up_by_cash_or_cheque
My card is missing.,lost_or_stolen_card
Can I use my card to withdraw from my account?,atm_support
I dont have a pin,get_physical_card
I would like to know why a withdraw I made for some cash shows up as pending.,pending_cash_withdrawal
Can I use google play as my primary app to Top up?,apple_pay_or_google_pay
I was charged a hidden fee when I paid with card.,card_payment_fee_charged
What is this strange payment in my account?,card_payment_not_recognised
My card needs to be activated asap,activate_my_card
I moved to a new city and need to change my address,edit_personal_details
"How long does it take to activate the card, as it does not look like its working?",activate_my_card
Help! I forgot my PIN and have been locked out of using my card.,pin_blocked
How do I use my card to top up?,topping_up_by_card
Can I use my account although the identity verification has not been accepted yet?,why_verify_identity
Why was my payment declined? I keep trying my card but it's not working.,declined_card_payment
"I tried using my card today and it's not working, can you help me?",card_not_working
I am missing a refund amount on my account.,Refund_not_showing_up
Please delete my account immediately.,terminate_account
How long will it take to transfer something from China?,transfer_timing
What are some of the restrictions that the disposable cards have?,disposable_card_limits
Are there any charges for top ups?,top_up_by_card_charge
Can my PIN be changed in any cash machine?,change_pin
I recently transferred money to my account when will it show up?,balance_not_updated_after_bank_transfer
I happened to forget my passcode,passcode_forgotten
What is the top up code for?,verify_top_up
How long does it take to receive my card?,card_delivery_estimate
What is the process for activating my new card?,activate_my_card
My rate of exchange was wrong.,card_payment_wrong_exchange_rate
Can you tell me how transferring money into my account works?,transfer_into_account
"My card will expire soon, do I need to order a new one?",card_about_to_expire
"I got a transfer fail message, but no explanation of why-- what happened?",failed_transfer
"I requested a refund from a merchant a while ago, and upon repeatedly checking my statement, the merchant has yet to refund me my money.  I don't know what's going on, or why the money is getting into my account--could you please help?",Refund_not_showing_up
I cannot get my card out of the ATM.,card_swallowed
i have a pending top-up,pending_top_up
Are there charges for receiving a SEPA transfer?,top_up_by_bank_transfer_charge
I made a deposit in the ATM and it has not cleared,pending_cash_withdrawal
What is the cost for an exchange fee?,exchange_charge
How can I find an ATM that accepts this card?,atm_support
I made a cash deposit to my account but i don't see it,balance_not_updated_after_cheque_or_cash_deposit
Why hasn't my withdrawal shown on my statement?,pending_cash_withdrawal
I lost my phone! Will my card still work?,lost_or_stolen_phone
There is  an extra 1£ charge on my app. Why did it charge me extra?,extra_charge_on_statement
I don't understanfd how to top up,topping_up_by_card
"A transfer I sent was received in less than the full amount I originally sent, and now I have to send additional funds to cover the full amount. What happened?",transfer_fee_charged
How long do I have to wait for the transfer to be finalized?,pending_transfer
What are the steps I need to take to verify my identity?,verify_my_identity
I was charged an extra fee for a card payment. I was unaware of these fees beforehand.,card_payment_fee_charged
Why is my balance the same?  I processed a transfer.,balance_not_updated_after_bank_transfer
what is the time frame for transfers,transfer_timing
There are transactions that I don't recognize. What do I do if I think someone is using my card?,compromised_card
I did not get the right amount of money when I used a different country's currency.,wrong_exchange_rate_for_cash_withdrawal
Why didn't my transfer to a beneficiary go through?,beneficiary_not_allowed
Card payment still pending.,pending_card_payment
"Someone has a copy of my card !! I definitely still have it here but someone just made a 500£ cash withdrawal, HELP!",cash_withdrawal_not_recognised
When trying to get more than one card is there a extra amount that needs to be paid?,getting_spare_card
Can you check the exchange rate on a cash transaction I did overseas,wrong_exchange_rate_for_cash_withdrawal
Why is my ATM cash withdrawal not working?,declined_cash_withdrawal
I'm trying to make a bank transfer but It's not going through. Could there not be enough funds to transfer or something? Have I done it too many times?,failed_transfer
"my payment was rejected, do you know why?",declined_card_payment
I'd like to know what you guys look at to decide an exchange rate,exchange_rate
The contactless I have won't work.,contactless_not_working
"i accidentally entered in my retailers information, what should i do next",transfer_not_received_by_recipient
Why can't I use a disposable card?,disposable_card_limits
I need help because I drunken blocked my card?,pin_blocked
I made a cash deposit to my account but it is not there,balance_not_updated_after_cheque_or_cash_deposit
Why would a merchant revert my payment?,reverted_card_payment?
"There is a direct debit that I didn't set up, what should I do?",direct_debit_payment_not_recognised
I need more money in my account. Can I add more by transferring?,transfer_into_account
i entered my pin in wrong and got it frozen. how many tries do i have,declined_cash_withdrawal
Where would I order a virtual card?,getting_virtual_card
"I  have been charged more than I should for the presents I bought  when abroad, the problem seems to be the exchange rate.",card_payment_wrong_exchange_rate
i live in portugal. do you operate here?,country_support
Do you offer a discount on multiple currency exchanges?,exchange_charge
"the balance has not changed, but I have deposited some money",balance_not_updated_after_cheque_or_cash_deposit
"I've been waiting a while for my card, is there a way to know when it will arrive?",card_arrival
Am I able to modify my account details?,edit_personal_details
Someone else used my card to withdraw cash from an ATM,cash_withdrawal_not_recognised
The exchange rate for my electronic payment is incorrect.,card_payment_wrong_exchange_rate
Where can I sign up for a virtual card?,getting_virtual_card
Can you tell me why my card payment was cancelled?,reverted_card_payment?
Can an apple watch be used to tup-up?,apple_pay_or_google_pay
How can I fix my bank transfer to show up on my bank account?,balance_not_updated_after_bank_transfer
What steps do I take to receive another passcode?,passcode_forgotten
How do I get my card back after the ATM swallowed it.,card_swallowed
Can you tell me about the exchange fee?,exchange_charge
Am I allowed to use different currencies?,receiving_money
I was under the impression I can make transfers for free. I made an online purchase for something that was obroad and there's some additional strange fee. I've never seen this before and this isn't fair.,transfer_fee_charged
is there a way to do automatic top up,automatic_top_up
I cannot see the card PIN anywhere?,get_physical_card
I do not know my passcode.,passcode_forgotten
"I couldn't transfer money to my bank, why not?",beneficiary_not_allowed
I noticed an extra pound charge?,extra_charge_on_statement
I tried to withdraw $100 but only got $20. What happened?,wrong_amount_of_cash_received
I would like more physical cards,getting_spare_card
The cash I deposited using the ATM is still pending,pending_cash_withdrawal
In which stores can I shop with this card?,card_acceptance
Can you tell me what i steps i should take since my card was stolen?,lost_or_stolen_phone
What is the first step I need to make for being able to access my account?,why_verify_identity
I need info on activating my card?,activate_my_card
Is cash good to top up with?,top_up_by_cash_or_cheque
Am I able to have a card sent to China?,card_about_to_expire
I thought you guys offered free transfers. Why was I charged?,transfer_fee_charged
My card must have used my card as there are some transactions that I haven't done myself..,compromised_card
"Hi, I am unable to see transaction in my account which i made couples of hours ago from my UK account. Please help me in this.",balance_not_updated_after_bank_transfer
What is the reason my top-up is still pending?,pending_top_up
Why was I charged extra using my card?,card_payment_fee_charged
What is the estimated wait time for transfers from the US?,transfer_timing
The ATM at Metro bank on High St. Kensington swallowed my card. How do I get it back?,card_swallowed
How can I change the PIN?  Do I have to go to a real bank?,change_pin
The ATM is showing it gave me the money I requested but I didn't get that amount.,wrong_amount_of_cash_received
Can I receive a refund for my item?,request_refund
Is there a charge for receiving money?,top_up_by_bank_transfer_charge
Why is there a direct debit I didn't make showing in the app?,direct_debit_payment_not_recognised
What is stopping my money from transferring?,failed_transfer
The ATM is messed up. It gave me less than I wanted.,wrong_amount_of_cash_received
What type of card can I get?,visa_or_mastercard
How can disposable cards be used?,get_disposable_virtual_card
What are the charges if I exchange foreign currency?,exchange_charge
Tell me how to cancel a transfer.,cancel_transfer
I need a new login code,passcode_forgotten
Why was there an additional fee on the payment I just made? I don't usually have additional fees applied to my payments.,card_payment_fee_charged
How many top-ups am I allowed to do?,top_up_limits
Can I get my salary through this?,receiving_money
Visa and Mastercard can both be received from you?,visa_or_mastercard
Can you tell me the total cost of a transfer?,top_up_by_bank_transfer_charge
What kind of cash machines would allow me to change my PIN?,change_pin
Where is the money I put in the bank?,balance_not_updated_after_cheque_or_cash_deposit
how do I know where I can get money withdrawn?,atm_support
I need my payment in another currency,receiving_money
It's not letting me transfer money to my beneficiery.,beneficiary_not_allowed
why is there a service fee on my statement?,extra_charge_on_statement
How did you come up with your exchange rates?,exchange_rate
Can I add funds directly from my Apple Watch?,apple_pay_or_google_pay
I wanted to withdraw $100 from the ATM but I only got $20,wrong_amount_of_cash_received
How many days until my US transfer arrives?,transfer_timing
I think my card payment was cancelled. What happened?,reverted_card_payment?
I'm not verifying my identity.,why_verify_identity
How do I find the PIN?,get_physical_card
What are the auto-top up policies?,automatic_top_up
Can i top up by card?,topping_up_by_card
Help me order a new card that's going to be expired soon.,card_about_to_expire
I have made several unsuccessful attempts to make a transfer.  I'm getting frustrated at getting error messages and it not going through.,beneficiary_not_allowed
How do I link a new payment card?,card_linking
Is there a way you can have money from a purchase I made refunded to my account.,request_refund
What are the fees for a physical card?,order_physical_card
"Card payment was declined, do you know why?",declined_card_payment
I may have a fraud charge on my debit statement.,direct_debit_payment_not_recognised
Looks like my top-up has been cancelled,top_up_failed
What steps do I need to do to delete my account?,terminate_account
Are there any restrictions for the disposable cards that I need to be aware of?,disposable_card_limits
Why is there a charged fee for debit or credit card payment?,card_payment_fee_charged
how much does a card cost and why do you charge me,order_physical_card
"I have used my account abroad for a while without any fees, why am I being charged additional fees all of a sudden?",transfer_fee_charged
can i do a transfer with swift,top_up_by_bank_transfer_charge
Is there a limit to top-ups?,top_up_limits
Will I be sent a new card before mine expires?,card_about_to_expire
Show me how can my friends top up my account.,topping_up_by_card
There seems to be a couple of payments listed in the app I know weren't made by me. Is there a possibility someone has access to my card? Can you find out what's going on?,card_payment_not_recognised
How do I update my PIN to a new number?,change_pin
What are age requirements for opening an account?,age_limit
are transfers to a beneficiary possible,beneficiary_not_allowed
There's a cash withdraw on my statement that I didn't make.,cash_withdrawal_not_recognised
"I'm trying to move money from my account to elsewhere, but it's giving me an error message.",declined_transfer
Where do I find the top-up verification code?,verify_top_up
My money is all gone. What ways are okay to add money to my account?,transfer_into_account
Did you deactivate my card it's not working anymore,card_not_working
"My bank app said that I got cash from an ATM, but that's a mistake.",cash_withdrawal_not_recognised
"how many virtual cards can i have, i want 8",getting_virtual_card
why do I have a pending payment?,pending_card_payment
What do you need to verify my identity?,verify_my_identity
I tried to get cash in the ATM but it was not approved,declined_cash_withdrawal
i need to expedite my card,card_delivery_estimate
"Transfer was declined, could not complete request.",declined_transfer
How to exchange my currency,exchange_via_app
My card was declined at a restaurant today and I am not sure why.,card_not_working
How can I add physical money to my card?,top_up_by_cash_or_cheque
Why am I still not able to see the money I deposited a week ago? This is urgent!!,balance_not_updated_after_cheque_or_cash_deposit
"I just pulled money out of the ATM and was charged a fee, WHy?",cash_withdrawal_charge
I have friends that would like to top-up my account is that possible?,topping_up_by_card
I cant transfer money into my account,beneficiary_not_allowed
Why am i being charged for withdrawing cash funds?,cash_withdrawal_charge
How much can I top-up to my card at a time?,top_up_limits
"I sent you a cheque couple days ago, nothing happened to my account yet! This is unacceptable, where is my money??",balance_not_updated_after_cheque_or_cash_deposit
I was charged a fee for a transfer. Where did it come from?,transfer_fee_charged
"How long do transfers take, mine just says pending?",pending_transfer
I am wondering if International Transfers take longer. I a made a transfer from France two days ago and believed it would be here already. Please let me know when I will get it!,balance_not_updated_after_bank_transfer
"When I withdrew money from my account the other day, I noticed that there was a fee.  I didn't think that there were any fees for withdrawals...?  How much will I be charged?",cash_withdrawal_charge
can you limit my top up?,top_up_limits
Why is it asking me to verify my identity,why_verify_identity
I haven't been sent my new pin!,get_physical_card
When will my top-up go through?,pending_top_up
Why can I not make a transfer?,failed_transfer
My phone was stolen! What do I need to do?,lost_or_stolen_phone
I do not recognize the card payment.,card_payment_not_recognised
How old do I have to be?,age_limit
What does my daughter need to open an account?,age_limit
This fee shouldn't be there after I paid with a card.,card_payment_fee_charged
Help Me!  I lost my card.  What should I do?,lost_or_stolen_card
What ATMs is the card okay to use at?,atm_support
I believe there is a mistake because a payment I didn't make shows in my app.,card_payment_not_recognised
I urgently need to transfer something from China. How long can I expect it to take?,transfer_timing
Do you work in Greece?,country_support
A card payment on my account is shown as pending.,pending_card_payment
I lost my card,lost_or_stolen_card
Please help me get a refund?,request_refund
"The top-up has a definite problem! I regularly use your service and haven't had a problem before, but now the top-up just shows pending. Please tell my why it continues to show pending.",pending_top_up
Cash has been deposited this morning but it hasn't came through.,balance_not_updated_after_cheque_or_cash_deposit
I didn't make this payment and it's on my app,card_payment_not_recognised
What is your opinion on the exchange rate?,exchange_rate
how much do you charge to top up US cards?,top_up_by_card_charge
Could you please tell me your exchange rates?,exchange_rate
I think that there is a payment on my card that I did not authorize.  I don't recognize the name attached to the transaction.,card_payment_not_recognised
What caused my top up to be reverted?,top_up_reverted
Why is there an extra €1 fee in my statement?,extra_charge_on_statement
I received the wrong amount of cash.,wrong_amount_of_cash_received
Can I use this card at an ATM?,atm_support
I have to verify the source of my funds,verify_source_of_funds
HOW DO I TRANSFER MONEY FROM MY BANK ACCOUNT?,transfer_into_account
Why is my money gone right when I attempted to top up,topping_up_by_card
I want to know where the funds come from.,verify_source_of_funds
"I need assistance finding out why I am unable to top-up my card, it keeps getting refused.  It is extremely imperative I get this resolved quickly.",top_up_failed
Do I have to go to the bank to change my PIN?,change_pin
Physical cards are what I need more of,getting_spare_card
What do I do if I do not recognise a cash withdrawal?,cash_withdrawal_not_recognised
How can I go about transferring money to my account?,transfer_into_account
stop the transaction,cancel_transfer
"I want to reset my passcode, how can I do that?",passcode_forgotten
Help! I think someone has made a cash withdrawal with my card!,cash_withdrawal_not_recognised
My statement contained a one pound extra fee,extra_charge_on_statement
I was charged $1 in a transaction.,extra_charge_on_statement
Please explain why the funds I added were returned to my account.,top_up_reverted
There is a cash withdrawal on my statement that I did not make,cash_withdrawal_not_recognised
is there a way to fix my top up,top_up_failed
Why can't I verify my id?,unable_to_verify_identity
My transfer's stuck on pending.,pending_transfer
Why is the exchange rate different on my recent purchase?,card_payment_wrong_exchange_rate
What are the steps for  making a transfer for topping up?,transfer_into_account
"I need a new card, my current card is nearly expired.",card_about_to_expire
show me how to transfer to my account,transfer_into_account
How long will it take to refund me,Refund_not_showing_up
Can I top up for free using a European card?,top_up_by_card_charge
Can I top-up via Apple Pay?,apple_pay_or_google_pay
What systems do you have in place for my security when using my card for everyday purchases?,get_disposable_virtual_card
Is there a maximum amount of top-ups?,top_up_limits
My phone is missing or stolen.,lost_or_stolen_phone
What is the source of funds for my money?,verify_source_of_funds
I need to know where this charge is coming from?,card_payment_not_recognised
How come I was charged a transaction of $1?,extra_charge_on_statement
There is a strange payment on my card and I don't know what to do.,card_payment_not_recognised
The card is non-functional.,card_not_working
I have questions about how to transfer money to my account.,transfer_into_account
Where's my virtual card,getting_virtual_card
Why isn't the transfer to my account showing up?,balance_not_updated_after_bank_transfer
Can you tell me what the transfer policy is?,top_up_by_bank_transfer_charge
Help me delete my account.  I am not satisfied with the service.,terminate_account
How do I top up with a cheque?,top_up_by_cash_or_cheque
Can I directly deposit my salary to this account?,receiving_money
Tell me how to verify a top up.,verify_top_up
Do you offer account's for minors?,age_limit
What options do I have in regards to payment?,supported_cards_and_currencies
How do I report a stolen card?,lost_or_stolen_card
Am I allowed to change my PIN anywhere?,change_pin
I have transactions that I don't recognize - I think someone is using my card.,compromised_card
Will a cheque suffice?,top_up_by_cash_or_cheque
Would it be possible for me to get a second card?,getting_spare_card
"Can I use my account now, even though my identity verification has not gone through yet?",why_verify_identity
How do I request a refund?,request_refund
Im not sure if a seller is giving me my money back! I asked them to refund my money for the item but It's been a week now and still nothing has been given back to me. Can you resolve this for me?,Refund_not_showing_up
I lost my phone. Can I use my card without the app?,lost_or_stolen_phone
I withdrew cash and was charged,cash_withdrawal_charge
"I've got a weird problem: I purchased something a week or maybe it was two weeks ago, and the funds have come back into my account! Can you explain this?",reverted_card_payment?
What is the estimated date for delivery to US?,card_delivery_estimate
Is there an additional cost to exchange currencies?,exchange_charge
Close down my account.  I don't like your service.,terminate_account
What are the steps for identity checks?,verify_my_identity
How do you find the exchange rate?,exchange_rate
Why can't I see my PIN?,get_physical_card
how long does it take to post atm with drawl,pending_cash_withdrawal
Why are my transfers being declined? It normally works but now it's declining my card. I've tried it a few times but it's still not working.,declined_transfer
What US cards do you accept?  I only have 1 other.,supported_cards_and_currencies
Why have I been charged a fee for transferring money?,transfer_fee_charged
"I tried to withdraw some money from an ATM this morning but wasn't able to get the amount of cash I needed. The amount in the app says what I was trying to withdraw was deducted, but I don't have any money. What do I do about this?",wrong_amount_of_cash_received
What will I need to configure if my salary is in GBP?,receiving_money
I was charged and shouldn't have been charged when using my card!,card_payment_fee_charged
Do you have an option for auto top up?,automatic_top_up
Can I get one of your cards in the EU,country_support
"I wanted to use my card contactless but it doesn't seem to be working, what could be the problem?",contactless_not_working
Does it cost extra to exchange foreign currencies?,exchange_charge
Is exchanging currencies a feature of the app?,exchange_via_app
I have an outgoing transfer,pending_transfer
"What does it mean when a transfer is ""pending""?",pending_transfer
How can I tell if someone else is using my card?,compromised_card
Why couldn't I make a withdrawal from the ATM?,declined_cash_withdrawal
What countries are you currently in?,country_support
My google top-up pay is not going through,apple_pay_or_google_pay
Why is there a fee on a card payment?,card_payment_fee_charged
What do I do since the machine swallowed my card. I need one.,card_swallowed
I don't want to use this method to identify myself.,why_verify_identity
It looks like my card payment might have been reverted.,reverted_card_payment?
The app denied my topped up.,top_up_failed
I need a disposable virtual card.,get_disposable_virtual_card
I want a refund on this.,request_refund
How much does it cost for a physical card?,order_physical_card
The card payment I attempted to make failed.,declined_card_payment
I was attempting to top up with my card but the money has vanished!,topping_up_by_card
My statement shows an extra fee - what is it?,extra_charge_on_statement
What is the return policy?,request_refund
An ATM swallowed my credit card!,card_swallowed
How long does it take in Europe to do a transfer?,transfer_timing
"I would like use the bank transfer, but I don't understand the process, can you please explain, topping up?",transfer_into_account
How can you assist me on topping up on bank transfers to my account?,transfer_into_account
Can I do more than 10 transactions with a disposable card?,disposable_card_limits
I believe my exchange rate is incorrect,wrong_exchange_rate_for_cash_withdrawal
Why have you declined my card payment?,declined_card_payment
I bought something and returned it and the money from the return isn't in my account.,Refund_not_showing_up
I forgot my password to get into the app!,passcode_forgotten
Can I put my found card back into the app on my phone?,card_linking
There was a strange transaction made on my account a couple weeks ago by a seller I don't recognize. May you please check on this transaction for me.,direct_debit_payment_not_recognised
What kind of ATM's can I use?,atm_support
Why isn't my PIN available yet?,get_physical_card
my phone was taken! can you place cancel my account so no one uses it,lost_or_stolen_phone
Seems like my card payment has been cancelled,reverted_card_payment?
"Hi,  I have transferred money but beneficiary's account is credited with less amount. Now i have transfer the difference of the amount. I think there is some issue, could you please look into this.",transfer_fee_charged
"I do not remember the code, what should I do?",passcode_forgotten
How much extra will I be charged for exchanging foreign currency?,exchange_charge
There is a payment in the app that I did not approve,card_payment_not_recognised
How do I replace my card before it expires?,card_about_to_expire
My credit card transaction was declined for a loan payment.  Can you tell me why?,top_up_failed
A transaction on my card shows as pending.,pending_card_payment
are you sending me my card?,card_delivery_estimate
My card declined,declined_card_payment
The exchange rate was incorrect for this item I bought.,card_payment_wrong_exchange_rate
Will this card work at any ATM?,atm_support
Explain to me how to verify the top-up card.,verify_top_up
Can I add money to my card automatically during a trip?,automatic_top_up
I want to top up by card,topping_up_by_card
"I no longer want to transfer funds, can we cancel that transaction?",cancel_transfer
What are the reasons why a card payment would be declined?,declined_card_payment
Which type of card will I receive?,visa_or_mastercard
Help!  My wallet was stolen and someone is taking money out.  I need this money!  What can I do?,cash_withdrawal_not_recognised
I wasn't able to do a transfer to an account,beneficiary_not_allowed
why have I got a pending transfer? I'm confused!!,pending_transfer
How do your exchange rates work?,exchange_rate
€1 was in my statement as an extra fee.,extra_charge_on_statement
"I haven't received my virtual card yet, do yo know why?",getting_virtual_card
How old do I have to be to open an account?,age_limit
What was the extra charge for using my card?,card_payment_fee_charged
The amount of cash I received was incorrect,wrong_amount_of_cash_received
how to get new card?,contactless_not_working
"My money has disappeared. I had recently added money in, and saw it was there and went through. Now it's gone. What is happening?",top_up_reverted
Can I have another card in addition to my first one?,getting_spare_card
"Could I please cancel my transfer, I paid it into the wrong account. I need to pay it into the right account by tomorrow.",cancel_transfer
can I be charged for topping up by card,top_up_by_card_charge
tell me how I can order my card.,order_physical_card
Why do I have two charges It should only be one charge?,transaction_charged_twice
There has been a charge pending on my account statement that I can't figue out it's for a dollar.,extra_charge_on_statement
I made a bank transfer and the balance hasn't updated yet.,balance_not_updated_after_bank_transfer
Where can I find the verification code for the top up card?,verify_top_up
Can I choose the day it's delivered?,card_delivery_estimate
I did not do this payment,card_payment_not_recognised
"I want a card, but I'm not in the UK- can I get one still?",country_support
I would like to terminate my account.,terminate_account
What can I use my card to pay for?,card_acceptance
Is there always a charge when withdrawing money?,cash_withdrawal_charge
"Bank transfer to account did not show up, please help?",balance_not_updated_after_bank_transfer
What currences are available for exchange?,exchange_via_app
"There are transactions I didn't make, someone else must have used my card.",compromised_card
What's the youngest I can be to open an account?,age_limit
"I thought cash withdrawals were free? Why have I been charged a fee? Also, how much is this fee?",cash_withdrawal_charge
The ATM gave me the wrong amount of cash today when I went to withdraw. The app says it was more.,wrong_amount_of_cash_received
I just deposited cash to my account and can't find it!,balance_not_updated_after_cheque_or_cash_deposit
ATM is broken. It did not give me the full amount (30 pounds.)  I'm standing here with only 10 pounds and it's telling me it gave me 30 pounds. I need assistance now!,wrong_amount_of_cash_received
I am still waiting for verification.  Can I use my account before I am verified?,why_verify_identity
I need my card now!,card_delivery_estimate
Why has my money disappeared? I topped up earlier and seen it was there and had went through. What seems to be the problem?,top_up_reverted
How do I add a new card?,card_linking
I can't access my money. Is it because somethings wrong with the top-up? I set it up correctly.,top_up_failed
Is there a fee for topping up by charge card?,top_up_by_card_charge
I didn't get my card back from the ATM.,card_swallowed
Can you  tell me how to get AUD not GBP?,exchange_via_app
What are the sources for the funds in my account?,verify_source_of_funds
"I'm going to travel, can I have it add money automatically in certain intervals?",automatic_top_up
I was wrongfully charged one pound.,extra_charge_on_statement
"I do not need GBP, I need AUD, how do I convert it?",exchange_via_app
"I heard that you support more than one type of fiat currency, would you tell me which ones please?",fiat_currency_support
Is there any nearby ATM's?,atm_support
Balance is not up to date.,balance_not_updated_after_bank_transfer
What is the reason I got rejected for using my disposable virtual card to pay a subscription to the gym?,virtual_card_not_working
"Can you send me a Mastercard, instead of a Visa?",visa_or_mastercard
My card was declined,declined_card_payment
What is the number of days I have to wait for my Europe transfer?,transfer_timing
"I need a new card to replace an expired one. Will it cost anything, and how soon?",card_about_to_expire
Is there a way to reset my passcode?,passcode_forgotten
"My money is gone. I had topped up recently and saw it was there and went through, but now it's disappeared, what's going on?",top_up_reverted
I bought some things in the morning but the payment shows as pending,pending_card_payment
How can I request cash back? The ATM just gave me a different amount than what I've been actually charged though...,wrong_amount_of_cash_received
"I looked at my statement, and there is a charge for 1£ that I don't recognize.  Why is it on there?",extra_charge_on_statement
Is EUR one of the currencies you deal with?,fiat_currency_support
"My work sends me all over the world, can I get a discount for all the money I have to exchange?",exchange_charge
"I did a bank transfer to top up, but the money is not available.",top_up_failed
Where is the option to top up with a cheque?,top_up_by_cash_or_cheque
"Hi, I am on vacation in Spain and someone stole my bag with my phone and wallet with cards and everything. Can you block it ASAP and then I want to order a new one also ASAP.",lost_or_stolen_card
European bank card for top up will come with any extra fees?,top_up_by_card_charge
"My top-up was supposed to be done, but now the money is gone! Is there a glitch in your system?",top_up_reverted
How can I exchange GBP for AUD?,exchange_via_app
I just initiated a transfer but I'd like to cancel it.,cancel_transfer
what is the status of my refund,Refund_not_showing_up
I cannot verify my identity,unable_to_verify_identity
Need to deposit a cheque into my account,top_up_by_cash_or_cheque
Where do I go to add a new card?,card_linking
Im going to need to make a transfer from a UK account but I need it to go through ASAP. Is that going to be possible or will it take forever?? Im hoping it will be a couple hours and not a couple weeks.,balance_not_updated_after_bank_transfer
Is it possible to purchase more physical cards with my account?,getting_spare_card
Why is this not letting me exchange crypto? I need help making this transaction go through.,beneficiary_not_allowed
You advertise no fee when paying with a card then my statement shows a fee.,card_payment_fee_charged
"Some cash was withdrawn in the app, but I did not do it.",cash_withdrawal_not_recognised
is it possible to get a refund for something I purchased?,request_refund
About this card PIN?,get_physical_card
I would like to change my adress,edit_personal_details
Can i deposit my salary to this account?,receiving_money
can i top up with check?,top_up_by_cash_or_cheque
How come my cash withdrawal came with an unnecessary fee?!,cash_withdrawal_charge
My top up isnt working,top_up_failed
Can someone assist me with the details explaining which fiat currencies that you support?,fiat_currency_support
How long does it take for a transfer to reach my account?,transfer_timing
You charged me more than once for the same transaction!,transaction_charged_twice
Where is my card accepted?,card_acceptance
Can I use my social security card as a form of identity?,verify_my_identity
I think my top-up has failed.,top_up_failed
The exchange rate you gave me for my cash withdrawal is wrong,wrong_exchange_rate_for_cash_withdrawal
Who is giving me my money?,verify_source_of_funds
Can i get money in my home currency at my ATM ?I am on holiday and bit concerned because i do not have any cash with me .Is it possible to withdraw without any additional cost.,wrong_exchange_rate_for_cash_withdrawal
Why did I have to pay a fee when I got cash?,cash_withdrawal_charge
I made a payment and it is showing up twice,transaction_charged_twice
need my details changed,edit_personal_details
How long until transfers from Europe go through?,transfer_timing
I purchased an item and the exchange rate I was given was incorrect.,card_payment_wrong_exchange_rate
can I use it in any country?,country_support
Why is there a random payment in my statement?,card_payment_not_recognised
is there a way to do top up with apple pay,apple_pay_or_google_pay
What would the age limit be?,age_limit
I deposited cash but it isn't showing up in my account,balance_not_updated_after_cheque_or_cash_deposit
I won't verify my identity.,why_verify_identity
For some reason my card payment hasn't worked. what can I do to look into that?,declined_card_payment
my virtual card has not came yet!,getting_virtual_card
What are the fees associated with top up via transfer?,top_up_by_bank_transfer_charge
I need some help linking my new card.,card_linking
How do I transfer money to my account?,transfer_into_account
"I was charged a transfer fee, why is that?",transfer_fee_charged
How do I go about changing my address?,edit_personal_details
"I deposited a check, but haven't received the funds for it.",balance_not_updated_after_cheque_or_cash_deposit
I tried entering my passcode and it isn't working. Can you help?,passcode_forgotten
"I signed up, but don't have a PIN. Where can I find it?",get_physical_card
The machine didn't work earlier when I went to get money out and now my account says transaction in progress.Why?,pending_cash_withdrawal
My card payment didn't work,declined_card_payment
I still have not received an answer as to why I was charged $1.00 in a transaction?,extra_charge_on_statement
Am I able to change my PIN at certain cash machines?,change_pin
Do you have EUR currency available for me?,fiat_currency_support
What is the appropriate age for my child to be able to open an account?,age_limit
What payment methods are used to top up?,supported_cards_and_currencies
I only have one other credit card from the US. Do you accept that?,supported_cards_and_currencies
Why doesn't my card work for any transactions?,card_not_working
How do i set up my credit card to send transfers?,topping_up_by_card
Do you guys accept mastercard or visa?,visa_or_mastercard
Am I able to track a card that has already been sent?,card_arrival
i tried to withdraw money but was told i didn't have funds,declined_cash_withdrawal
How can my new card be renewed?,activate_my_card
What is the refund policy?,request_refund
How do I know where I can use my card?,card_acceptance
I would like to activate my card what do I need to do?,activate_my_card
"I thought I knew my password but I guess I was wrong, what can I do now?",passcode_forgotten
What happened! I asked for 30 pounds at your ATM and only go 10. The machine lied about it too. It said I received the full 30 pounds. Someone better help me asap on this.,wrong_amount_of_cash_received
Why has my withdrawal not posted?,pending_cash_withdrawal
I made a purchase but the exchange rate is wrong?,card_payment_wrong_exchange_rate
"I don't think the transaction has gone through, so can I cancel a transfer?",cancel_transfer
"If my account is low in funds, can I set an auto top-up?",automatic_top_up
Can I transfer something urgently from China? How long does it take?,transfer_timing
Why can't the person I sent the money transfer to see it?,transfer_not_received_by_recipient
Can I top-up as much as I want?,top_up_limits
Please sort your top up! My top up has been pending for an hour already. Can you please make it go through as soon as possible. I really need the money.,pending_top_up
I would like to have assistance with activating my card.,activate_my_card
Why am I being charged a fee for transferring money?,transfer_fee_charged
How do I deposit my paycheck to this account?,receiving_money
I received duplicate charges.,transaction_charged_twice
I went to do a transfer and it was declined.,declined_transfer
Am I able to stop a transfer?,cancel_transfer
"I just looked at my app and it seems I was charged extra, why is that?",extra_charge_on_statement
How much is the charge for a foreign currency exchange?,exchange_charge
"Hi, I was just checking over my card transactions and notice I was charged twice for a restaurant visit this week. Can you please remove one of these false charges from my account?",transaction_charged_twice
Why are my transfers not going through.  I have tried over 4 times to get it to work.  This is just a simple transfer.  Is something else causing this in the system?  Is it broken?,failed_transfer
"Hi, Today i have tried to make payment by my new card, but payment got declined many times. I am very disappointed, please look into this.",declined_card_payment
When I topped up the app has seemed to reverted it.,top_up_reverted
There is a fraudulent payment!,card_payment_not_recognised
Why did I get charged a fee for transferring money?,transfer_fee_charged
"I got less than what i asked for in the ATM, why?",wrong_amount_of_cash_received
Why are there so many fees on my statement?,extra_charge_on_statement
Could you inform me as to why I have been charged a higher fee for doing banking abroad.,transfer_fee_charged
I want a new card,getting_spare_card
Show me how to verify my identity?,verify_my_identity
Somebody made a withdrawal from my account for 500. I have my card so how can this be? Does somebody have a duplicate card or something? Help please.,cash_withdrawal_not_recognised
Who do I call to activate my new card?,activate_my_card
Can you please tell me why my cash withdrawal is still pending?,pending_cash_withdrawal
How do I get my refund back?,request_refund
How old do you have to be?,age_limit
How many disposable cards per person?,disposable_card_limits
I got double charged for a payment so how do I fix that?,transaction_charged_twice
The app reversed a top off I had.  What should I do?,top_up_reverted
I need a transfer cancelled.,cancel_transfer
Are cards from the US accepted?,supported_cards_and_currencies
What steps do I need to take to close my account?,terminate_account
"The day before yesterday, I performed a transfer within the country. It still has not completed. Can you check on that? The account number is definitely correct, as I've checked.",transfer_not_received_by_recipient
the exchange rate for my withdrawal is wrong,wrong_exchange_rate_for_cash_withdrawal
How can I see the progress of delivery of the card that was sent?,card_arrival
Why is a transfer I did recently still processing?,pending_transfer
What is the first step that I should take after my card has been stolen?,lost_or_stolen_card
I'm expecting a refund but it's no where to be seen,Refund_not_showing_up
"I need help. I asked for a refund from a merchant a while ago, but I have not gotten my money back. I keep checking my account, but nothing is showing up. What should I do now?",Refund_not_showing_up
Won't let me top my card up!! Who can get it sorted out for me? It's urgent! How do I find out what the problem is with my card and how else to top it up?,top_up_failed
Can i cancel a charge?,cancel_transfer
Can I space out how often money is transferred along my travels?,automatic_top_up
My beneficiary is unable to transact,beneficiary_not_allowed
How many disposable  cards are available per account?,disposable_card_limits
How to order a virtual card,getting_virtual_card
Is there a specific source that the exchange rate for the transfer I'm planning on making is pulled from?,exchange_rate
How much is it to buy another card? I was hoping to buy another one.,getting_spare_card
I need assistance with activating my new card.,activate_my_card
How do I fix my card if it is broken?,card_not_working
There are a couple of payments with my card shown in the app that I really didn't make myself. What's going on with this?,card_payment_not_recognised
"A couple weeks ago some money was deducted from my account by some seller that I don't remember. I'm pretty sure I didn't do that, but is it possible to trace back who that is just to make sure?",direct_debit_payment_not_recognised
I think that the exchange rate for the withdrawal of my cash is not right.,wrong_exchange_rate_for_cash_withdrawal
"I needed to make a payment on my account, but I typed in the incorrect number.  The app won't allow me to cancel this transaction.  I need it cancelled ASAP!!",cancel_transfer
There is a payment in my app that I did not make.  I have not used that card all day  Please reimburse my money.,direct_debit_payment_not_recognised
What do I do if the ATM ate my card?,card_swallowed
Why won't you accept my payment? I keep trying with this card and it's not working.,declined_card_payment
"Unbeknownst to me, there was an additional charge on my prior transaction. A notification of sorts should be required and explained before future payments are made.",card_payment_fee_charged
Do you send more than one card?,getting_spare_card
How do I activate and link my new card?,card_linking
Is there a limit on how much I can withdraw from my account without being charged?,cash_withdrawal_charge
What should I do if I see a withdrawal is pending?,pending_cash_withdrawal
What is the reason I couldn't do a transfer to a beneficiary?,beneficiary_not_allowed
How can I get my physical card to work?,card_not_working
What do I do if I notice a strange withdrawl in my statement?,cash_withdrawal_not_recognised
Why hasn't my account updated?,balance_not_updated_after_cheque_or_cash_deposit
How long does a transfer from the UK account usually take? After completing the transfer it is not showing up. I need to know that everything I actually went okay.,balance_not_updated_after_bank_transfer
"I asked for $40 and I only received $20, what happened?",wrong_amount_of_cash_received
Is a tracking number available for the card that was just sent?,card_arrival
Can am I able to exchange currencies?,exchange_via_app
I need a refund for something I bought.,request_refund
Will my new card work outside of the EU?,country_support
May I change my PIN?,change_pin
Is there a number to call to get my pin unblocked?,pin_blocked
Double check your funds may be declined,declined_transfer
Is there an age limit to when my child can use these services?,age_limit
Can I hold more than one currency?,fiat_currency_support
Help please!  My rent payment is coming out tomorrow and I made a payment mistake yesterday! Can you put in in the correct account?,cancel_transfer
Can you please assist on my item that needs to be refunded?,request_refund
I need my card ASAP!,card_delivery_estimate
I don't remember my login code,passcode_forgotten
I made a transfer but my balance hasn't been updated,balance_not_updated_after_bank_transfer
Can you explain to me why a top up would be reverted?,top_up_reverted
Please explain why the transfers shows up as pending?,pending_transfer
How much will it cost me for a SEPA transfer?,top_up_by_bank_transfer_charge
My card doesn't work. I can't get cash out at an ATM,declined_cash_withdrawal
The exchange rate was incorrect for an item I bought.,card_payment_wrong_exchange_rate
explain the virtual card,getting_virtual_card
Does the PIN come under separate cover?,get_physical_card
I want to use auto top-up. Is there a limit?,automatic_top_up
Help me.  My card doesn't work.,card_not_working
I need information about an extra €1 fee in my statement.,extra_charge_on_statement
How do I set up an account for my children?,age_limit
Where can I modify my details?,edit_personal_details
How do I link my new card?,card_linking
How do I top up my account using transfer?,transfer_into_account
It appears as though my card payment was duplicated. I paid at the store earlier today. The first time it was declined and the second time it worked. The app is still showing one of the payments to be pending. Please take one of these off because clearly the first was declined and is not correct.,transaction_charged_twice
I noticed that there's a payment on my card that's pending.,pending_card_payment
The exchange rate I was charged for a purchase was not right.,card_payment_wrong_exchange_rate
I've made more than one attempt to make a purchase and the card keeps getting declined. Why do you keep denying my transfers?,declined_transfer
I need to update my demographics.,edit_personal_details
Do exchanges cost more?,exchange_charge
Why hasn't the app verified my identity?,unable_to_verify_identity
Hi. Please can you help me fix a double charge on my card? I'm looking at my transactions and this restaurant I went to earlier in the week has charged me twice! Please remove the additional charge for me.,transaction_charged_twice
I mistook my pin and now I am locked.  Can you unlock me?,pin_blocked
I think there's a purchase at a store that I didn't go to.,card_payment_not_recognised
"Help me please, My Apple Pay American Express top up does not work.",apple_pay_or_google_pay
I did not make this payment that I see in the App.,card_payment_not_recognised
"I tried to make a transfer, but it was declined. Can you tell me why?",declined_transfer
why do I have to show my ID,verify_my_identity
I didn't initiate a direct debit that I see on my account,direct_debit_payment_not_recognised
What do I do if I think someone managed to get my card information?,compromised_card
"My card is going to expire, what do I do?",card_about_to_expire
I think the rate that was applied to my purchase using foreign currency is wrong. Help!,card_payment_wrong_exchange_rate
I would like to activate my card.,activate_my_card
What should I do if my passcode won't work?,passcode_forgotten
"I tried topping up but my funds seem to be pending. I want to buy something right now, what do I do?",pending_top_up
There was an extra charge when I used my card,card_payment_fee_charged
What can you tell me about the card PIN?,get_physical_card
I cannot activate my card.,activate_my_card
I can't find out how to top-up my account using cash.,top_up_by_cash_or_cheque
How is the top-up card verified?,verify_top_up
Are there any charges for European bank card for top up?,top_up_by_card_charge
What about my children?,age_limit
What ATM machines allow this card?,atm_support
How can I find out why my transfer didn't go through?,failed_transfer
Where is the virtual card located?,getting_virtual_card
Google Pay Top up isn't working,apple_pay_or_google_pay
I want to request a physical card,order_physical_card
What is needed to prove my identity?,verify_my_identity
Why hasn't the transaction I did to my friend arrived yet?,transfer_not_received_by_recipient
I have a new card and need to activate it,activate_my_card
What countries are getting support?,country_support
Why is my cash request and the amount I received different?,wrong_amount_of_cash_received
I requested a refund from Next because the dress I purchased had three arm holes. They said they sent the refund last Wednesday which is nearly a week ago and I still don't have it.  Why not?,Refund_not_showing_up
A fee came along with me paying with card,card_payment_fee_charged
What steps do I take to verify my identity?,verify_my_identity
What do I have to do to prove my identity?,unable_to_verify_identity
why hasnt my card come in yet?,card_arrival
My credit card cancelled a payment for a purchase.,reverted_card_payment?
And what about the Card's PIN?,get_physical_card
Do you charge for sending out more cards?,getting_spare_card
I understand that this is extremely late. After going over my transactions for the last couple of months I noticed a large charge that I'm sure I did not make. Is there anyway I can still dispute this?,direct_debit_payment_not_recognised
My card hasn't arrived yet. What do I do?,card_arrival
My virtual card isn't working. What do I do?,virtual_card_not_working
Please explain to me the circumstances in which my card payment would be reverted?,reverted_card_payment?
I would like to get both Mastercard and Visa card from you if that's possible.,visa_or_mastercard
How can I get additional cards?,getting_spare_card
A transfer is pending.,pending_transfer
I need a new card because the ATM took mine.,card_swallowed
My last name has changed and I need to update my account details.,edit_personal_details
I selected to withdrawal 30 pounds but only received 10. I'm still standing in front of the ATM. The app shows i took out 30 pounds also. How do i fix this?,wrong_amount_of_cash_received
My card is needed soon,card_delivery_estimate
What was the cause for my card to be declined?,declined_cash_withdrawal
Can I get a disposable card?  How many can I have?  How often can I use them?,disposable_card_limits
Can I get some money exchanged?,exchange_via_app
Why wasn't my payment accepted by the app,reverted_card_payment?
"This is not right, I was told I could take out cash at the ATM for free?",cash_withdrawal_charge
When will my card be delivered?,card_delivery_estimate
How can I information on my limit for top-ups?,top_up_limits
I need more physical cards than I have right now!,getting_spare_card
My card doesn't seem to work anymore,card_not_working
How long will it take for the money to reach my account?,transfer_timing
Who charged me a fee for paying by card?,card_payment_fee_charged
I was charged too many times for one transaction.,transaction_charged_twice
Hello. I'm on holiday and didn't bring any cash with me. I need to withdrawal my home currency from one of your machines. Do you have any that will do this and is there a charge?,wrong_exchange_rate_for_cash_withdrawal
I was mugged.  They took everything.  I can't use the app.  What do I do?,lost_or_stolen_phone
Do you accept credit cards from the US,supported_cards_and_currencies
I tried to make a payment with my card and it was declined. Why is it pending?,pending_card_payment
Why have I been charged a fee for card payment?,card_payment_fee_charged
What does it mean when it says that I have a payment that is pending?,pending_card_payment
Can I change the amount I made on a payment that I made to the payment is correct.,cancel_transfer
I have an incorrect charge and would like a refund.,request_refund
How long is delivery to the US?,card_delivery_estimate
I am trying to delete my account.,terminate_account
How do I verify a top-up?,verify_top_up
Somebody stole my wallet and is using my card! Can you do something so they can't keep taking my money?,cash_withdrawal_not_recognised
How do I cancel a previous purchase,request_refund
Activate my card,activate_my_card
why would i be declined if i had money iin my account,declined_cash_withdrawal
I was denied cash at an ATM,declined_cash_withdrawal
"If I don't live in the UK, can I still get a card?",country_support
Is it normal to have to wait over a week for my new card?,card_arrival
How do I auto top-up?,automatic_top_up
"I had a cheque deposited, but I don't see my money yet?",balance_not_updated_after_cheque_or_cash_deposit
What's the card you sent me's tracking number?,card_arrival
I'll send a check to top up my account,top_up_by_cash_or_cheque
I can't top up my account using my American Express with Apple Pay.,apple_pay_or_google_pay
Tell me your opinion on the exchange rate.,exchange_rate
Please tell me which fiat currencies you support.,fiat_currency_support
"I transferred money, why was charged for an extra fee?",transfer_fee_charged
I just have one other card from the US. Is that okay?,supported_cards_and_currencies
How do I request a disposable virtual card?,get_disposable_virtual_card
How long does it take for a top up to go through,pending_top_up
Is there a charge to use a Top up card in the US?,top_up_by_card_charge
I think my card is broke it's not working anymore,card_not_working
I noticed that my card was charged more than once for one thing.,transaction_charged_twice
"My card has an expiration date, will you send a new one automatically?",card_about_to_expire
I'd rather not verify my identity.,why_verify_identity
"stolen phone, what should i do",lost_or_stolen_phone
I want to use a European bank card for a top up. Must I pay?,top_up_by_card_charge
Why was I charged extra on my last UK pound to Russian ruble exchange?,card_payment_wrong_exchange_rate
I think somebody made an unauthorized copy of my card.  My account has a cash withdrawal for 500£ that I did not make.  Please help.,cash_withdrawal_not_recognised
I just got my card.  It's not linked yet--how do I do that?,card_linking
I need to activate my card.,activate_my_card
Why can't I transfer to a beneficiary?,beneficiary_not_allowed
Why was I charged an extra fee when using the card?,card_payment_fee_charged
My card payment has not been withdrawn from my account,reverted_card_payment?
How do I make my PIN work again?,pin_blocked
How old do my kids need to be to use your service?,age_limit
Can I cash deposit to top up my account,top_up_by_cash_or_cheque
Can I give a second card for this account to my daughter?,getting_spare_card
Why am i being double charged for something?,transaction_charged_twice
"my identity hasn't been verified and i can't edit my details, what's next",edit_personal_details
I thought I was going to receive more currency?,wrong_exchange_rate_for_cash_withdrawal
Where does the exchange rate stand right now?,exchange_rate
How can I change my address?,edit_personal_details
What do I have to do to get my PIN unblocked?,pin_blocked
What's wrong with my card? The clerk at the grocery store said it was declined.,card_not_working
What's wrong with my ID? I can't verify it.,unable_to_verify_identity
The app shows a withdrawal that I did not make or authorize.,cash_withdrawal_not_recognised
How would I go about getting a physical card to use in stores?,order_physical_card
"No transactions are being accepted, what's wrong with my card?",card_not_working
Is there any way I could open an account for my daughter?,age_limit
When I was in a restaurant today my card was declined and payment wouldn't go through and I need help. Can you fix this?,card_not_working
Is there a charge for transfers?,top_up_by_bank_transfer_charge
I think someone copied the numbers on my card and is using them.,compromised_card
Which countries can I change my PIN in?,change_pin
"I was charged twice for a restaurant, can you take the second charge off?",transaction_charged_twice
I had a payment reverted and would like to figure out why.,reverted_card_payment?
"In my app, a direct debit payment that I didn't do shows up.",direct_debit_payment_not_recognised
Help me with a PIN change.,change_pin
Can I add to my account using a cheque?,top_up_by_cash_or_cheque
I am still awaiting the money I put into my account this morning.,balance_not_updated_after_cheque_or_cash_deposit
"I did not receive my purchase, how do I cancel it?",request_refund
"Everything I have was stolen yesterday making it so I don't have access to the app, what should I do?",lost_or_stolen_phone
How do I verify my new card?,activate_my_card
How long will it take to verify my account?,unable_to_verify_identity
I want to get an item refunded,request_refund
"Hello, My money went through for my purchase but now I got contacted from the seller noting that they didn't receive it. Then the money was returned to my account and I'm not sure why this occurred. So if you can resolve this issue please.",reverted_card_payment?
Why did I not get my refund yet?,Refund_not_showing_up
Can we skip verifying?,why_verify_identity
When should I expect my card to arrive?,card_delivery_estimate
"Hello. I tried doing a topup and I thought it worked, but now the money is no longer in my account. Can you explain?",top_up_reverted
My source of funds need verification.,verify_source_of_funds
I need to get visa and mastercard,visa_or_mastercard
"For a week now, I have tried to use my card and it is still not working.",card_not_working
I lost my phone!,lost_or_stolen_phone
How do I authenticate my top-up?,verify_top_up
Can you tell me why my transfer is failing and help resolve?,failed_transfer
Do you also have this extra fee on your statement?,extra_charge_on_statement
Will I get charged for topping up with an international card?,top_up_by_card_charge
"I transferred money to another country several days ago, but my transaction is still pending. i have checked that the accounts are keyed in correctly. what sees to be the problem?",pending_transfer
I didn't know I was going to get charged to use my card.,card_payment_fee_charged
I need information explaining why my top-up failed to go through,top_up_failed
Do you offer Visa or Mastercard?,visa_or_mastercard
How can I exchange to EUR?,fiat_currency_support
How do I verify my source of funds?,verify_source_of_funds
Why have i been charged a fee for using my card?,card_payment_fee_charged
what documentation do I need for the identity check?,verify_my_identity
Why isn't my cash deposit showing up in my account?,balance_not_updated_after_cheque_or_cash_deposit
I ordered my card but it still isn't here,card_arrival
Is there a reason I was charged a fee for using my card as payment? I've never had an extra fee before.,card_payment_fee_charged
Is there an auto top up option?,automatic_top_up
How long does a top-up take to go through?,pending_top_up
Please tell me how to verify my top up card.,verify_top_up
Are physical card available?,order_physical_card
Help me!  I don't know what my password is.,passcode_forgotten
I have a direct debit that I did not set up,direct_debit_payment_not_recognised
The rate of exchange for my cash withdrawal is wrong.,wrong_exchange_rate_for_cash_withdrawal
Where do I order a virtual card from?,getting_virtual_card
What I topped up was reverted by the app.,top_up_reverted
A foreign purchase I made has the incorrect rate applied to it.,card_payment_wrong_exchange_rate
Can I get a real card?,order_physical_card
Where is the money I pushed it's on my mobile app as being withdrawn.,wrong_amount_of_cash_received
"When I put the wrong pin too much, I got blocked, so can you help me unblock my pin",pin_blocked
How do I freeze my card using the app?,compromised_card
Where in the app do I link a new card?,card_linking
My passcode is not being accepted,passcode_forgotten
Where to check top ups pending?,pending_top_up
What would lead to my top up still pending?,pending_top_up
Where do I verify my identity?,verify_my_identity
Please explain why my card was declined?,declined_card_payment
"Do any of your machines provide cash from my home country? I don't have any money on me and I'm on holiday so I'm concerned. Also, will I be charged anything to do this?",wrong_exchange_rate_for_cash_withdrawal
Is there a way to undo a transaction?,cancel_transfer
I cannot use my disposable virtual card.,virtual_card_not_working
Why has my payment been reversed?,reverted_card_payment?
How much is the exchange fee?,exchange_charge
What is the status of my card's delivery?,card_arrival
I just looked over my statement and I don't recognize the name of a card payment.,card_payment_not_recognised
"I noticed an extra $1 charge on my statement, can you tell me why that is?",extra_charge_on_statement
How do I enable auto-top up?,automatic_top_up
What will happen after my card expires?,card_about_to_expire
I think my card has been compromised in some way.,compromised_card
"I was just shopping and my payment was declined in a store!  It was very embarrassing, what is going on and when will it be fixed?",declined_card_payment
How many purchases can I make with one disposable card?,disposable_card_limits
explain the interbank exchange rate,exchange_rate
Would I be charged any fees if I added money to my account using an international card?,top_up_by_card_charge
Is there a few for exchanging foreign currencies?,exchange_charge
Is the 1 pound charge going to be reimbursed on my card?,extra_charge_on_statement
What would the price be for an expired card replacement and how long will it take me to get it?,card_about_to_expire
The ATM machine would not give my card back,card_swallowed
Where is the money that I transferred.,balance_not_updated_after_bank_transfer
You provide support in what countries?,country_support
How come there is an extra fee on my statement?,extra_charge_on_statement
I sent money to my family last Friday but they don't have it.,transfer_not_received_by_recipient
Can I use a bank transfer to add money to my account?,transfer_into_account
There is an ATM withdrawl in the app I don't recognize.,cash_withdrawal_not_recognised
How can I convert currencies?,exchange_via_app
Can I get support?,country_support
I am not seeing a refund in my statement.,Refund_not_showing_up
In the app I see a direct debit that I don't recognize.,direct_debit_payment_not_recognised
Can I use my card everywhere?,card_acceptance
I got notified that my top up has been reverted. Why?,top_up_reverted
I am not recognizing a debit payment from my account.,direct_debit_payment_not_recognised
"I tried transferring money to a beneficiary, however, I was unsuccessful.",beneficiary_not_allowed
Is a non-electronic card available as well,order_physical_card
How do I report fraud on my card?,compromised_card
I lost track of my card,lost_or_stolen_card
Can I get a second card for free?,getting_spare_card
Are you okay with exchanges to EUR?,fiat_currency_support
"On my statement, there is a strange 1£ charge that appears as pending. What's causing that? I haven't purchased anything that's just a pound.",extra_charge_on_statement
"I want to do a bank transfer to this bank, from an account at another bank.",transfer_into_account
Can I let other people have access to my account in order to top up?,topping_up_by_card
How long does it take for funds to come through the US to my account?,transfer_timing
Are there restrictions to transfers to certain accounts?,beneficiary_not_allowed
Why is there are there two of the same transaction?,transaction_charged_twice
How long do transfers take? I sent money to a friend who needs it urgently. It's been hours and has not gone through.,transfer_not_received_by_recipient
Can you look to make sure the exchange rate is correct,wrong_exchange_rate_for_cash_withdrawal
what is the charges for new card?,contactless_not_working
Is there a reason there's an extra fee on my statement?,extra_charge_on_statement
Can I check to see where the funds came from?,verify_source_of_funds
Why can't my ID be verified?,unable_to_verify_identity
I haven't received money from a transfer?,transfer_not_received_by_recipient
Can I change my pin at a cash machine?,change_pin
"Hi, I tried topping up for the first time today (I'm a new customer), and the transaction has shown as pending for the last half an hour. Can you fix it?",pending_top_up
I need to know what these extra charges are on my statement?,extra_charge_on_statement
I noticed the currency exchange rate was incorrect after paying for something in a foreign country.,card_payment_wrong_exchange_rate
What are you exchange rates?,exchange_rate
Do you accept cash?,top_up_by_cash_or_cheque
If my kids wanted to use your service how old would they have to be?,age_limit
When will my card be here?,card_delivery_estimate
I'm still waiting on a payment,pending_card_payment
My top-up was rejected by an app.,top_up_failed
What can I use to verify my identity?,verify_my_identity
Which currencies can I use to add money?,supported_cards_and_currencies
My Virtual card was rejected for a car rental. Why?,virtual_card_not_working
"Hi, I used an ATM today to take money out of my account, but the amount it gave me is not the amount I requested. What should I do?",wrong_amount_of_cash_received
How can I change to another currency?,exchange_via_app
The activation process for my card isn't working.,activate_my_card
Someone stole my card!,lost_or_stolen_card
What ATMs accept my card?,atm_support
When I was abroad the exchange rate for me was wrong.,wrong_exchange_rate_for_cash_withdrawal
My order needs to be canceled.,request_refund
Will topping up by transfer lead to a charge on my account?,top_up_by_bank_transfer_charge
When will the money reach my  account?,transfer_timing
is there a charge on withdrawals?,cash_withdrawal_charge
What is the necessity of verifying the top up?,verify_top_up
My cash transaction isn't showing on my receipt,transfer_not_received_by_recipient
How do I activate my new card I just got?,activate_my_card
"If someone in a different country sends me money, do I have to pay a fee?",exchange_charge
Please advise what is the exchange rate,exchange_rate
Why did I only receive a partial amount of what I tried to withdraw?,wrong_amount_of_cash_received
I just made a transfer from a UK account. How long does that typically take to show up? I just want to make sure it worked alright.,balance_not_updated_after_bank_transfer
How do I get selected for a visa card?,visa_or_mastercard
Why was the exchange rate incorrect for an item I recently bought?,card_payment_wrong_exchange_rate
"My PIN is not working, can you help?",pin_blocked
I pulled cash from the ATM earlier. Why is it still pending if I already have the cash?,pending_cash_withdrawal
Why isn't the transfer on my account showing up?,balance_not_updated_after_bank_transfer
Are all fiat currencies supported?,fiat_currency_support
I'm not able to activate my card how do I fix this problem?,activate_my_card
I see cash withdrawal activity in the app that is not mine.,cash_withdrawal_not_recognised
If my card was lost or stolen can I re-link it?,card_linking
"According to the app, I got cash from an ATM but I haven't made any transactions.",cash_withdrawal_not_recognised
Please explain how disposable virtual card work.,get_disposable_virtual_card
Can I use my apple watch to top up?,apple_pay_or_google_pay
"Why does the ATM continually decline my card? I've tried multiple times on different machines with the same results. I thought I had enough funds for this, so please help me understand why this is happening.",declined_cash_withdrawal
What kind of businesses will take my card?,card_acceptance
Do you deliver the PIN separately?,get_physical_card
What happens with the duplicate charge in my account?,transaction_charged_twice
The correct exchange rate wasn't given to me for an item I purchased.,card_payment_wrong_exchange_rate
In what way can I use the disposable cards?,get_disposable_virtual_card
When I topped up the app reverted it.,top_up_reverted
As my kids get older are they able to get set up with their own accounts?,age_limit
I am not happy with your company. Please delete my account asap.,terminate_account
"I made a transfer and according to the receiver ""they haven't received the right amount"" Its lesser than it should be.Now I have to transfer more money to make up for the missing amount . Can you please help me about this, what should be done ?",transfer_fee_charged
what is the age limit for opening a new account,age_limit
How long does it take to process cheque deposits?,balance_not_updated_after_cheque_or_cash_deposit
Will you charge for a physical card?,order_physical_card
can i get a physical card online,order_physical_card
i cant seem to activate card,activate_my_card
"I tried verifying my ID, but it won't let me.",unable_to_verify_identity
Who should I contact if the amount of my withdrawal doesn't correspond to the amount that I tried to take out of my account?,wrong_amount_of_cash_received
Tell me if there is a limit to top-up.,top_up_limits
Do my kids have to be a certain age to use this service?,age_limit
Are there limits on auto top-up?,automatic_top_up
I require verification for my source of funds.,verify_source_of_funds
what currencies can I receive my salary in with this?,receiving_money
Will it cost extra to add money to an international card?,top_up_by_card_charge
The ATM gave me less cash than I requested,wrong_amount_of_cash_received
Why did my transfer get declined?,declined_transfer
Why would the app deny my top-up?,top_up_failed
Hi I'm sending some money over to an investment bank I do business and the transaction is being rejected. I'm not sure why as I think I have the right details.,failed_transfer
Which ATMs accept this placard ?,atm_support
It looks like my card payment was sent back.,reverted_card_payment?
I am extremely unhappy with this app and want to get rid of my account?,terminate_account
I need to know when a payment will actually go through. I completed a payment using my card but it is just showing as pending at this point and it has been a while ago.,pending_card_payment
Why isn't my money from a check deposit showing?,balance_not_updated_after_cheque_or_cash_deposit
Am I able to top up with Apple Pay?,apple_pay_or_google_pay
If I don't have much money in the account can I auto top-up?,automatic_top_up
With one disposable card how many transactions can i do?,disposable_card_limits
I am worried about fees for top up cards?,top_up_by_card_charge
My account was charged twice for one purchase,transaction_charged_twice
Why can't I use my American Express with Apple Pay to top up my account?,apple_pay_or_google_pay
How can I receive a virtual card?,getting_virtual_card
I wasn't allowed to transfer to my account,beneficiary_not_allowed
How do I top up on my card?,topping_up_by_card
What is this fee for card payment?,card_payment_fee_charged
What are the cards and currencies that you support?,supported_cards_and_currencies
Is there a reason that my transfer failed?,failed_transfer
Am I allowed to carry an additional card?,getting_spare_card
How do I set my physical card PIN?,get_physical_card
"Help, my phone was stolen, please advise!",lost_or_stolen_phone
Is an auto top-up option available?,automatic_top_up
How do I get a new expiration date?,card_about_to_expire
I want to cancel a transaction.,cancel_transfer
Which atms allow me to change my pin?,change_pin
"I made a transfer and according to the receiver ""they haven't received the right amount"" Its lesser than it should be.Now I have to transfer more money to make up for the missing amount . Can you please help me about this,what should be done",transfer_fee_charged
Can I have my money refunded for an item,request_refund
A transfer has been made in my account that I need to cancel.  This was a mistake on my part and I hope we can get this resolved quickly.,cancel_transfer
My card payment was cancelled it seems.,reverted_card_payment?
Why was my transfer request decline?,declined_transfer
The cast deposit from a week ago still is not in my account. Why?,balance_not_updated_after_cheque_or_cash_deposit
Why did I only get $20 now the full amount I wanted?,wrong_amount_of_cash_received
Can you please explain the topping up transfer process?,transfer_into_account
I just topped off my card will I be charged for it?,top_up_by_card_charge
"I was wondering, Can I get my pay in another currency?",receiving_money
My top-up didn't go through; it still says pending. What's up with that?,pending_top_up
Why is my top-up pending?,pending_top_up
How did you arrive at the rate of exchange? I thought that I would get more cash.,wrong_exchange_rate_for_cash_withdrawal
"I withdrew some cash, when is it going to show?",pending_cash_withdrawal
What number of transactions can i do with one disposable card?,disposable_card_limits
Help me to set up contactless payments.,contactless_not_working
How old do you have to be to get an account?,age_limit
I did not receive the correct amount for the exchange rate.,card_payment_wrong_exchange_rate
"I made a payment a while ago and it is still showing as ""pending"" in the account. How long will this payment take to complete?",pending_card_payment
Hi there! I need to cancel an order I recently made and start processing a refund. Can you please help me with this and set up the refund as soon as possible? It's very urgent.,request_refund
"I would like to receive and use the card in Europe, is that possible?",country_support
My rate is not right when I used my card in a different country's money.,wrong_exchange_rate_for_cash_withdrawal
What do I do if it says my card payment has been cancelled?,reverted_card_payment?
What stores can I sue my card?,card_acceptance
Do you provide cards to people not in the UK?,country_support
I am just waiting for the transaction to be completed.,transfer_not_received_by_recipient
"If I want a friend to top off my account, can they?",topping_up_by_card
My card is not able to be activated how do I get it to work?,activate_my_card
Looks like my card payment was cancelled.,reverted_card_payment?
Where can I order a virtual card?,getting_virtual_card
How long does it take for deliver to the US?,card_delivery_estimate
There is some odd 1£ charge that appears as pending on my statement. What's that about? Pretty sure I haven't purchased anything for a pound there.,extra_charge_on_statement
I don't know what's going on but all of my transfers keep getting declined. I have checked over the recipient details twice. These details are all correct.,declined_transfer
can you share card tracking number?,card_arrival
I put money into my account for the minimum balance but the application didn't accept.,top_up_reverted
Can I cancel a transfer if is already processed?,cancel_transfer
Do you issue cards for someone living in the US?,country_support
"Hey i need help urgently. I just realised I sent my payment to the wrong account number, there is a typo! Please cancel it immediately, I can't do it anymore from the app",cancel_transfer
At what age can a person open an account?,age_limit
My cash withdrawal is still showing as pending.,pending_cash_withdrawal
I just got this card & I don't know how to activate it.,activate_my_card
where do I top up my google pay?,apple_pay_or_google_pay
I've been waiting longer than expected for my card.,card_arrival
What is the virtual card and how can i get one?,getting_virtual_card
Why did I get charged extra?,card_payment_fee_charged
"If US cards have a top up charge, what is it?",top_up_by_card_charge
"I'm supposed to be getting a refund but it hasn't shown up, now what?",Refund_not_showing_up
"Please tell me, do you use Visa or Mastercard?",visa_or_mastercard
My new card came in.  How do I activate?,activate_my_card
My top up was rejected. Why?,top_up_reverted
My transfer seems to be too expensive.,transfer_fee_charged
I live in Germany. Is that one of the countries you are in? What other countries are you in?,country_support
how do you determine your exchange rates because one of yours was off when i got cash,wrong_exchange_rate_for_cash_withdrawal
Delete my account now please.,terminate_account
Help.  I have a stolen card!,lost_or_stolen_card
"I tried to get money out of the Notting Hill ATM earlier, but I wasn't able to get it to work. Is my card with issue? It's the first time I tried using it.",declined_cash_withdrawal
MY transfer has still not appeared.,balance_not_updated_after_bank_transfer
Can I use my card wherever I want?,card_acceptance
How many days until the money will be in my account?,transfer_timing
I have been charged way to much so something is apparently wrong with my exchange. I changed Russian Ruble into UK pounds.,card_payment_wrong_exchange_rate
How do the foreign exchange rates work?,exchange_rate
Hi I am trying to transfer money to another country but it is showing pending and it has been a long time.  I have checked numbers and they are correct.  Could you please help?,pending_transfer
Where can I find the auto-top option?,automatic_top_up
How can I exchange currencies using your app?,exchange_via_app
How much does it cost to us US cards?,top_up_by_card_charge
How do I link my card in the app.,card_linking
Do I have an option between Visa and MasterCard?,visa_or_mastercard
Why do I see an extra £1 charge on my statement?,extra_charge_on_statement
Is there an auto top-up option?,automatic_top_up
What should I do if the atm eats my card?,card_swallowed
Why can't I top up with a cheque?,top_up_by_cash_or_cheque
I paid with a card and there is an extra charge. Why?,card_payment_fee_charged
Why do I still have a pending cash withdrawal?,pending_cash_withdrawal
I would like help to revert a transaction I did this morning,cancel_transfer
My app was on the phone and I was mugged.  What do I do?,lost_or_stolen_phone
What ATMs can I use this card?,atm_support
The exchange rate you are using is really bad. This can't possibly be the official interbank exchange rate.,card_payment_wrong_exchange_rate
My virtual card isn't working.,virtual_card_not_working
I just got an error message saying my transfer is not possible? Why is that? I've transferred money before and it worked without problem,beneficiary_not_allowed
Why was my card declined?,declined_card_payment
My app shows a payment I didn't make,card_payment_not_recognised
Is the exchange rate current?,exchange_rate
"I just activated auto top-up, but it is not letting me enable it. Why not?",automatic_top_up
Who can I speak with regarding a lost card?,lost_or_stolen_card
Do you send duplicate cards?,getting_spare_card
Why hasn't my transaction been completed?,transfer_not_received_by_recipient
Delete this account!,terminate_account
How do I find the exchange rate?,exchange_rate
Is there a fee for sending out more cards?,getting_spare_card
I bought something and now I want a refund.,request_refund
A direct debit payment that I didn't authorise shows up in my app.,direct_debit_payment_not_recognised
What is this random charge of one pound doing on my account?,extra_charge_on_statement
I was unable to transfer money from my account.,failed_transfer
Can you help me activate my card,activate_my_card
Please terminate my account.,terminate_account
How is my money transferred to the account,transfer_into_account
Please give me both a visa and a mastercard.,visa_or_mastercard
My top up didn't work.,top_up_failed
What currencies can I hold?,fiat_currency_support
"I tried to use my debit card, but the payment did not work.",reverted_card_payment?
Are there any express fees if i want my new card faster?,card_about_to_expire
I cannot make transactions with my virtual card.,virtual_card_not_working
why do I need to show ID,verify_my_identity
"I received my American Express card, but I am having problems making it work with Apple pay.  Can you help me with this problem?",apple_pay_or_google_pay
I see a cash withdrawal in the app that I did not do.,cash_withdrawal_not_recognised
Why can't I transfer to another account?,beneficiary_not_allowed
Will I be able to track the card that was sent to me?,card_arrival
There is something wrong with my card. Tried to use it a few times today in different places and it just didn't work. The transactions I tried to make were really small so not sure what's going on,card_not_working
I bought something and the money appeared back into my account? Why?,reverted_card_payment?
I think someone has hacked my card!,compromised_card
How do I find out my source of funds?,verify_source_of_funds
I've got a repeated tranasaction on my card.,transaction_charged_twice
Why does my transfer keep generating an error message?,beneficiary_not_allowed
I see a direct debit transaction in my app that I didn't make.,direct_debit_payment_not_recognised
use my credit to add money,supported_cards_and_currencies
What if my top up doesn't go through?,pending_top_up
I bought something and want the money refunded can I get some help with that?,request_refund
What do I do if a transaction shows up twice?,transaction_charged_twice
I was just going over my transactions for the past couple of months and noticed a large type charge that I know I did not make. Even though it's been a while can I please still dispute this?,direct_debit_payment_not_recognised
Must I verify my identity?,why_verify_identity
My cheque is slow to cash,balance_not_updated_after_cheque_or_cash_deposit
Help!  The atm won't give me my card back.,card_swallowed
I haven't been able to complete any transactions on my card today. Do you know what's wrong?,card_not_working
Would I have to pay anything if I need an additional card?,getting_spare_card
Where's my card PIN?,get_physical_card
"I got mugged yesterday and they took everything. I can't use the app, so I need some help.",lost_or_stolen_phone
How come my disposable virtual card used to pay for a gym subscription got rejected?,virtual_card_not_working
What process should I use to transfer money into my account?,transfer_into_account
"It's been over a month and i still haven't received my goods! I ordered a pencil for crying out loud, it's not that hard to deliver that! I'm done with these people, give me a refund immediately! I'll search for my Japanese exclusive pencil elsewhere!",request_refund
How long does it take to show a deposit I made to my balance?,balance_not_updated_after_cheque_or_cash_deposit
Why isn't the transfer I made to a friend showing?,transfer_not_received_by_recipient
Instruct me how to reset the passcode.,passcode_forgotten
I recently deposited a cheque and cannot find the cash from it.,balance_not_updated_after_cheque_or_cash_deposit
My card information seems to have been stolen! I don't know where these transactions came from and I've never even been to the city where they were made. I need my card blocked ASAP so this person can't keep using my card.,compromised_card
How can I top up with cash?,top_up_by_cash_or_cheque
How do I unlock my account after typing in the wrong PIN too many times?,pin_blocked
My card's expiration date is close.,card_about_to_expire
"My card is still pending, I've been waiting a while.",pending_card_payment
"How do I close my account, since I'm dissatisfied?",terminate_account
Do you have any card fees if I want to add money using an international card?,top_up_by_card_charge
I need assistance completing a transfer. I'm trying to purchase a flat and need the money for the initial mortgage payment. I keep getting an error and the transfer is not going through. What is going on here?,failed_transfer
Can you close my account please?,terminate_account
There has a recent suspicious withdrawal on my bank account. Is it possible to freeze my card?,cash_withdrawal_not_recognised
What does it mean if my payment was reverted?,reverted_card_payment?
Where are the options to top up with a cheque on my account?,top_up_by_cash_or_cheque
Why is my ATM cash withdrawal showing up as a pending transaction?,pending_cash_withdrawal
"I live in America, but I would like a card.",country_support
My payment card was declined - could you tell me why?,declined_card_payment
Where is the closest ATM to me?,atm_support
How is an exchange rate calculated?,exchange_rate
Where can I find a virtual card?,getting_virtual_card
How many times can I use a virtual card?,disposable_card_limits
Can you tell me why my card is not working? I keep trying to use it but it keeps rejecting my payment. I am being careful and entering the info correctly but it still happens.,declined_card_payment
How can I get a virtual card for a one-time transaction?,get_disposable_virtual_card
"My top up hasn't worked, it's been stuck in pending for the last couple hours",pending_top_up
Are you able to explain the restrictions of the disposable cards?,disposable_card_limits
The refund has not appeared in my account,Refund_not_showing_up
are SWIFT transfers an option?,top_up_by_bank_transfer_charge
Can you please tell me why my card payments are not going through when I try to buy something online? When I put in my card payment it takes it but it comes back a while later.,reverted_card_payment?
What are the charges for receiving money?,top_up_by_bank_transfer_charge
"If I need a PIN for my card, where is it located?",get_physical_card
How long will it take for a bank transfer to show up on my account? It's been a couple hours but I havnt seen anything yet. Also it's from a UK account if that makes any difference.,balance_not_updated_after_bank_transfer
I want a card. What is the procedure?,order_physical_card
Where is my top-up verification code?,verify_top_up
Help me verify the card used on a top-up.,verify_top_up
I cant find my card.,lost_or_stolen_card
When will my card be activated?,activate_my_card
The app will not let me into my account.,unable_to_verify_identity
What works for identity verification?,verify_my_identity
Where is my cash deposit in my balance?,balance_not_updated_after_cheque_or_cash_deposit
"I have been double charged for a couple of things this week, and would appreciate a refund for the duplicate charges.",transaction_charged_twice
What countries are supported?,country_support
What do you do with all the identity information you're collecting from me?,why_verify_identity
I have a payment that shows twice,transaction_charged_twice
"Fix your system. I can't make transfers, I've tried like 5 times already.",failed_transfer
How many countries do you support?,country_support
Why are there fees for using a card?,card_payment_fee_charged
Will I see fees from adding money with an international card?,top_up_by_card_charge
For some reason I forgot the passcode I have.,passcode_forgotten
The first payment I attempted for my card at the store earlier did not process so I had to make a second attempt. The second time it worked. It now appears I was charged twice. After looking at the app I see a pending charge. Please remove the pending amount because it is clearly not accurate and was declined.,transaction_charged_twice
There is a cash withdrawal on my statement that I don't recognize,cash_withdrawal_not_recognised
Can I request a physical card?,order_physical_card
why must I prove ID,verify_my_identity
I'm still waiting for my transaction.,transfer_not_received_by_recipient
When will my deposit from this morning show up?,balance_not_updated_after_cheque_or_cash_deposit
Will my transfer be done soon?,pending_transfer
When can I expect my card to arrive?,card_delivery_estimate
Am I able to change my PIN at any cash machines?,change_pin
I am having problems with a top-up.,top_up_failed
Is there a charge for getting my money?,top_up_by_bank_transfer_charge
I need to know what is going on. I'm attempting to purchase a flat and need the money to pay on my initial mortgage payment. I'm only getting an error. Can you find out what's going on and help in making the transfer?,failed_transfer
An ATM machine didn't return my card.,card_swallowed
I got married and need to change my name.,edit_personal_details
If I need more than cards will I have to pay a fee to receive them?,getting_spare_card
I can't get the ATM to give me any cash,declined_cash_withdrawal
How do you determine exchange rates?,exchange_rate
Are purchases returnable for full refund?,request_refund
I got charged fees for withdrawing cash!,cash_withdrawal_charge
How do I order a new card if my current one is about to expire?,card_about_to_expire
Does transferring money have a fee?,transfer_fee_charged
What forms of ID do you need for identity verification?,verify_my_identity
My transfer has been declined.,declined_transfer
"After my checque or cash deposit, my balance didn't update.",balance_not_updated_after_cheque_or_cash_deposit
Where is the closest ATM I can use?,atm_support
My card activation attempt failed.,activate_my_card
I keep checking my statements but no progress.I requested a refund but seems it's not reaching my account for some reason. Can you please help me get the money back from the seller for me,Refund_not_showing_up
What is the charge for a physical card?,order_physical_card
What fiat currencies are supported for holding and exchange?,fiat_currency_support
How do I edit my details?,edit_personal_details
Are there ATM fees?,cash_withdrawal_charge
Which foreign currencies do you accept for adding money?,supported_cards_and_currencies
Am I supposed to verify my identity?,why_verify_identity
Will I need a new card or can I put my old card back into the app?,card_linking
Can this convert money?,exchange_via_app
I have a transfer waiting.,pending_transfer
"I have moved to a new house and set up a rent payment to my landlord, it was supposed to be in her account a few days ago but it hasn't arrived.  I definitely sent it to the right place, can you confirm where the money is?",transfer_not_received_by_recipient
What was the issue with my topping up?,top_up_failed
"What do I do if an ATM ""stole"" my card?",card_swallowed
I made a transaction to the wrong account!,cancel_transfer
How do I find the top-up verification code?,verify_top_up
"It's been more than a week since I had a return charged to my card, why hasn't it showed up?",Refund_not_showing_up
Why do I need to have my identity verified?,why_verify_identity
"If my cash withdrawal is still not showing, is something wrong?",pending_cash_withdrawal
The app is saying I made a withdrawl but I didn't.,cash_withdrawal_not_recognised
Where can I use my Mastercard?,card_acceptance
I can't get my actual card to work,card_not_working
How do you do exchanges?,exchange_rate
How do I know why my card isn't working?,card_not_working
How much do I have to pay if I want to transfer money?,transfer_fee_charged
Why was my cash withdrawal declined?,declined_cash_withdrawal
How can I tell where the money came from?,verify_source_of_funds
I still don't have my card after 2 weeks.  What should I do?,card_arrival
What cards do you support,supported_cards_and_currencies
I was expecting my new card and am wondering why I haven't received it yet?,card_arrival
My account statements show a debit payment that I didn't make it's from some time ago I need to know if it is disputable.,direct_debit_payment_not_recognised
There was a problem with the exchange rate on a purchase.,card_payment_wrong_exchange_rate
Do you know why my card payment is declined?,declined_card_payment
The exchange rate seems off on this transaction,card_payment_wrong_exchange_rate
Will I be charged for exchanging foreign currencies?,exchange_charge
Can I open an account for my children?,age_limit
"If I feel someone has my card information, can I get a new card?",compromised_card
I am still waiting for the cash to be returned from a cheque I deposited!,balance_not_updated_after_cheque_or_cash_deposit
I want to transfer money to a beneficiery. Why can't I?,beneficiary_not_allowed
"How long do tranfers from a UK account usuallt take for you? I just made a transfer and nothing shows up, so just wondering if things went ok",balance_not_updated_after_bank_transfer
A cash withdrawal has been done that I didn't do.,cash_withdrawal_not_recognised
Can this app be used to exchange currencies?,exchange_via_app
What is the cost for physical cards?,order_physical_card
How do I use cash to top up my account?,top_up_by_cash_or_cheque
What do I need to do to transfer my paycheck to my account?,receiving_money
I received my card. How do I link it to the app?,card_linking
Any fee for topping up?,top_up_by_card_charge
Hello. How do i go about getting a refund of an item i bought ? I want to cancel the payment since i have not received the item yet.,request_refund
"How long does a transfer to another country normally take? I check over and over again and see that my transfer is still pending. It's 2018, nothing should take this long. I have confirmed my account information, so there is no error. What is the hold up?",pending_transfer
Why is my card payment still pending?,pending_card_payment
I purchases several items today. Why are they still showing pending?,pending_card_payment
Do you receive SWIFT transfers?,top_up_by_bank_transfer_charge
At what age can my children use your service?,age_limit
"If I exchange currencies on a regular basis, is there a discount?",exchange_charge
"If I don't live in the UK, can I get a card?",country_support
Will money be added automatically when necessary?,automatic_top_up
I have a new phone number and need to edit my contact information.,edit_personal_details
Is there a limit on the number of times I can use a disposable card?,disposable_card_limits
There is an urgent thing that I need to transfer from China. Approximately how long will it take?,transfer_timing
My card never arrived.,card_arrival
"Hi. I just withdrew cash from an ATM and received the wrong amount. However, my app shows the correct amount I withdrew. How do I get the rest of the cash?",wrong_amount_of_cash_received
Please assist me in activating the card.,activate_my_card
What are the fees of using an international card to add money?,top_up_by_card_charge
Please help me.  My disposable virtual card won't work right.,virtual_card_not_working
is there a limit for top up?,top_up_limits
how to change name,edit_personal_details
How much does it cost in fees to use your card?,order_physical_card
what are the reasons I have to proof my identity to you?,why_verify_identity
"When I was traveling abroad, the exchange rate was applied wrong.",card_payment_wrong_exchange_rate
I don't know where my phone is.,lost_or_stolen_phone
Why was my transaction declined?,failed_transfer
Is there a reason why my account isn't updating because I used a check to  balance my account?,balance_not_updated_after_cheque_or_cash_deposit
How do i cancel a charge?,cancel_transfer
I don't have the device I used to log onto the platform so I can't access it.,lost_or_stolen_phone
I've been charged an extra £1 and I don't know why,extra_charge_on_statement
I believe my top up has failed,top_up_failed
"I tried to get some with-drawls but the machine didn't work. The transaction still seems in progress.Seems like  something is wrong,I don't want to be charged for Transaction i did not make.",pending_cash_withdrawal
What cash stations take this card?,atm_support
How do I shut down my account and get out of this company?,terminate_account
I think I forgot my passcode,passcode_forgotten
"I have a disposable card, how many transactions can I make?",disposable_card_limits
"Hi, I have an apple watch. How do I use it to top up my card?",apple_pay_or_google_pay
Do I get Visa or Mastercard?,visa_or_mastercard
I think my top up has been reverted,top_up_reverted
How long will it take to arrive?,card_delivery_estimate
What are these disposable cards meant for?,get_disposable_virtual_card
There is a charge on my card that I did not make,card_payment_not_recognised
There was a transaction this morning that I'd like to reverse.,cancel_transfer
How can I top up with Google play?,apple_pay_or_google_pay
How long do I have to wait for a US transfer?,transfer_timing
What locations allow me to withdraw money?,atm_support
Can someone explain why I'm getting a message on my screen saying my transfer isn't possible? I've done several in the past and haven't had a single problem until now. What's going on?,beneficiary_not_allowed
I think the exchange rate was incorrect.,wrong_exchange_rate_for_cash_withdrawal
Is there an age limit to get an account?,age_limit
I am confused about your fee structure and was disappointed to see a fee for my transfer.,transfer_fee_charged
Why am I seeing a fee for transferring money?,transfer_fee_charged
My app shows some cash I didn't get.,cash_withdrawal_not_recognised
Why is the payment from my card still pending?,pending_card_payment
What country's money can I hold currency in?,fiat_currency_support
"I was abroad and needed some cash, but I think the wrong exchange rate was applied to the transaction.",wrong_exchange_rate_for_cash_withdrawal
Why is the top-up I made still pending.,pending_top_up
What are the fees for top ups?,top_up_by_card_charge
Can you tell me about why the account I have was charged an extra 1$,extra_charge_on_statement
What is the source of my money?,verify_source_of_funds
I would like to link my card to my account.,card_linking
I want to set up an auto top-up,automatic_top_up
How can I change my information?,edit_personal_details
I lost my card. Can you help me?,lost_or_stolen_card
How long does a transfer stay pending?,pending_transfer
My transfer has been pending for a long time now. I already double checked my account info and it is correct. Why is it taking so long in 2018 to transfer money?,pending_transfer
Whats the transfer process,transfer_into_account
What am I supposed to do if the funds haven't show up from a transfer completed this morning?,pending_transfer
I do not have what is required to prove my identity,unable_to_verify_identity
I had cash transferred but the balance did not change.,balance_not_updated_after_bank_transfer
"I tried to get money out of the Notting Hill ATM earlier, but I wasn't able to get anything out. Is there a problem with my card? It's the first time I tried using it.",declined_cash_withdrawal
Is there a fee when you pay with your card?,card_payment_fee_charged
How come I can't seem to verify my id?,unable_to_verify_identity
"I got a card, how do I get it in the app?",card_linking
Why doesn't the card payment work,declined_card_payment
The app won't let me top up my account,top_up_failed
I would like to know what exchange rates you use?,exchange_rate
what I need to verify my account,why_verify_identity
"My top up did not show up as shown and my money has disappeared, can you help me fix this glitch problem?",top_up_reverted
How can we correct a mistake on an ATM transaction?  The app shows what I should have gotten.,wrong_amount_of_cash_received
What do I do if my card expires soon?,card_about_to_expire
What is needed to activate my card?,activate_my_card
"If my card expires next month, will I need to order a new one?",card_about_to_expire
"Hi, is everything in good standing with my card? I am receiving multiple ""decline"" messages.",declined_card_payment
What is the foreign exchange rate you will apply?,exchange_rate
I didn't receive the correct exchange rate for an item that I bought.,card_payment_wrong_exchange_rate
Why is there a direct debit payment on my statement that I didn't do?,direct_debit_payment_not_recognised
i noticed that the funds were returned to my bank account. What happened?,top_up_reverted
How can I transfer money between accounts?,transfer_into_account
How do I change the PIN?,change_pin
I need my card immediately.,card_delivery_estimate
What does it mean when a payment is pending?,pending_card_payment
I lost my card n need a new one.,lost_or_stolen_card
What are my payment options?,supported_cards_and_currencies
I have withdrawn cash from ATM but i received the wrong amount. I want cash back as in app its showing actual amount which i got. Please help me in this.,wrong_amount_of_cash_received
I was charged a fee for using my card. Can I check that in any way? It seems like there are occasions that I am charge for fees. Can you elaborate this?,card_payment_fee_charged
How can I top up with this cheque I got?,top_up_by_cash_or_cheque
"I sent a cheque to you a few days ago and the deposit has yet to appear in my account. I need this money, what is the problem?",balance_not_updated_after_cheque_or_cash_deposit
Why am I having trouble verifying my id?,unable_to_verify_identity
I transferred some money but it is yet to arrive.,balance_not_updated_after_bank_transfer
I need some help with identity verification.,verify_my_identity
why does the app show a direct debit payment that I did not authorize,direct_debit_payment_not_recognised
"If I top up by card, what options do I have re: currency and card type?",supported_cards_and_currencies
How do I know what exchange rate I will get?,exchange_rate
Can I exchange to EUR?,fiat_currency_support
"I was blocked by using the wrong pin too many times, can you help me?",pin_blocked
Where is the closest Mastercard ATM?,atm_support
where can I change my address?,edit_personal_details
"I received my American Express in Apple Pay, is there a reason why top up is not functioning properly?",apple_pay_or_google_pay
Can you please explain why my transfer failed?,failed_transfer
Am I able to order a disposable virtual card?,get_disposable_virtual_card
"This past holiday I made a withdraw at the ATM machine, and it seems I've been charged too much.",wrong_exchange_rate_for_cash_withdrawal
"I've already topped up, but I cannot see the funds being available. What happened?",pending_top_up
Which foreign currencies can I get transferred into my account?,receiving_money
How many disposable cards can you own?,disposable_card_limits
The money disappeared when I tried to use my card to top up.,topping_up_by_card
"Hello,  I noticed the money for an item I purchased online and have already received has been returned to my checking account. Was there an issue with the merchant accepting my payment? Or, possibly, with the bank sending it?",reverted_card_payment?
I want to close my account,terminate_account
What currencies can I use to top up my account?,transfer_into_account
I'm still waiting on my card to be delivered.,card_arrival
my atm cash out is still pending,pending_cash_withdrawal
How long does it take for me to get my pin,get_physical_card
Can anyone else top-up for me?,topping_up_by_card
I entered a typo when I was transferring money and now I've sent it to an incorrect account.  This is so bad!  I need it cancelled now.,cancel_transfer
Where is my last money transaction,transfer_not_received_by_recipient
Tell me what ATMs take this card.,atm_support
what's my top-up verification code?,verify_top_up
I have a service fee that I've never seen before. It showed up after I bought something from an international seller online.,transfer_fee_charged
I got charged and extra fee when I transferred money so why was I charged?,transfer_fee_charged
"The past few times I've been to the ATM, I was charged a withdrawal fee. Have your policies changed regarding fees?",cash_withdrawal_charge
How many transactions can be made with a disposable card?,disposable_card_limits
I made a deposit of cash and check that has not been added to my balance.,balance_not_updated_after_cheque_or_cash_deposit
How long does my top up pending last?,pending_top_up
What is your age limit?,age_limit
When should I expect to see my transfer hit my account?,transfer_timing
Are there any top-up limits?,top_up_limits
Where do your cards get delivered to?,order_physical_card
What is this extra €1 fee about?,extra_charge_on_statement
Where will I get my card?,order_physical_card
Tell me why my transfer failed!,failed_transfer
How do I check my security settings to allow contactless pay?,contactless_not_working
I can't get the virtual card to work,virtual_card_not_working
Was there a number to track that I could get?,card_arrival
I made a payment that is not yet complete.,pending_card_payment
"Please check my Card. As Withdrawal was working fine so far, but this morning suddenly got declined. Can you please check the problem?",declined_cash_withdrawal
My account balance doesn't reflect an update I made by cheque yesterday. Is something wrong or is the system slow?,balance_not_updated_after_cheque_or_cash_deposit
"I completed a transfer within the UK two days ago, but it is still not showing received.  I have verified the account number is correct already.  Is there anything else I need to do or is there a problem?",transfer_not_received_by_recipient
Which fiat currencies are supported for holding and exchanging?,fiat_currency_support
"I got some cash of an ATM earlier but this shows up as pending in the app. How can this be still pending, I've got the cash already?",pending_cash_withdrawal
I paid with card and was charged a fee that shouldn't be there!,card_payment_fee_charged
I think the top up failed,top_up_failed
I can't find the card PIN.,get_physical_card
I can't get my virtual card to work at all,virtual_card_not_working
When will I get my money? It's been too long.,transfer_not_received_by_recipient
There is a direct debit patentp that I haven't authorized.,direct_debit_payment_not_recognised
How long does it take for me to get my new card?,card_arrival
how to get new card after atm eats it,card_swallowed
Why is my transfer taking so long to complete?,transfer_not_received_by_recipient
I used my card the other day to get cash from an ATM and was charged an extra fee. I don't understand why I am being charged a fee all of a sudden. I thought it was free to withdraw from an ATM?,cash_withdrawal_charge
Do you work with all fiat currencies?,fiat_currency_support
How long does it take for a cash withdrawal to show?,pending_cash_withdrawal
I'm really stuck. I don't know why but my card payment has not gone through.,declined_card_payment
What is the process to change my PIN?,change_pin
How do I get an actual card?,order_physical_card
I'v exhausted all the of times I can try my PIN,pin_blocked
im not paying this transfer fee,transfer_fee_charged
Cancel a transaction,cancel_transfer
Why am I being charged for ATM fees?,cash_withdrawal_charge
Why hasn't my refund appeared on my statement?,Refund_not_showing_up
Can I receive payments in another currency?,receiving_money
How can I cancel my transfer?,cancel_transfer
I just found out from the seller that my money didn't go through. I checked my account and it was deducted at first but now it's back in my account. Can you  please fix this for me quickly?,reverted_card_payment?
I have a strange transaction on my account which appears to pertain to a cash withdrawal I made outside Nandos in Leeds.  What is that for?  Is it fraud?,cash_withdrawal_charge
I needed cash from the ATM but I couldn't get it.,declined_cash_withdrawal
I'm using the app and I noticed a payment that I didn't make.,card_payment_not_recognised
I don't understand why my card payment is pending.  It has been pending for too long.  Why is this and when might it go through?,pending_card_payment
Is my card usable anywhere?,card_acceptance
My phone has been lost or stolen,lost_or_stolen_phone
"I tried and tried, but I could not complete my transfer. Tell me what is wrong.",failed_transfer
"I guess exchange rate for my payment was not correct, as i charged extra on the last saturday.",card_payment_wrong_exchange_rate
I made a payment but the app reverted the payment.,reverted_card_payment?
What is the refund process?,request_refund
"I could not get a top-up to work, why?",top_up_failed
"When I got cash, I'm pretty sure there was a glitch that overcharged me.",cash_withdrawal_charge
How do I get a disposable virtual card as well?,get_disposable_virtual_card
What are the currencies that are accepted to add money?,supported_cards_and_currencies
"I ordered something ages ago online but it's simply not arriving. I've got enough! Give me back my money, I'm not paying these people.",request_refund
"If my funds are running low, will the app top up automatically?",automatic_top_up
Can I use any currency to add money?,supported_cards_and_currencies
My source of funds require verification.,verify_source_of_funds
Can you explain your exchange rates basis?,exchange_rate
Could you explain why my card payment did not work?,declined_card_payment
how much is the fee for topping by card,top_up_by_card_charge
"My cash withdrawal is showing as pending, why?",pending_cash_withdrawal
"hey, I think someone stole my card numbers. There is a purchase showing up on my app from a store pretty far away from me.. I really need that money back to pay my rent.",direct_debit_payment_not_recognised
I have a transfer that is still pending.,pending_transfer
What do I need to do to transfer money with my credit card?,topping_up_by_card
Why would a transfer to a beneficiary not go through?,beneficiary_not_allowed
"I have a Visa and Mastercard, can I use these?",visa_or_mastercard
what was the $1 fee i got,extra_charge_on_statement
I thought crypto top up with something you offered and it does not appear that it's working even though the money has disappeared out of my account. Can you tell me what's going on?,top_up_reverted
I have not received the amount of cash i was supposed to.,wrong_amount_of_cash_received
Why hasn't the transaction I did to my friend arrive yet?,transfer_not_received_by_recipient
I saw a fee on my app from one of my payments and I wasn't sure where it came from. Is there a way you can tell me when there's an additional fee for my payments?,card_payment_fee_charged
I was wondering how long does it take for a payment to go thru? It seems my last payment is stuck and hasn't moved.,pending_card_payment
Where did your guys exchange rates come from?,exchange_rate
What do you charge to top up US cards?,top_up_by_card_charge
My card is about to expire.,card_about_to_expire
How is the exchange rate doing?,exchange_rate
Where can I get my card at?,order_physical_card
I need it delivered by Saturday.,card_delivery_estimate
Please tell me what this direct debit in my statement is,direct_debit_payment_not_recognised
Why can't I withdraw funds from my account?,declined_cash_withdrawal
What am I going to need in order to verify my identity?,verify_my_identity
"I will need to exchange currencies frequently, will I be able to get a discount?",exchange_charge
Contactless isn't working for me,contactless_not_working
Why wont the other bank take my money?? Is it not good enough?? There's sufficient funds but I keep getting denied a standard transfer. Ive tried 5 times!,failed_transfer
I could not get the cash I wanted,wrong_amount_of_cash_received
"My card got trapped inside an ATM, what should I do?",card_swallowed
I don't recognize some transactions.  Is someone else using it?,compromised_card
Can it add money every so often automatically while I travel?,automatic_top_up
Does the exchange rate change each day for purchases? There is a different rate on my purchase.,card_payment_wrong_exchange_rate
Is it possible to get one the your cards in the EU?,country_support
"How long do you expect me to wait for the transfer? It finally worked out, but has been pending for a long time and it's quite urgent.",pending_transfer
Why is my cash still pending that I put in ATM?,pending_cash_withdrawal
My payment has an incorrect exchange rate.,card_payment_wrong_exchange_rate
How long does it take for a top-up?,pending_top_up
I want to talk about an order that I placed a long time ago and have yet to receive. I demand a refund due to lack of delivery of the product!  I refuse to pay for something I never got.,request_refund
I tried pulling out money at the ATM and it gave me an incorrect amount back.,wrong_amount_of_cash_received
Transfers are supposed to be free.  I just got a fee tacked on  to something I bought abroad.  Not cool.  Figure out how to remove it.,transfer_fee_charged
Top up not available in my wallet.,topping_up_by_card
Is there any type of fee for currency exchange?,exchange_charge
I have forgotten my password.,passcode_forgotten
I need help finding the verification code for my top-up card.,verify_top_up
Is there any amount in which I would get cut off from topping up?,top_up_limits
Why isn't the transferred money there?,balance_not_updated_after_bank_transfer
When can I expect money to be transferred to my account?,transfer_timing
I'm on holiday and I noticed a different amount for exchange rate.  Can you explain?,card_payment_wrong_exchange_rate
I need to change my personal details in my account.,edit_personal_details
My new pin needs to be set.,change_pin
someone is using my account,compromised_card
Can I get some help to get me card activated?,activate_my_card
"There are multiple instances where you added a fee to the payment, as well as some where you didn't. Do you have an outline of when a fee will be added?",card_payment_fee_charged
There are funds showing in my app that I did not receive.,cash_withdrawal_not_recognised
Would you be so kind as to activate my card? Thanks,activate_my_card
How do you decide what your exchange rates are?,exchange_rate
what are the steps to activate my card?,activate_my_card
I need to cancel a transaction on my debit card.,direct_debit_payment_not_recognised
There was an extra fee when I was at the ATM.  Why?,cash_withdrawal_charge
I didn't make a payment at this business.,card_payment_not_recognised
"I don't want to buy this car anymore, can I cancel the transaction and get a quick refund back?",request_refund
I am still waiting for a money transfer to process.,pending_transfer
What can I do to make my physical card work?,card_not_working
The money would not transfer to a beneficiary.,beneficiary_not_allowed
"I prefer using Mastercard, can I substitute?",visa_or_mastercard
How long does it take for cash withdrawals to hit my account?,pending_cash_withdrawal
What is the most efficient way to activate my new card?,activate_my_card
Can I use my salary for this?,receiving_money
I would like to cancel my previous transaction,cancel_transfer
A mortgage payment I'm making is giving me an error message.  This is the first time I'm making this payment and want to know what's wrong.,failed_transfer
How and where can I find the identity checks?,verify_my_identity
What do you base your exchange rates on?,exchange_rate
I would like to create a disposable virtual card. How do I go about doing that?,get_disposable_virtual_card
"This company is bad, please delete my account.",terminate_account
Where do my funds originate from?,verify_source_of_funds
What steps must I follow to get a Visa credit card?,visa_or_mastercard
Where do you support?,country_support
"How do I know if I will get my card, or if it is lost?",card_arrival
why did my account decline a incoming transfer,beneficiary_not_allowed
How come I can see an extra charge for my transfer?,transfer_fee_charged
"I cannot find my phone, what should I do?",lost_or_stolen_phone
can i use my app to get a virtual card,getting_virtual_card
I want to get a Visa,visa_or_mastercard
I didn't withdraw cash but I see that transaction on my app,cash_withdrawal_not_recognised
Why am I being charged for getting cash?,cash_withdrawal_charge
My transfer hasn't gone through yet.,pending_transfer
Explain the payment that was declined!,declined_card_payment
Why has my deposit in the ATM not cleared yet?,pending_cash_withdrawal
I have a canceled top-up and wanted to know about it.,top_up_reverted
What is the tracking number for the card you sent?,card_arrival
why do I have an unknown payment?,card_payment_not_recognised
"How do I reset a forgotten passcode, please?",passcode_forgotten
My card payment won't work.,declined_card_payment
There is a transaction showing in my app that I did not make as I have not used that card all day.  Please reimburse this amount to my account.,direct_debit_payment_not_recognised
Why isn't my Google Pay top up working for me? Did I do something wrong?,apple_pay_or_google_pay
Can I use Apple Pay to top up?,apple_pay_or_google_pay
I have my card now how do I activate it?,activate_my_card
My transfer to beneficiary didn't go through,beneficiary_not_allowed
I want to transfer money with my credit card.,topping_up_by_card
Which currencies are allowed?,fiat_currency_support
What is the basis of your exchange rates?,exchange_rate
There is a payment that I was charged two times for.,transaction_charged_twice
"I want to block my card or deactivate it or something, it's been stolen and I don't want it misused. I want this handled right away.",lost_or_stolen_card
"It's been two weeks, why has the transaction for $1.00 not been reversed?",extra_charge_on_statement
I think I was charged extra on my payment on last Saturday.  Maybe the exchange rate was wrong?  I'd like a refund.,card_payment_wrong_exchange_rate
How many times can I auto top-up?,automatic_top_up
How long until my friend receives my transaction?,transfer_not_received_by_recipient
My card is about to expire and I need to know how much it costs and how long it takes to get a new one.,card_about_to_expire
Is there currency exchange on this app?,exchange_via_app
How can I the person see my money transaction?,transfer_not_received_by_recipient
Is it possible to top up using a cheque?,top_up_by_cash_or_cheque
"If I wanted to change my PIN, how would I do that?",change_pin
Why did my top up not work?,top_up_failed
How can I setup automatic top-up?,automatic_top_up
"Hi, I was trying to use my card but it was declining by ATM. I have cross checked with two different ATMs but i was facing the same issue. Could you please check my account.",declined_cash_withdrawal
Can I change my pin number at a cash machine?,change_pin
Can I use my Apple Watch to to top up?,apple_pay_or_google_pay
Why is the cash withdrawal under pending?,pending_cash_withdrawal
What is the longest a US transfer should take to appear in my account?,transfer_timing
What do I owe for a new card?,order_physical_card
"I have been waiting longer than expected for my bank card, could you provide information on when it will arrive?",card_arrival
Why can't I get cash?,declined_cash_withdrawal
How do I deposit cash?,top_up_by_cash_or_cheque
Do I need to re-apply to order a new card when my old one's about to expire?,card_about_to_expire
is there a way to see where funds come from,verify_source_of_funds
Is there a top-up fee if you add money in USD?,top_up_by_card_charge
Can you give me a visa?,visa_or_mastercard
"Hello, I recently ordered an item and I need help with cancelling and processing a refund as soon as possible. It's very important that I get my refund quickly.",request_refund
The recipient can not locate funds.,transfer_not_received_by_recipient
I believe my card has been compromised as there are funds showing that I did not receive.,cash_withdrawal_not_recognised
Cash deposit to my account but it has not appeared.,balance_not_updated_after_cheque_or_cash_deposit
There's an error in regards to the exchange rate for an item I bought.,card_payment_wrong_exchange_rate
Please help me!  A payment I made had an error on the account number and I can't cancel on my side.  Can you cancel it?,cancel_transfer
Why is my top-up showing as cancelled?,top_up_reverted
Can I have it by a certain date?,card_delivery_estimate
I think I see a withdraw I did not make.,cash_withdrawal_not_recognised
I want to transfer money using my credit card.,topping_up_by_card
Can I get a physical card through this app?,order_physical_card
Why was I unable to finish this transfer?,failed_transfer
I can't add any more money.,top_up_failed
I didn't get the money I transferred,balance_not_updated_after_bank_transfer
How do I top up with Apple Pay?,apple_pay_or_google_pay
I took out money from the ATM and it's still showing as pending?,pending_cash_withdrawal
I was double charged at a restaurant can you take the second charge off?,transaction_charged_twice
What places will accept my card?,card_acceptance
I am unable to prove my identity,unable_to_verify_identity
I have one other credit card from the US. Do you take it?,supported_cards_and_currencies
What kind of fiat currencies are supported for holding and exchange?,fiat_currency_support
Where is the cash from my cheque I recently deposited?,balance_not_updated_after_cheque_or_cash_deposit
please delete account,terminate_account
Where can I change my PIN?,change_pin
I took cash and got charged a fee,cash_withdrawal_charge
I tried to make a transfer and it didn't work.,failed_transfer
I don't have any idea what's going on but all of my transfers keep getting declined. I have double-checked over all of my recipient names and they are correct.,declined_transfer
I know I have enough funds in my account but my card payment hasn't worked for some reason. What do I do?,declined_card_payment
I am still waiting for a money transfer to appear.,pending_transfer
How do I link my replacement card?,card_linking
Why cant I send money to a beneficiary?,beneficiary_not_allowed
Who can top up my accounts?,topping_up_by_card
Am I going to see a charge for a SEPA transfer?,top_up_by_bank_transfer_charge
I made a payment and it was reverted and wanted to know why?,reverted_card_payment?
I'm supposed to have a refund but it isn't there,Refund_not_showing_up
How long will this card payment stay pending?,pending_card_payment
Please explain how I use the disposable cards?,get_disposable_virtual_card
I made a transfer and was charged extra. Why?,transfer_fee_charged
If I wanted to make a change from GBP to AUD what is the process?,exchange_via_app
Please provide me a list of ATMs that accept my card.,atm_support
What is needed for the identity verification?,verify_my_identity
A percentage fee was charged to my withdrawal.,cash_withdrawal_charge
What are the steps for getting money from a friend?,receiving_money
Please help me figure out the reason for the odd withdrawal amount from my account?,cash_withdrawal_not_recognised
I want to create a new pin.,change_pin
How can I look at where my available cash is coming from?,verify_source_of_funds
I didn't make a payment that shows in my app.,card_payment_not_recognised
Can you tell me how to link one of your cards that I already have?,card_linking
I topped up my card but the money disappeared.,topping_up_by_card
Are all European currencies available for holding and exchange?,fiat_currency_support
I can't find the top-up card verification code.,verify_top_up
Do I have to change my PIN at a bank?,change_pin
Is there a way to order a virtual card on the website?,getting_virtual_card
My money transfer hasn't appeared yet.,pending_transfer
How much can I expect to pay to top up a US card?,top_up_by_card_charge
What age do I have to be?,age_limit
I was charged for getting cash.,cash_withdrawal_charge
I used my pin too many times.,pin_blocked
What is the wait time until money reaches my account?,transfer_timing
"I just saw the exchange rate you use, but it's so bad that I can't believe that it's the official interbank exchange rate! Is this truly the official interbank exchange rate?",card_payment_wrong_exchange_rate
There is a strange card payment I don't recognise.,card_payment_not_recognised
When does a UK transfer show up?,balance_not_updated_after_bank_transfer
"I put in a payment a while ago and it has still not cleared and is showing up as ""pending"", how long does it take to clear?",pending_card_payment
"I need the right foreign money, at the right rate, at ATMs, when I go abroad.",wrong_exchange_rate_for_cash_withdrawal
How soon will I get my card?,card_delivery_estimate
How long does it take for a pending cash withdrawal?,pending_cash_withdrawal
I tried using my card at multiple vendors and now it's not working.,card_not_working
Why hasn't my friend's transaction arrive yet?,transfer_not_received_by_recipient
Is there an automatic top up feature?,automatic_top_up
"I was charged extra when I made a cash withdraw, why?",cash_withdrawal_charge
My card payment did not go through.,declined_card_payment
What do I do if I find a debit charge that I know I didn't do in my billing statement?,direct_debit_payment_not_recognised
My contactless payments don't work.,contactless_not_working
"Hi, I'm in progress of purchasing a flat and am trying to make to make a payment.  An error is appearing, and I need assistance.",failed_transfer
Is there a limit on how many times I can use a disposable card?,disposable_card_limits
How much longer do I have to wait until my transaction is complete? I transferred money to another country many hours ago and the transaction is still pending.,pending_transfer
Please explain why my top-up hasn't been processed yet?,pending_top_up
What do you charge for physical cards?,order_physical_card
How old does my daughter have to be to open an account?,age_limit
I'm not sure why the card payment didn't work.,declined_card_payment
How long will I have to wait for my money to be in my account?,transfer_timing
I cannot make a transfer to another account.,beneficiary_not_allowed
How do I modify my details?,edit_personal_details
I must make several disposable cards per day.,disposable_card_limits
Can you tell me why I noticed a $1 charge on my statement?,extra_charge_on_statement
Why is the identity check involved?,why_verify_identity
Why does my top-up get cancelled?,top_up_reverted
Which ATM's will accept my card?,atm_support
"I ordered a card a week ago, and it's still not here. What do I do?",card_arrival
What do I do if my card is expiring soon?,card_about_to_expire
Can I update my details?,edit_personal_details
Please help.  There is a payment in the app that isn't mine.,card_payment_not_recognised
Why is the payment on my card still pending?,pending_card_payment
My funds are not transferring to my bank. Why is this not working?,beneficiary_not_allowed
What all currencies can be exchanged?,exchange_via_app
what currencies can i exchange between on your app?,exchange_via_app
Hi i received an error message informing me about the transaction failure. I have done the money transfer before and it never failed. Please let me know what is the issue this time.,beneficiary_not_allowed
How long does it take for a top up to be approved?,pending_top_up
Which ATMs accept Mastercard?,atm_support
How can I change my PIN without going to the bank?,change_pin
Why is the exchange rate wrong for my international withdrawal?,wrong_exchange_rate_for_cash_withdrawal
At what places accept my card?,card_acceptance
"new customer and filling gas for the first time today, not working,",pending_top_up
I would like to know which fiat currencies are recognized by your organization.,fiat_currency_support
What countries can I use the card in?,country_support
Am I able to use my American Express to add money to my account balance?,supported_cards_and_currencies
I need this item refunded,request_refund
Do currency exchanges cost extra?,exchange_charge
I see an unfamiliar payment on my statement.,card_payment_not_recognised
Let me know when you charge for payments. I just checked the app and saw a fee that I wasn't warned about.,card_payment_fee_charged
What major card payments are accepted?,visa_or_mastercard
I could not get the ATM to work,declined_cash_withdrawal
How long until I see a cash withdrawal?,pending_cash_withdrawal
"$1 extra has been charged on my statement, why is that?",extra_charge_on_statement
Are there any top-up limits involved?,top_up_limits
I would like to exchange currencies on the app. How do I do this?,exchange_via_app
I cant prove who I am,unable_to_verify_identity
Can I use a check to top up?,top_up_by_cash_or_cheque
"I need to use a European card for a top up, what will the charge be?",top_up_by_card_charge
I need to know the if there is a limit on the amount for auto top-up.,automatic_top_up
I'd like to apply for a Visa Card.,visa_or_mastercard
When will my transfer come through?,balance_not_updated_after_bank_transfer
help my money isnt showing up,balance_not_updated_after_bank_transfer
If I need to exchange currency is there an extra fee?,exchange_charge
The ATM took my card.,card_swallowed
Can you please explain why the exchange rate for the item I bought is wrong?,card_payment_wrong_exchange_rate
"I have found my lost or stolen card, would I still have to activate the new card that was sent to me through the mail in order to access my account?",card_linking
What ATMs can I use my card?,atm_support
My top up hasn't gone through,pending_top_up
"I'm pretty frustrated about a pound charge that keeps  showing up in my account statement. It's listed in the app as ""pending"", it never changes, and now I'm thinking someone's hacked my account!",extra_charge_on_statement
I cannot use my card.,card_not_working
why was my transfer declined,declined_transfer
Do all ATMs accept this card?,atm_support
Do I have a card PIN?,get_physical_card
"Why is my transfer not working? I tried multiple times to transfer money, and all that happens is an error message pops up.",beneficiary_not_allowed
There is an unauthorized fee.,card_payment_fee_charged
Who accepts this card?,card_acceptance
How do I go through the identity checks?,verify_my_identity
How many disposable cards can I have?,disposable_card_limits
What is the current exchange fee?,exchange_charge
What would II do if I wanted to activate my new card,activate_my_card
My top up is giving me problems. What is wrong with it?,top_up_failed
What do you charge for an exchange fee?,exchange_charge
why hasn't my cash arrived yet from my cheque?!,balance_not_updated_after_cheque_or_cash_deposit
An extra pound was charged!,extra_charge_on_statement
How do I stop fraud to my account?,compromised_card
"I get a ""decline"" message when doing a transfer",declined_transfer
Please help me.  I don't know my code to get into the app.,passcode_forgotten
When will money be available in my account?,transfer_timing
can i get a description of how to use a disposable virtual card,get_disposable_virtual_card
Can you tell me more info about virtual disposable cards?,get_disposable_virtual_card
Why is the transfer still pending?  Can I do something?,pending_transfer
Guide me on how to unblock my PIN,pin_blocked
How can I top up using google pay?,apple_pay_or_google_pay
"I just finished sending money, but it's not logging on the recipient side.",transfer_not_received_by_recipient
Is there any way to get another card on the same account?,getting_spare_card
I need help getting the virtual card to work.,virtual_card_not_working
How do I go about topping up with Google Pay?,apple_pay_or_google_pay
Can you tell me how many currencies I can hold?,fiat_currency_support
My top-up appears to be pending.,pending_top_up
Is this card available to United States Residents?,country_support
Why do I need to verify my funds?,verify_source_of_funds
Was I charged extra for using my card?,card_payment_fee_charged
How can I check the source for my funds?,verify_source_of_funds
Why hasn't my transaction completed?,transfer_not_received_by_recipient
Does it cost anything to buy something from another country? Like is there going to be hidden transfer fees or currency conversion fees?,transfer_fee_charged
I submitted a transaction to the incorrect account.,cancel_transfer
How do I receive a refund for my item?,request_refund
I transferred some money but the recipient is having trouble withdrawing.,transfer_not_received_by_recipient
Why did the funds for one of my purchase come back to my account?,reverted_card_payment?
I got charged two times for a transaction,transaction_charged_twice
"I was trying to make a transfer and got an error message telling me it was not possible to make the transfer. This has never happened before, what happened?",beneficiary_not_allowed
What are the steps to change my PIN to something else?,change_pin
My transfer failed.  Help!,failed_transfer
"lost card found, want to put it back in app",card_linking
How can I tell what the limit is to top-ups?,top_up_limits
Can I see my available money?,verify_source_of_funds
Was I charged more than I should of been for a currency exchange?,card_payment_wrong_exchange_rate
How do I find out what countries you service and what countries you do not?,country_support
My top up is still pending,pending_top_up
I was charged a fee when buying stuff with my card.,card_payment_fee_charged
Could you explain why my top-up has gone through yet?,pending_top_up
"I Withdrew cash from an ATM earlier but it shows up as pending in the app. How can this still be pending, I received the cash already?",pending_cash_withdrawal
How do I receive money from someone?,receiving_money
Does it cost me to add cash?,top_up_by_bank_transfer_charge
I have to have several disposable cards per day.,disposable_card_limits
When should I receive my virtual card?,getting_virtual_card
Where's the money from my transfer from Europe?,transfer_timing
Can I top up with a cheque?,top_up_by_cash_or_cheque
The app failed to verify my identity.,unable_to_verify_identity
I tryed to make a top-up with cryptocurrency but the payment was referted.,top_up_reverted
How can I fill up my gas tank using a check?,top_up_by_cash_or_cheque
"Could not complete transfer, states 'declined'",declined_transfer
"i put in money for vacation and its not showing. i need that money today, how long will it take",pending_transfer
"I'm really concerned because I only made one transaction, but it's appearing multiple times.",transaction_charged_twice
how much you charge for exhcange,exchange_charge
"I made a mistake on the last transfer I made, who must I speak with to cancel?",cancel_transfer
"How do I freeze my bank card, as there has been a strange withdrawal?",cash_withdrawal_not_recognised
I was overcharged a pound.,extra_charge_on_statement
What is going on? My top-up is still pending. I use your system all the time but now it is just showing as pending.,pending_top_up
Where did the extra fee on my statement come from?,extra_charge_on_statement
If I top-up by using a trasfer are there charges that applied?,top_up_by_bank_transfer_charge
I deposited a cheque but the cash hasn't arrived yet,balance_not_updated_after_cheque_or_cash_deposit
How do I use the top up app with my apple watch?,apple_pay_or_google_pay
My disposable virtual card has been rejected by the merchant earlier today. What should I do?,virtual_card_not_working
The exchange rate on my payment doesn't look right,card_payment_wrong_exchange_rate
"I was out today looking forward to paying with my new card, turns out the payment kept getting declined. This is really sad, what's going on?",declined_card_payment
My ATM card isn't working for a withdrawl,declined_cash_withdrawal
"Is there anyway, I can get a disposable virtual card?",get_disposable_virtual_card
what are weekend rates for getting cash,wrong_exchange_rate_for_cash_withdrawal
"I think my pin has been compromised, what do I do?",change_pin
when does my balance update for a transfer,balance_not_updated_after_bank_transfer
"I asked for a refund last week but nothing has happened yet, can you help me please?",Refund_not_showing_up
How do I change my last name?,edit_personal_details
What do I do if my card was stolen.,lost_or_stolen_card
How do I reactivate a card I thought I lost?,card_linking
I sees some suspicious spending on my credit card that I don't recall I had made. What should I do?,compromised_card
My transfer is still coming up as pending.,pending_transfer
I want to change my pin number from an ATM. Is this possible?,change_pin
Can I get my card expedited?,card_delivery_estimate
What is this cash withdrawal on my statement?,cash_withdrawal_not_recognised
My payment's stuck on pending.,pending_card_payment
Can I be charged for exchanging foreign currency?,exchange_charge
Do I need a photo ID to activate a my new card?,activate_my_card
How do I get a new card as your machine swallowed mine!,card_swallowed
I need my card activated.,activate_my_card
"Please help! I was looking at my account and saw a transaction with a seller I don't remember. Is it possible for you to track the sale, because I really don't think I made a payment to them.",direct_debit_payment_not_recognised
After trying to update my account balance yesterday by cheque it doesn't seem to working. Shouldn't the process be quicker? I need my account looked at because there appears to be a problem.,balance_not_updated_after_cheque_or_cash_deposit
Can I find the origination of my funds?,verify_source_of_funds
What kind of money can I hold?,fiat_currency_support
How did you guys get your exchange rate?,exchange_rate
How long should it take for my new card to arrive in them mail? What should I do if I never receive it?,card_arrival
When I received my cash; they had my exchange rate incorrect.,wrong_exchange_rate_for_cash_withdrawal
I took out a foreign currency and the exchange rate is wrong.,wrong_exchange_rate_for_cash_withdrawal
I had made a transfer but its still pending.,pending_transfer
Do you ship your cards anywhere?,order_physical_card
What do I have to do to get the virtual card to work?,virtual_card_not_working
Is it possible to have a discount for exchanging currency frequently?,exchange_charge
What do I do if my phone was stolen?,lost_or_stolen_phone
Is it acceptable to use either Visa or Mastercard?,visa_or_mastercard
Can I reactivate a card?,card_linking
I finally got my card.  Now I want to link it.  Is that something you have to do or can I do that?,card_linking
Can I get both a Visa and a Mastercard from you?,visa_or_mastercard
I couldn't pay with card in a shop,declined_card_payment
What do I do to exchange currency?,exchange_via_app
How do I get the Top Up feature on my apple watch working?,apple_pay_or_google_pay
How many different currencies can I hold money in?,fiat_currency_support
I transferred the wrong amount and would like to cancel the transaction.,cancel_transfer
I tried to top up my account and it didn't work,top_up_failed
How long does a payment show as pending before i should worry about it?,pending_card_payment
Need help to get my card to work.,card_not_working
Which ATM's am i able to change my PIN?,change_pin
I've just got married and want to change my name.,edit_personal_details
May I receive a different card pin,change_pin
I do not see the money I transferred into this account,balance_not_updated_after_bank_transfer
My account balance has not updated to reflect my recent transfer.,balance_not_updated_after_bank_transfer
What information do you need to verify my Source of Funds?,verify_source_of_funds
Is there a way to top-up when it reaches a certain balance?,automatic_top_up
How do I replace my card before it expires next month?,card_about_to_expire
I like Mastercard better.,visa_or_mastercard
Help me. My transfer was declined. How could this happen?,declined_transfer
I have a top-up that's still pending and wanted to know about it.,pending_top_up
Can you tell me why I can't make any transactions?,card_not_working
How do I get my card to work?,card_not_working
What number of times can I top-up?,top_up_limits
Can I send a cheque to do my top ups?,top_up_by_cash_or_cheque
I have been charged two times for one transaction.,transaction_charged_twice
I do not think the pop up went through yet.,pending_top_up
Can I have my card delivered on a specific day?,card_delivery_estimate
Is there any place I cannot use my card?,card_acceptance
Should I expect to be charged for topping up by transfer?,top_up_by_bank_transfer_charge
"About two days ago now, I made a transfer from France but it hasn't arrived yet. Is it possible that the international transfer just takes longer?",balance_not_updated_after_bank_transfer
"There are a couple payments with my card shown in the app that i really didn't make myself. What's happenning with this, does someone has access to my card?!",card_payment_not_recognised
What cards and currencies are supported?,supported_cards_and_currencies
Please tell me what the exchange fee is.,exchange_charge
The cash I wanted wasn't there.,wrong_amount_of_cash_received
Which documents do I need for this identity check?,verify_my_identity
Where can I order a card when I am in China?,card_about_to_expire
Why am I seeing a transfer fee on my bank statement?,transfer_fee_charged
Fix my contactless,contactless_not_working
I got charged in double and want a refund,transaction_charged_twice
What should I do if I think my card was stolen?,lost_or_stolen_card
Help! I need to transfer something to China.,transfer_timing
I know I'm getting a new card but would like know when I can expect to receive it.,card_arrival
Will I be charged for a top off transfer?,top_up_by_bank_transfer_charge
Why does top-up need verifying?,verify_top_up
Can I make an account for my daughter?,age_limit
What is preventing me from adding a specific beneficiary?,beneficiary_not_allowed
How do I unblock my card?,pin_blocked
"I just transferred some money into my account and do not see it updated yet, can you assist?",balance_not_updated_after_bank_transfer
Explain why my top up has been reverted please.,top_up_reverted
Do I have to go to an actual bank to change my PIN?,change_pin
The exchange rate for foreign ATM currency is wrong.,wrong_exchange_rate_for_cash_withdrawal
I didn't get the right amount of  cash because of the exchange rate.,wrong_exchange_rate_for_cash_withdrawal
I bought an item that I was charged a different exchange rate for.,card_payment_wrong_exchange_rate
How do I make my virtual card work?,virtual_card_not_working
Can I used my card even if my phone has been stolen?,lost_or_stolen_phone
Are you available in my country?,country_support
"If my salary is in GBP, do I need to do something?",receiving_money
Could I chose the date to have it delivered?,card_delivery_estimate
Why does the app revert a payment?,reverted_card_payment?
The app doesn't think it's me.,unable_to_verify_identity
What are the exchange rates?,exchange_rate
I don't think the exchange rate was right.,wrong_exchange_rate_for_cash_withdrawal
when will I get my refund?,Refund_not_showing_up
Is it possible to get a refund for the item?,request_refund
My password doesn't work.,passcode_forgotten
How long does a transfer take to reach one's account.,transfer_timing
Is there a way for me to check my balance?,verify_source_of_funds
The exchange rate would be?,exchange_rate
When will a cash withdrawal show up?,pending_cash_withdrawal
The funds I transferred are not in my account,balance_not_updated_after_bank_transfer
Can I change my PIN at any ATM?,change_pin
Can I change my PIN abroad?,change_pin
"If I get a transfer from Europe, how long until it is in my account?",transfer_timing
"Where can I find out the fee structure for my account? I have been charged fees for some transactions, but not for other ones. I can't find a pattern in these fees.",card_payment_fee_charged
"The service of this company sucks, I need to terminate my account.",terminate_account
Why isn't my id verifying?,unable_to_verify_identity
My card is about to expired what will happen?,card_about_to_expire
I think that the card is stolen.  What are my next steps?,lost_or_stolen_card
Talk me through modifying my details.,edit_personal_details
How can I know where my card will be accepted?,card_acceptance
"I'm not in the UK, can I get a card?",country_support
Can I have a friend send money directly to me?,receiving_money
I have no idea why there is a dollar that has been charged to my account.,extra_charge_on_statement
What's my pin number?,get_physical_card
What's the best way to use a cheque to top up?,top_up_by_cash_or_cheque
How do I set up my card PIN?,get_physical_card
Do you know why my card payment has been declined?,declined_card_payment
Does it cost anything and how long would it take to get a card if I need a new one? My card is about to expire.,card_about_to_expire
Changing my PIN,change_pin
Is there a longer processing time for international bank transfers?,balance_not_updated_after_bank_transfer
The exchange rate is incorrect for something I bought,card_payment_wrong_exchange_rate
Are there restrictions for ordering extra cards?,getting_spare_card
I see a direct debit transaction in my history that I did not set up.,direct_debit_payment_not_recognised
What is the most amount of disposable cards allowable?,disposable_card_limits
I need to cancel my recent transfer. I made a mistake. Please help quickly before the transfer goes through.,cancel_transfer
I didn't get all the money I asked for,wrong_amount_of_cash_received
is there something blocking me from making transfers,beneficiary_not_allowed
I don't see the transaction I made to a friend on my account.,transfer_not_received_by_recipient
when i travel can it top up automatically,automatic_top_up
Is it possible to get a second card for my daughter?,getting_spare_card
Who can purchase a disposable virtual card?,get_disposable_virtual_card
I transferred some money but the balance stayed the same.,balance_not_updated_after_bank_transfer
How long do I wait for a transfer to take?,pending_transfer
When will the transaction post to my account?,pending_transfer
Problem verifying my account,unable_to_verify_identity
Can I withdraw money from another bank and transfer it into my empty account?,transfer_into_account
I would like my refund for this item I bought.,request_refund
It appears my transfer was declined.,declined_transfer
I need several disposable cards made per day.,disposable_card_limits
Why do I have a pending cash withdrawal?,pending_cash_withdrawal
I bough an item and the exchange rate was incorrect.,card_payment_wrong_exchange_rate
I need two cards. Is this possible?,getting_spare_card
"Hi, My card withdrawal was declined this morning. It was working fine till yesterday. Please check and inform me.",declined_cash_withdrawal
How can I receive verification for the source of my funds?,verify_source_of_funds
I need help- I got mugged yesterday and they took everything so I can't use the app.,lost_or_stolen_phone
I have transfered to my account before but it is being declined now?,declined_transfer
Do you know the reason why my card payment was declined?,declined_card_payment
Can someone help with my passcode?,passcode_forgotten
What is taking so long with my top up?,pending_top_up
"When traveling, is it possible for it to add money at specific time intervals?",automatic_top_up
"How long should a transfer normally take to process completely? I have a friend that needs it right away, but it's already been 2 hours and she hasn't received it.",transfer_not_received_by_recipient
The ATM wouldn't let me withdraw cash.,declined_cash_withdrawal
My purchases from this morning still have pending payments.,pending_card_payment
I shouldn't be charged any fee for transferring .,transfer_fee_charged
What do I do if my card gets broken?,card_not_working
I topped up but it didn't complete,pending_top_up
What countries do you currently do business in?,country_support
Is there a reason my refund isn't showing on my statement?,Refund_not_showing_up
Why is there a fee for withdrawing?,cash_withdrawal_charge
How much would an extra card cost?,getting_spare_card
Did you start charging for cash withdrawals? I thought it was free so far but noticed suddendly there is a fee. How much do I need to pay?,cash_withdrawal_charge
I have a transaction and would like to know if I it's cancelable?,cancel_transfer
I tried to use my card to top up but all of the money has disappeared.,topping_up_by_card
Do you charge if I use a European bank card for top up?,top_up_by_card_charge
"I am using the app, and I see cash withdrawals that I did not authorize.",cash_withdrawal_not_recognised
Can someone assist me by explaining why my card is not working?,card_not_working
I found my card. How can I put it into my app?,card_linking
What do you need for the identity verification,verify_my_identity
Tell me how to delete my account.,terminate_account
How can I link the new card?,card_linking
Can I track my card while it is in the process of delivery?,card_arrival
I need to know the cost and when I will receive a new card to replace an old one.,card_about_to_expire
I am concerned that I am being doubled charged for several items purchased in the past week.  Please review my statement and correct.,transaction_charged_twice
what documents do i need to verify who i am,verify_my_identity
What does a pending cash withdrawal mean?,pending_cash_withdrawal
My card needs to be activated.,activate_my_card
Why was my top up reverted?,top_up_reverted
The $1.00 has still not been reverted as indicated in the previous email.,extra_charge_on_statement
"What is this card payment, I do not recognize it.",card_payment_not_recognised
Is it possible to get a real card?,order_physical_card
I would like to know why my purchases from this morning are still pending.,pending_card_payment
"I've tried to send money to my friends and I keep getting rejected. Can you please tell me why, I don't understand.",failed_transfer
Why hasn't my account updated to reflect my current balance?,balance_not_updated_after_bank_transfer
"To add money to my account, what currencies can I use?",supported_cards_and_currencies
How long does a card delivery take?,card_arrival
Can I still use the app if I switched phones?,lost_or_stolen_phone
Are there any fees to get additional cards?,getting_spare_card
"I have made a withdraw from an ATM this last holiday, why is there such a high charge from this transaction?",wrong_exchange_rate_for_cash_withdrawal
Today I was out eating and my card was declined. Why's that?,card_not_working
How do I find the refund on my statement?,Refund_not_showing_up
What do I need to do to get my salary through this?,receiving_money
"Give me my card, I need it now!",card_delivery_estimate
My card seems to not be working at all.,card_not_working
Are there restrictions on new cards in China?,card_about_to_expire
In which countries does your app work,country_support
Can you explain to me why a cash withdrawal shows up as pending?,pending_cash_withdrawal
Someone stole my wallet with my card in it while vacationing in Spain. I really need my card blocked and a new one ordered.,lost_or_stolen_card
WHAT IS THE ATMOSPHERE OF IT,card_acceptance
My transaction to pay for an item was returned to my account.,reverted_card_payment?
"Hi, I draw out some money from the ATM today. The ATM has given me wrong amount and the application is displaying more amount than i withdraw.",wrong_amount_of_cash_received
I broke my card,card_not_working
What is the process when my card is due to expire?,card_about_to_expire
"My Netflix subscription says that there is an issue with my card information, but I thought everything was fine. Why would it be declined?",card_not_working
Is there a way to make my money usable in another country?,exchange_via_app
Can I choose from either Visa or Mastercard?,visa_or_mastercard
How are exchange rates calculated?,exchange_rate
How can my friend transfer money to me?,receiving_money
May I get a disposable virtual card as well?,get_disposable_virtual_card
I just transferred some money. Why was I charged a fee?,transfer_fee_charged
If I am running low on credit can I auto top up?,automatic_top_up
"I enetered the wrong information, I need my account unblocked How do I do that?",pin_blocked
I think I was double charged,transaction_charged_twice
The amount of cash I received was different than what I requested.,wrong_amount_of_cash_received
My account says I have money but I withdrew it in cash.,pending_cash_withdrawal
I forgot what my pin number is and now am blocked can you help me get in?,pin_blocked
I think someone else is using my card.,compromised_card
There is an urgent transfer I need to make from China.  How long will it take to get it processed?,transfer_timing
did not receive correct cash upon withdrawal,wrong_amount_of_cash_received
I can't figure out how to unblock my pin number. Can you help me?,pin_blocked
I sent money about 5 days ago and the recipient has not received the money yet.,transfer_not_received_by_recipient
There is an extra 1£ charge on my app. Why did you charge me extra?,extra_charge_on_statement
My address has updated and I need to change it.,edit_personal_details
I don't see any change in my balance.,balance_not_updated_after_bank_transfer
"Do ATM cash withdrawals carry a charge now? They've been free in the past, but all of a sudden I have to pay to make ATM withdrawals?",cash_withdrawal_charge
How long does a European transfer take?,transfer_timing
"In the US, how long is the wait for a transfer?",transfer_timing
What is the reason for the fee charge on my transfer?,transfer_fee_charged
Why am I getting a fee on a card payment?,card_payment_fee_charged
I just got my new card but am not sure how to check its PIN.,get_physical_card
Where can I pay with my card?,card_acceptance
I was charged multiple times at the same location at the same time,transaction_charged_twice
What happened to where my top-up was canceled?,top_up_reverted
The wrong exchange rate applied to my cash withdrawal.,wrong_exchange_rate_for_cash_withdrawal
I think the exchange rate on my card payment is incorrect.,card_payment_wrong_exchange_rate
My statement shows a strange direct debit.,direct_debit_payment_not_recognised
I found my old card. Can I link it back into the app?,card_linking
What is the top-up limit for my card?,top_up_limits
What happens if the ATM doesn't give me back my card?,card_swallowed
Where can i find the virtual card?,getting_virtual_card
How can I check on the status of my new card?,card_arrival
Why am I being charged twice fro a restaurant?,transaction_charged_twice
I ordered a card and would like to know how to track the delivery progress of it.,card_arrival
I need a few more physical cards.,getting_spare_card
Top-up is not working,top_up_failed
"I bought something, but the exchange rate looks wrong.",card_payment_wrong_exchange_rate
"I no longer have my phone with the app, what should I do?",lost_or_stolen_phone
Do you have to be in the UK to get a card?,country_support
How do I order a virtual card?,getting_virtual_card
Why does top-up require verification?,verify_top_up
What form of identification is accepted?,verify_my_identity
Exchange rate for my cash withdrawal is wrong,wrong_exchange_rate_for_cash_withdrawal
I've got charges on my account I did not authorize. Can I get this money back from the last couple of days that it's been coming out? I also need to freeze my card.,card_payment_not_recognised
I got less cash than what I specified at the ATM.,wrong_amount_of_cash_received
I need to deposit money to my account,transfer_into_account
Is there any way i get a disposable virtual card as well?,get_disposable_virtual_card
Hello I changed my mind and really need a refund on something I bought recently. Can you please cancel the transaction and get me my money back. Please it's urgent.,request_refund
I see a reverted payment on my account. Why has this happened?,reverted_card_payment?
"phone is gone, dont want others to access account information",lost_or_stolen_phone
"This is URGENT, I typed the wrong payment information for a payment I needed to make and have clicked send, I need to reverse the transaction immediately.",cancel_transfer
What  is the verification process for a top up card?,verify_top_up
"I'd lke my card reactivated, I was thinking it was misplaced but I discovered when I woke up that I had left it in my coat.",card_linking
I'm just wondering when my card will get here.,card_delivery_estimate
When will you be taking orders for disposable virtual cards?,get_disposable_virtual_card
Where do I change my PIN?,change_pin
What should I do if I forgot my passcode?,passcode_forgotten
Why is my transfer pending when I already made it?,pending_transfer
why has a cash withdrawal charged me?,cash_withdrawal_charge
A payment shows up on the app that I never made.,card_payment_not_recognised
What's the limit for auto top-up?,automatic_top_up
I paid two weeks ago and just got refunded,reverted_card_payment?
I think I am having an issue with withdraws on my card. It was declined on the way to work this morning. This hasn't happened in the past.,declined_cash_withdrawal
I wanna revert a transaction i did this morning.,cancel_transfer
It wants me to verify the top up. Why?,verify_top_up
I am still waiting for my card.,card_arrival
Why was my account charged for using an ATM?,cash_withdrawal_charge
Why is my transfer not done yet?,pending_transfer
My address has changed. How do I report it?,edit_personal_details
When do I get my card PIN?,get_physical_card
I do not recongize a payment in my account.,card_payment_not_recognised
"Help! I think someone has a copy of my card - I still have my card, but a five hundred pound cash withdrawal that I didn't authorize is shown on my account.",cash_withdrawal_not_recognised
I am trying to make a transfer to a different account but they keep getting declined. I have double checked all the details and the information is correct.,declined_transfer
"Hi, I'm trying to by some crypto and the app isn't allowing it. I really want to exchange this, what am I doing wrong?",beneficiary_not_allowed
am suspicious of my card's security,compromised_card
"My card is showing a fee from when I used it, but I thought this card was supposed to be fee free?",card_payment_fee_charged
Why did I get charged when getting cash?,cash_withdrawal_charge
Why did the cash deposit not show up in my account?,balance_not_updated_after_cheque_or_cash_deposit
"I want to transfer money into my account, what do I do?",transfer_into_account
What are the currencies and cards that are supported with my account?,supported_cards_and_currencies
Is there a way to view the history on where my funds came from?,verify_source_of_funds
"I have waited 15 days, but my payment still hasn't cleared.",pending_card_payment
Will it cost me to get a second card?,getting_spare_card
"Hello. My credit keeps being declined, last night and again today, as I try to buy something. What is the status of my card?",declined_transfer
Do I get an actual card?,order_physical_card
Cash I did not get showed up in my account,cash_withdrawal_not_recognised
Please tell me how I can get a virtual card.,getting_virtual_card
"I paid my rent into the wrong account, could you please pay it into the right account, it needs to be done by tomorrow.",cancel_transfer
How do I top up with cash?,top_up_by_cash_or_cheque
What's the normal time frame for a transfer from a UK account? After just making a transfer it doesn't appear at all. I need to know if things went okay.,balance_not_updated_after_bank_transfer
Is it possible for me to top up with cash?,top_up_by_cash_or_cheque
Why would my topup not go through?,top_up_failed
Is it normal to be charged an extra fee when paying with my card?,card_payment_fee_charged
Is there a way to track the delivery of my card?,card_arrival
Why are you asking so many questions about who I am,why_verify_identity
where is card accepted,card_acceptance
Is it permissible to hold money in multiple currencies?,fiat_currency_support
atm would not give me cash,declined_cash_withdrawal
I did a transfer but it is still pending.,pending_transfer
I've already sent the money out and still have not received money in my account.,balance_not_updated_after_cheque_or_cash_deposit
Is there a way to verify a card top-up?,verify_top_up
What card or currency can I use to pay?,supported_cards_and_currencies
"Hey, I need some help figuring out way my transfer is not complete yet. My Landlord hasn't got the money yet.She should have received it by now.",transfer_not_received_by_recipient
My card has been compromised,compromised_card
I have been waiting over a week. Is the card still coming?,card_arrival
What is the youngest someone can be to open an account?,age_limit
"I thought I lost my card so I cancelled it, but recently I found it in my jacket and I would like to re-establish the card.",card_linking
How do I verify the top up?,verify_top_up
Why is there an identify check?,why_verify_identity
I need my account checked because it appears there is a problem. I attempted to update my balance yesterday using cheque but it doesn't seem to have worked.  Should this not be faster than this?,balance_not_updated_after_cheque_or_cash_deposit
I have lost my card! What is my next step?,lost_or_stolen_card
I forgot my code to get into the app.,passcode_forgotten
I withdrew  money from the ATM and was overcharged.  It said nothing about an extra fee.,wrong_exchange_rate_for_cash_withdrawal
How does your app transfer the money,transfer_into_account
How can I get my card out of the damn ATM?,card_swallowed
Is USD free to top up with a US card?,top_up_by_card_charge
Where can I verify my identity?,verify_my_identity
"I still have not received my new card, I ordered over a week ago.",card_arrival
Can I top up using my car?,topping_up_by_card
"I think something is wrong with your top up.  I've been waiting a little over an hour for this to go through, can you send it through for me?",pending_top_up
Where do I order a card?,order_physical_card
Why was I not able to get cash from the ATM?,declined_cash_withdrawal
I have been charged a fee for getting cash,cash_withdrawal_charge
"I want a Mastercard, instead.",visa_or_mastercard
why wont my american express work to add money,supported_cards_and_currencies
Please explain why my payment was declined? I thought everything was good.,declined_card_payment
How come I was charged an extra fee when paying with the card?,card_payment_fee_charged
There appears to have been a reversion in my top up,top_up_reverted
Is the top-up amount unlimited?,top_up_limits
Can i get money in my home currency at some ATM ? As I am on holiday and bit concerned because i do not have any cash with me . Is it possible to withdraw without any additional cost.,wrong_exchange_rate_for_cash_withdrawal
Editing my personal details,edit_personal_details
top up cancellation,top_up_reverted
Hello I have a UK account.  Can you please check if everything is alright with it?  I made a transfer a couple hours ago but it doesn't show up yet.,balance_not_updated_after_bank_transfer
It won't let me activate my card.,activate_my_card
Why can't I top up?,top_up_failed
"It is still pending, I am still waiting. Your system just shows my top-up as pending. What is happening?",pending_top_up
"I was double charged, and the second charge is showing as ""pending"". How long will it be before I get my money back once the second charge has been refunded?",pending_card_payment
How do i find my top-up card's verification code?,verify_top_up
"There has been an unusual withdrawal from my account, can you help?",cash_withdrawal_not_recognised
Will I be able to get both a visa and a mastercard?,visa_or_mastercard
What countries are you available in?,country_support
How do I link the new card?,card_linking
Is there a limit to top-up amounts?,top_up_limits
My card was taken from me,lost_or_stolen_card
My refund doesn't seem to be showing on my statement.,Refund_not_showing_up
How can I order a card?,order_physical_card
Why would i not be able to do a transfer to a beneficiary?,beneficiary_not_allowed
I want to close my account. The service you provide is unsatisfactory to me.,terminate_account
What countries are you supporting?,country_support
When will my transfer move out of pending stage?,pending_transfer
When will my returned transaction show up on my account?,Refund_not_showing_up
Will there be a fee to receive a physical card?,order_physical_card
Why can't I take cash out of the ATM?,declined_cash_withdrawal
"I thought transfers were free, why was I charged a fee?",transfer_fee_charged
i need a refund right away but the funds aren't available in my account,Refund_not_showing_up
How do I make my top up complete?,pending_top_up
Can I unblock my PIN in the app?,pin_blocked
Can I change my PIN at my local bank?,change_pin
Which countries do you operate in,country_support
My money hasn't been transferred yet.,balance_not_updated_after_bank_transfer
Help! I just realised someone has apparently withdrawn money using my card! It's from some odd remote town where I definitely haven't been. Please freeze it immediately!,cash_withdrawal_not_recognised
How can i get new card?,contactless_not_working
Where is the transfer to my account that I made?,balance_not_updated_after_bank_transfer
There is a transaction for $1 and I don't know why it was charged.,extra_charge_on_statement
I tried to transfer some money and it hasn't done it yet - what's going on?,transfer_not_received_by_recipient
My PIN was entered wrong and now I am blocked.  Please unblock.,pin_blocked
Why is a transaction still pending?,pending_cash_withdrawal
Is it possible to track the card you sent me?,card_arrival
can I have a non virtual card?,order_physical_card
Why was a charged just for transferring?,transfer_fee_charged
Why is identity verification mandatory?,why_verify_identity
I used this account a lot during the last month to manage my payments for my new place abroad. Seems that suddenly fees have increased? Shouldn't you instead reward your frequent customers instead of putting an additional fee suddenly?!,transfer_fee_charged
How can I verify the top-up card?,verify_top_up
Why is there an extra pound charge that is pending?,extra_charge_on_statement
Do you use Mastercard or Visa?,visa_or_mastercard
I bought something and already paid for it but now I don't see it.,reverted_card_payment?
I need to order a new card as my other one was stolen.,lost_or_stolen_card
I have a card payment I didn't make,card_payment_not_recognised
What is the limit to top up?,top_up_limits
Will I get charged for topping off my card?,top_up_by_card_charge
Why do I have to verify the top-up that I started?,verify_top_up
"What's go on, where is my new card?",card_arrival
Can I use my card in Austria?,country_support
I just had a wedding and I want to take my spouses name.,edit_personal_details
Can my PIN changed remotely without visiting a bank?,change_pin
Can you tell me which cards and currencies are supported?,supported_cards_and_currencies
"Which card would I get, Visa or Mastercard?",visa_or_mastercard
I want to use my American Express for adding money into my account.,supported_cards_and_currencies
Why is my card payment showing as pending?,pending_card_payment
How long will it take for my cash withdrawal to no longer show as pending?,pending_cash_withdrawal
"It's been two weeks and I haven't gotten my card, what do I do?",card_arrival
My payment shows that it is pending will I be charged more money?,pending_transfer
How much does it cost to get more cards?,getting_spare_card
Where's the verification code for the top-up card?,verify_top_up
"I decided I no long want something that I ordered, and want a refund. How do I go about doing that?",request_refund
"In regards to top-ups, can I do them via Google Pay?",apple_pay_or_google_pay
Will I get extra charges?,transfer_fee_charged
I am being charged a pound out of nowhere. What is this?,extra_charge_on_statement
Do you know when the withdrawal will show?,pending_cash_withdrawal
"My latest payment was declined, I was told everything was back to working order. What happened?",declined_card_payment
How can I dispute a direct debit transaction?,direct_debit_payment_not_recognised
"Last Saturday, I made a payment and the exchange rate was wrong.  I was charged too much.",card_payment_wrong_exchange_rate
What does it mean if my cash withdrawal does not show up properly?,pending_cash_withdrawal
Can I write a cheque to top up?,top_up_by_cash_or_cheque
"I saw money was taken out of my account by a seller a while back. I do not recognize the seller, but I'm pretty certain I didn't make that payment. Can you track who the seller is?",direct_debit_payment_not_recognised
my cash balance less than what I thought,wrong_amount_of_cash_received
I need to find out what is the limit for top-ups.,top_up_limits
I have a problem!  The ATM stole my card!,card_swallowed
What can I and can't do with the disposable cards?,disposable_card_limits
How much are you going to charge me if I top up my US card?,top_up_by_card_charge
do you accept from usa credit card?,supported_cards_and_currencies
Is there a transfer fee?,transfer_fee_charged
Can you refund my purchase?,request_refund
The ATM didn't let me get any cash,declined_cash_withdrawal
My passcode doesn't seem to be working,passcode_forgotten
I'm unsure of a withdrawl in my statement.,cash_withdrawal_not_recognised
Please show me how my friend can send me money.,receiving_money
How do I use a disposable virtual card?,get_disposable_virtual_card
I think my card payment had been return,reverted_card_payment?
What is the fee for topping up a US card?,top_up_by_card_charge
Can I freeze my card right now?,compromised_card
The seller just told me he didn't get paid. After reviewing my account it did subtract the balance but now it has added it back to my account. I need you to please take care of this promptly.,reverted_card_payment?
How much does it cost to exchange my balance into a foreign currency?,exchange_charge
"I tried again to top up my card after doing it a couple days ago when it had worked. Now, it doesn't seem to be working. Can you tell me what the deal is here please?",top_up_failed
My card will not work,card_not_working
When will my top up be approved?,pending_top_up
The refund isn't appearing in my account,Refund_not_showing_up
Can I have it be delivered at a certain time?,card_delivery_estimate
I wanted to know why i got an additional fee when i use my card.,card_payment_fee_charged
What is a pending cash withdrawal?,pending_cash_withdrawal
How can I set up Google Pay on my device?,apple_pay_or_google_pay
Why am I being charged to withdrawal money?,cash_withdrawal_charge
I don't recognize this payment at all!  Help!,card_payment_not_recognised
"Can my daughter also have a card issued in her name, but linked to my account?",getting_spare_card
Can you tell me why I haven't received my new card?,card_arrival
I saw I was charged extra for money I withdrew?,cash_withdrawal_charge
What kind of documents do I need for the identity check?,verify_my_identity
"While on vacation in Spain I think someone saw my PIN and I now need to change it, can I do this at an ATM in Spain?",change_pin
Why is this payment on my app,card_payment_not_recognised
What are the reasons for a declined transfer?,declined_transfer
Are there any documents needed for the identity check?,verify_my_identity
"For my account, how do I transfer money in?",transfer_into_account
My password isn't being accepted and I need to reset it.,passcode_forgotten
My identity verification is not working.,unable_to_verify_identity
Which ATM's accept my card?,atm_support
"Looks like my card payment was duplicated. I went to pay at the store earlier, got declined once,second time it works. App still stays pending for one of the payments. Can you please remove one of them as it's wrong and clearly was declined?",transaction_charged_twice
"Hello, I see that I have been charged an extra $1 on my app.  Could you please provide me with a reason for this charge?",extra_charge_on_statement
How do I make more than one disposable card in a day?,disposable_card_limits
Is it possible to open an account for my children?,age_limit
"Can you explain your refund policy, please?",request_refund
"Hello. I have a transaction in my account listed as pending. I tried to use an ATM at the city centre, but the machine declined my card, and I did not receive the money. Why is the transaction still pending if I did not receive the money.",pending_cash_withdrawal
How do I know it is a Mastercard ATM?,atm_support
I did a transfer and was charged a fee that should not have been charged!,transfer_fee_charged
What is the purpose for verifying my identity?,why_verify_identity
Where are the ATMs that accept this card?,atm_support
Is there an option to top up with a cheque?,top_up_by_cash_or_cheque
What to do if my card has been used without my permission?,compromised_card
Do you have any limit on the auto top-up?,automatic_top_up
I transferred some money but it hasn't arrived yet,balance_not_updated_after_bank_transfer
I need to verify the source of funds.,verify_source_of_funds
I have a card payment which shows as pending,pending_card_payment
I've completely forgot the code to get into the app.,passcode_forgotten
Is this card accepted by ATMs?,atm_support
I don't recognize what this payment on my statement would be for.,card_payment_not_recognised
My latest payment was declined! What happened! I was told everything had been resolved and was back to working order again.,declined_card_payment
i would like to top up with check,top_up_by_cash_or_cheque
I topped up but the app declined it,top_up_reverted
What happens if I forget my PIN?,pin_blocked
How do I go about verifying my identity?,verify_my_identity
I made a cash deposit almost a week ago but it's still not there!! please sort this out asap I need the money,balance_not_updated_after_cheque_or_cash_deposit
Can I transfer my salary onto here?,receiving_money
I tried activating my card and it didn't work,activate_my_card
Can I get the Mastercard?,visa_or_mastercard
can I use it all over the world?,country_support
I would like to order a virtual card.,getting_virtual_card
Can you tell me the restrictions for the disposable cards?,disposable_card_limits
Help me figure out why my transfer was declined,declined_transfer
How much is it to send out additional cards?,getting_spare_card
wheres my money receipt,transfer_not_received_by_recipient
What can I do to track the card you sent me?,card_arrival
I did not get the right amount of cash from the ATM.,wrong_amount_of_cash_received
"I've obtained the card, how do I enable it on the app?",card_linking
Why am I unable to withdraw money even though in the past I've done it just fine?,declined_cash_withdrawal
"My card is expiring shortly.  How much will it cost for a replacement, and how soon can I get it?",card_about_to_expire
I got charged twice,transaction_charged_twice
What do I need to do to exchange my money?,exchange_via_app
My currencies needed to be exchanged often and I was wondering if there were any discounts available for this?,exchange_charge
"Hello- It is urgent I get a refund on this product. The merchant has not been helpful, what can I do now to get this resolved ASAP?",request_refund
Why has my new card still not come?,card_arrival
Why am I unable verify my id?,unable_to_verify_identity
Why are fees charged on cash withdrawals? I went to withdraw some money earlier today after shopping. There's a fee that wasn't there before.,cash_withdrawal_charge
Do you have a list of countries you operate in?,country_support
Are there any discounts for frequent currency exchanges?,exchange_charge
Can I top up my card with other cards?,supported_cards_and_currencies
"Why are you charging for cash withdrawals? I went to withdraw some money earlier today after getting my groceries, and it appears there is a fee that wasn't there before",cash_withdrawal_charge
"what is source of my funds, need to verify",verify_source_of_funds
Can you send me a new card and block my current one. I'm in Spain and my wallet was stolen.,lost_or_stolen_card
Can I add a card back to the app?,card_linking
My card suddenly quit working.,card_not_working
"I need an actual card that I can hold in my hand, how do I do that?",order_physical_card
"Hi, I just looked at my card transactions and saw that I've been charged twice for a restaurant I went to this week. Can you remove the double charge, please?",transaction_charged_twice
What is minimum age for an account?,age_limit
What do I do if my card is about to expire?,card_about_to_expire
I don't know if I made this payment on my card.,card_payment_not_recognised
"I normally have no issues making transfers, so why am I suddenly being told it is not possible?",beneficiary_not_allowed
There's been a transaction to the wrong account.,cancel_transfer
I answered so many questions about my identity. Why do you need this info?,why_verify_identity
"Out of the blue, my card stopped working.",card_not_working
Will it cost more money if my currency needs to be exchanged?,exchange_charge
I'd like to order an additional card,getting_spare_card
Why isn't my balance updating after depositing cheques and cash.,balance_not_updated_after_cheque_or_cash_deposit
How long will my ATM withdrawal be pending?,pending_cash_withdrawal
Why was I charged a fee for withdrawing money off my card?,cash_withdrawal_charge
My cash withdrawl has the wrong rate of exchange.,wrong_exchange_rate_for_cash_withdrawal
Do I have to pay for exchanging currencies?,exchange_charge
Why would you cancel my transfer?,declined_transfer
I am locked out from entering my pin.,pin_blocked
I tried to withdraw 40 pounds but only 20 came out. Did you steal my money?,wrong_amount_of_cash_received
My transaction from earlier needs to be reversed.,cancel_transfer
My transfer into my account isn't showing up.,balance_not_updated_after_bank_transfer
Is it possible to get a card outside the UK?,country_support
Help me cancel my transaction,cancel_transfer
are there age requirements,age_limit
top up is still pending,pending_top_up
Someone else accessed my account and made a payment.,card_payment_not_recognised
I was able to find my card. How to I go about putting it into my app?,card_linking
"Hi need your help for getting the refund or cancel the payment of an item, i have ordered but still have not received it.",request_refund
Is the fee with my cash withdrawal a mistake?,cash_withdrawal_charge
Someone is using my account to do online shopping! Please freeze it asap,compromised_card
Are there any top-up limits that I must follow?,top_up_limits
"Hello, I am a new customer, and just tried topping up for the first time. According to your information, the transaction should be instant - why does it still show as pending?",pending_top_up
Are there limitations to what currency I can hold?,fiat_currency_support
should i add money via bank transfer instead,top_up_by_card_charge
"My phone was stolen, what do I do?",lost_or_stolen_phone
I have a friend who needs money as soon as possibly. If I were to transfer it how long will it take to get to her?,transfer_not_received_by_recipient
"Is there something wrong with my card payment? It's been pending a really, really long time.",pending_card_payment
Where can you deliver cards?,order_physical_card
I need to get an actual card so that I can use it for in person transactions. How would I do this?,order_physical_card
My contactless is non-functional.,contactless_not_working
Is a SWIFT transfer okay?,top_up_by_bank_transfer_charge
"My account shows I have been charged twice for the same meal. How do I get the second payment voided and returned to me? I do not eat out much and my family is living paycheck to paycheck,  mostly. I cannot afford to spend more money than necessary, as is, so I must see to it that the cost be promptly credited back onto my card.",transaction_charged_twice
Does a discount apply if I exchange currencies frequently?,exchange_charge
Is American Express supported for adding funds?,supported_cards_and_currencies
There is a payment with my card which i definitely did not make by me .Never seen that it before.,card_payment_not_recognised
Why isn't my deposit showing up?,balance_not_updated_after_cheque_or_cash_deposit
How do I perform identity checks?,verify_my_identity
I have lost my phone or it has been stolen.,lost_or_stolen_phone
"I think my top up may have been reverted, what do I do?",top_up_reverted
Why do you need code verification for my top up?,verify_top_up
Can i have a virtual card?,getting_virtual_card
Am I able to do a SWIFT transfer?,top_up_by_bank_transfer_charge
Everything was stolen from me.  I can't use the app.  Please advise.,lost_or_stolen_phone
I am interested in changing my personal details.,edit_personal_details
I tried to buy something online but my funds were transferred back to my account. What is happening?,reverted_card_payment?
I would like to use one of my cards for a family member. Is that allowed?,getting_spare_card
I bought an item and the exchange rate was wrong.,card_payment_wrong_exchange_rate
Why can I not transfer money into my account?,transfer_into_account
what is the fee for a transfer into my account,top_up_by_bank_transfer_charge
How can I find the top-up verification code?,verify_top_up
I see a direct debit that I didn't authorize,direct_debit_payment_not_recognised
Has there been any activity on my card today?,lost_or_stolen_card
Can both Visa and Mastercard be chosen?,visa_or_mastercard
My money is back in my account after a seller contacted me stating they never received payment. I am positive it was deducted out of my account. Please get this sorted out right away.,reverted_card_payment?
Can I convert money into different currencies?,exchange_via_app
Make me understand why I am charged an extra fee when I use the ATM.,cash_withdrawal_charge
"I have lost my phone, what steps can I take to prevent someone using my account?",lost_or_stolen_phone
Can I top-up automatically?,automatic_top_up
When will my card arrive?,card_delivery_estimate
Why did I get charged more for using my card?,card_payment_fee_charged
What is the maximum transactions for one disposable card?,disposable_card_limits
I am still awaiting the completion of the transaction.,transfer_not_received_by_recipient
Can you tell me why the transfer isn't showing up on my account?,balance_not_updated_after_bank_transfer
I've tried using my contactless in several locations today and it's not working anywhere. It seemed fine before. How do I get it to work again?,contactless_not_working
i can not see my top up,topping_up_by_card
How do I know how much money I will have when I travel abroad?,exchange_rate
Can you tell me your exchange rates?,exchange_rate
I got 2 transfer fees and I thought transfers were free.,transfer_fee_charged
Where is the money that I asked for? I asked for more than I got!,wrong_amount_of_cash_received
Why do you charge fees on card payments?,card_payment_fee_charged
"If I have already completed a cash withdrawal at an ATM, is it normal for it to show as a pending transaction on the app?",pending_cash_withdrawal
I did not get the right exchange rate while getting my cash out.,wrong_exchange_rate_for_cash_withdrawal
I think my card payment has been reverted,reverted_card_payment?
Can I get a card although I'm not in the UK,country_support
Can I activate my card?,activate_my_card
My cash withdrawal was partly declined,wrong_amount_of_cash_received
How much time do transfers typically take? I sent money to a friend who needs it urgently. It's been hours and has not gone through.,transfer_not_received_by_recipient
I do not want a VISA card.,visa_or_mastercard
I am inquiring about a $1 charge on my statement.,extra_charge_on_statement
Since I just got married I need to change my name.,edit_personal_details
"Money was taken out without my consent,",cash_withdrawal_not_recognised
Why was my request for cash declined?,declined_cash_withdrawal
Do you have any restrictions to my top-up?,top_up_limits
"There is a direct debit charge that I don't recognize, what can I do?",direct_debit_payment_not_recognised
"I got some cash at an ATM earlier, but now app is showing that I withdrew more than I did.  Help!",wrong_amount_of_cash_received
Why are the payments being declined on my new card?  I tried several times to use my new card to pay for my gas at the Shell station in my neighborhood.  I am very distressed about my new card not working.,declined_card_payment
How long will my payment be pending?,pending_card_payment
Can you assist me with unblocking my PIN? I put it in wrong too many times.,pin_blocked
Is it simple to transfer money using my credit card?,topping_up_by_card
What is the estimated wait time on a US transfer into my account?,transfer_timing
How do you do currency exchanges?,exchange_rate
Is topping up free?,top_up_by_card_charge
Please cancel my last transaction.,cancel_transfer
Someone has been using my card. There are unfamiliar transactions on there. Can you freeze the card to keep this from happening?,compromised_card
I have a cash withdrawal that I do not recognise.,cash_withdrawal_not_recognised
"If the ATM only gave me 10 pounds instead of the 30 I requested, what do I do?",wrong_amount_of_cash_received
Why is there a transaction that shows multiple times?,transaction_charged_twice
How come my refund hasn't appeared on my statement?,Refund_not_showing_up
How long does it take to verify a cash withdraw?,pending_cash_withdrawal
what is the process for setting up a pin,get_physical_card
I'd like to make a new PIN selection.,change_pin
What do I need to bring for identification?,unable_to_verify_identity
"I don't recognize some of the transactions on my card, I think someone must have gotten my card info and used it.",compromised_card
"Cash withdrawal has been pending, why is it so?",pending_cash_withdrawal
I would like to receive instructions showing the verification process for top up cards..,verify_top_up
the transfer went through but now it has been pending for quite a while. i need this to go through already,pending_transfer
I'm at an ATM and withdrew 30 pounds and was only given 10. What should I do?,wrong_amount_of_cash_received
"The transfer keeps rejected, I tried to transfer some money to friends but it keeps getting rejected for some reason, Would you please check the issue?",failed_transfer
"My ID verification hasn't gone through yet, but can I use my account anyway?",why_verify_identity
What is the delivery time for US?,card_delivery_estimate
How long does it take to make an urgent transfer from China?,transfer_timing
why did the app refuse to make an approved payment,reverted_card_payment?
Can I withdraw from any ATM?,atm_support
My refund isn't going fast enough.,Refund_not_showing_up
"Why did I get charged a fee, I thought it was free?",cash_withdrawal_charge
How do I change my card PIN?,change_pin
Do you charge extra for exchanging currencies?,exchange_charge
Can you look into why my most recent top-up is showing as pending? I thought it was supposed to be instantaneous.,pending_top_up
the app reverted my payment,reverted_card_payment?
There has been a red flag on my top up.,top_up_failed
I received my card but not my PIN.,get_physical_card
I am still waiting for a refund,Refund_not_showing_up
How do I verify my ID?,verify_my_identity
Card payment didn't go through.,declined_card_payment
"Hello, what is a virtual card and how do I get one?",getting_virtual_card
So I just put my top-up into the card and it hasn't changed.,pending_top_up
Why do you keep declining my transfers?it was always been working really well so far but when I tried to buy something just now the card got declined . I tried couple of times already  but same thing is happening.,declined_transfer
How do I reset my password?,passcode_forgotten
My top up card needs verification and I don't know how to do it,verify_top_up
My money transfer has not arrived.,transfer_not_received_by_recipient
How can I check to see where my funds come from?,verify_source_of_funds
I can't get my Google Pay Top to work. Are there any issues on your end?,apple_pay_or_google_pay
What would make a decline message show up during a transfer?,declined_transfer
Do you have a limit to top ups?,top_up_limits
Are refunds allowed for certain items.,request_refund
What is the limit to number of transactions I can do with a disposable card?,disposable_card_limits
I've tried several times to make a payment and every time my card is declined? Could my card be locked? I don't know what to do.,declined_card_payment
I need to know which fiat currencies I can use with you.,fiat_currency_support
Has my account been frozen?  I tried to use my card but the ATM would not dispense cash.,declined_cash_withdrawal
Please tell me how to edit my personal details.,edit_personal_details
Why won't my card accept any transactions?,card_not_working
What's the process of changing from GBP to AUD?,exchange_via_app
The app won't identify me.,unable_to_verify_identity
Please provide details on how to top up my account using transfer option,transfer_into_account
Can I have more than one card?,getting_spare_card
It won't let me prove my identity.,unable_to_verify_identity
I'd prefer to use my American Express when putting funds into my account.,supported_cards_and_currencies
Is it possible to edit my personal details on the app?,edit_personal_details
I need to transfer some money to a friend who is in urgent need of some fast cash. How long will it take before she can use that money?,transfer_not_received_by_recipient
I checked the app and my balance has not been updated for the cash or cheque deposit.,balance_not_updated_after_cheque_or_cash_deposit
Can you please explain why my beneficiary is not allowed?,beneficiary_not_allowed
I just got an email in confirming my purchase with my card. I login to the mobile app on the card and found out there are several purchase were made without me aware of it. Evidently someone had stole my card information and made these fraudulent purchase. I need the transaction to be reverse and have my card suspended.,compromised_card
Can you explain the virtual cards limit?,disposable_card_limits
I didn't know there was a charge for tranferring. What is the charge?,transfer_fee_charged
Where can I find an ATM to use this card?,atm_support
"If the transfer details have already but reviewed and confirmed that they are correct, what other reason would cause my transfer to be declined?",declined_transfer
My card was declined in a shop,declined_card_payment
"Someone stole my card. I need to report it stolen. I made a police report already, but how do I report it with you?",lost_or_stolen_card
How long does it actually take for a card payment to go through? There's one stuck since a couple of days already that doesn't seem to move,pending_card_payment
Are these cards available in europe?,country_support
How can I top-up my limit?,top_up_limits
I would like to cancel a transfer,cancel_transfer
Where can I see the refund in my account,Refund_not_showing_up
"I don't know why the deposit I made a week ago still hasn't showed up, I really need the money now.",balance_not_updated_after_cheque_or_cash_deposit
The refund on my account hasn't shown up,Refund_not_showing_up
Why has my card been charged an extra pound?,extra_charge_on_statement
I was charged an extra pound for no reason. Why is that?,extra_charge_on_statement
I'm having a hard time proving my identity.,unable_to_verify_identity
Why hasn't my payment shown up yet?,pending_card_payment
"So, I was under the impression that you have an offer for crypto top up. This doesn't seem to be working. Now, the money has just disappeared from my account. What is the deal?",top_up_reverted
Why did I get charged twice for the same thing,transaction_charged_twice
I transferred money but the recipient does not see the funds in their account?,transfer_not_received_by_recipient
How to a go about ordering a disposable virtual card?,get_disposable_virtual_card
I was informed that transfers were free. I noticed I have a fee but why?,transfer_fee_charged
"I am looking to get a Visa credit card, what must I do to achieve this?",visa_or_mastercard
How do I verify the top-up?,verify_top_up
Can this card be used at all ATMs?,atm_support
How long does it take for my physical card to be delivered.,card_delivery_estimate
What age do you have to be?,age_limit
"I need to make a transfer, what will the fee be?",top_up_by_bank_transfer_charge
"I've got a problem - I bought something with my card one or two weeks ago, but now exact same amount of the purchase is showing up in my account. I like more money in my account, but this is too good to be true. Can you tell me what's happening?",reverted_card_payment?
Too many times I entered the incorrect PIN.  How can I get my account unblocked?,pin_blocked
"Hello, a few days ago I transferred my rent check to my landlord, however, he is saying that it has not gone though. On my end everything looks fine and I double checked the account number. Is there anything else that could be holding up the check?",transfer_not_received_by_recipient
How can I tell the source for my available funds?,verify_source_of_funds
What do I do if the ATM didn't give me the correct amount I withdrew? I pulled out 30 pounds and the ATM gave me 10 pounds.,wrong_amount_of_cash_received
I have a cash withdrawal in my statement. Why is that?,cash_withdrawal_not_recognised
"I need to deposit my virtual card, how do i do that.",get_disposable_virtual_card
What is the price for a physical card?,order_physical_card
What is the maximum top up?,top_up_limits
Can I return an item?,request_refund
I'm wondering how long it takes for my money to get to me after a bank transfer.,balance_not_updated_after_bank_transfer
Are there any disposable virtual cards?,get_disposable_virtual_card
My refund is not here yet,Refund_not_showing_up
I transferred some money but the receiver can't pick it up for some reason.,transfer_not_received_by_recipient
I entered the wrong pin too many times and now I think it's blocked. What do I do?,pin_blocked
The rate of exchange for my card payment is incorrect,card_payment_wrong_exchange_rate
Why did the ATM eat my card?,card_swallowed
Why can't I find my PIN?,get_physical_card
"I put money into my account in the form of a cheque, but my balance did not change.",balance_not_updated_after_cheque_or_cash_deposit
I can't see a transfer to my account I made.,balance_not_updated_after_bank_transfer
Why did I get charged for a withdrawal?,cash_withdrawal_charge
"My money is gone. I had topped up recently and saw it was there, but now it's disappeared, what's going on?",top_up_reverted
How long will it take to deliver something to US?,card_delivery_estimate
There is a transfer not showing on my account.,balance_not_updated_after_bank_transfer
There is a direct debit payment on my account that I didn't authorize.,direct_debit_payment_not_recognised
How long does it take to authorise a payment?,pending_card_payment
What does it mean if my payment is pending?,pending_card_payment
How do I activate a card I received?,activate_my_card
"I want to know which currencies and cards are supported, can you provide a list?",supported_cards_and_currencies
How can I transfer money to this account from another bank?,transfer_into_account
"Errors keep showing up every time I try to make this transfer and I am on a time crunch,  could you please help.",failed_transfer
where to funds come from,verify_source_of_funds
I need urgent help. I realize I sent my payment to the wrong account number. I made a typo. Please cancel the transfer now. There isn't an option from the app.,cancel_transfer
My card expires very soon.  What is the cost and delivery time to get a new one?,card_about_to_expire
My transfer did not go through.,failed_transfer
Does it cost me anything to top up my account via bank transfer?,top_up_by_bank_transfer_charge
Can I top up with Google Pay?,apple_pay_or_google_pay
How can I change USD to GBP?,exchange_via_app
Can I change my information?,edit_personal_details
"extra fees on a cash withdrawal, not cool.",cash_withdrawal_charge
I believe that someone is using my card without my knowledge!,compromised_card
"While transferring money, its getting error out as my transfer is not possible. Please help me in this as earlier i was able to do it successfully.",beneficiary_not_allowed
"I get paid in GBP. Should I configure this and if so, where?",receiving_money
"I tried to make a withdrawal from the ATM, but it was cancelled.",declined_cash_withdrawal
How can I change my password?,passcode_forgotten
My credit card has been declined.,declined_card_payment
Please tell me why I was charged additionally when I used the card.,card_payment_fee_charged
I have a card that was deactivated can I reactivate it?,card_linking
Can I top up by cheque?,top_up_by_cash_or_cheque
Will I get charged on a foreign currencies exchange?,exchange_charge
Is there tracking info available?,card_arrival
My app says that I'm not verified.,unable_to_verify_identity
How many days does a transfer from the US take?,transfer_timing
Where is my card?,card_arrival
Why hasn't my transaction arrived?,transfer_not_received_by_recipient
My card still hasn't been delivered,card_arrival
what is going on with my cash withdrawal? the exchange rate is wrong,wrong_exchange_rate_for_cash_withdrawal
How long will it take to deliver to the US?,card_delivery_estimate
What should I do if I've tried to enter my PIN too often?,pin_blocked
"I got my American Express in Apple Pay, why is top up not working in my country?",apple_pay_or_google_pay
Can I have a discount if I exchange currency often?,exchange_charge
I had a wrong fee charged at this ATM.,cash_withdrawal_charge
What ATMs can I withdraw money from?,atm_support
I don't think my transfer wen through. Why?,failed_transfer
"My transaction history is looking a little off. I have been charged twice for multiple different purchases, and would like to have those duplicate charges refunded.",transaction_charged_twice
Am I able to order a new card and have it sent to me in China?,card_about_to_expire
What are the various currencies and cards that you offer support for?,supported_cards_and_currencies
Can I reset my password?  I don't know what it is.,passcode_forgotten
"I just moved overseas and I noticed that you are charging me more fees.  I am a loyal customer, is this how you expect to keep customers?",transfer_fee_charged
I tried to make a transfer like five different times. Why won't your system let me? Is it broke?,failed_transfer
I can't verify my ID. Why?,unable_to_verify_identity
I am just waiting on the completion of the transaction.,transfer_not_received_by_recipient
Is there a fee that comes with transfers?,transfer_fee_charged
What is the next step if my card is about to expire.,card_about_to_expire
"i need help, i lost my card",lost_or_stolen_card
A direct debit appears in the app but I didn't authorize it.,direct_debit_payment_not_recognised
"Could you please check one of my transfer which i made few hours ago from my UK bank account, as its not showing yet.",balance_not_updated_after_bank_transfer
How long is the delivery time to the US?,card_delivery_estimate
How do I link one of your card that I already have?,card_linking
Why am I being charged the wrong currency exchange when I purchased something abroad?,card_payment_wrong_exchange_rate
How long does it take for pending transfer transactions to post?,pending_transfer
Can I specify a day for my card to be delivered?,card_delivery_estimate
Why is top up not working for my apple pay app,apple_pay_or_google_pay
"My new card has arrived, what's the activation procedure?",activate_my_card
Please explain the exchange rates.,exchange_rate
Are there any places that won't take my card?,card_acceptance
How come you need to know my identity?,why_verify_identity
I forgot the code to access the app.,passcode_forgotten
I need to transfer money to my account from another bank,transfer_into_account
Is there a list of ATMs that take this card?,atm_support
How do I delete an account?,terminate_account
Why is there a fee for using my card?,card_payment_fee_charged
My transfer to an account failed.,beneficiary_not_allowed
This transaction needs both a Visa and a Mastercard.,visa_or_mastercard
I used my card top-up but all of the money is missing.,topping_up_by_card
I think there's been an unauthorized cash withdrawal from my account.,cash_withdrawal_not_recognised
Can I pay online with my card?,card_acceptance
How do I activate my new card,activate_my_card
"Hi, Could you please help me as someone has stolen my wallet few hours ago. And a withdrawal is made, please help immediately. As i don't want to suffer more.",cash_withdrawal_not_recognised
"I've got a problem - I purchased an item maybe a week or two ago, but to the payment came back to my account! I've already got what I ordered, so why are the payment funds showing up in my account?",reverted_card_payment?
Will the PIN come separately?,get_physical_card
Can you explain where I can find the auto-top option?,automatic_top_up
I need to add my new address now that I've moved.,edit_personal_details
Are there limits with top-up?,top_up_limits
I'm on vacation in Europe but I desperately need to change my PIN. Can I do this from abroad?,change_pin
I can't find any option to top up with a cheque?,top_up_by_cash_or_cheque
"My card's expiration is approaching, how do I replace it.",card_about_to_expire
I think my card payment was reverted,reverted_card_payment?
Can I reactivate my PIN?,pin_blocked
Why would my card payment not work?,declined_card_payment
"In reviewing my statement, I show I have two charges for the same purchase at the same time, which I have not made in duplicate? How do I get this solved?",transaction_charged_twice
What are the fees imposed when I make a transaction?,card_payment_fee_charged
"Hi, I checked my transactions and saw that I was charged twice during a restaurant visit. I would like to get my money back.",transaction_charged_twice
"It looks like someone else withdrew cash from my account, can you help?",cash_withdrawal_not_recognised
I'm interested in learning more about disposable virtual cards.,get_disposable_virtual_card
How can I freeze a stolen card?,lost_or_stolen_card
A payment I made is for a wrong amount can you help me correct the mistake.,cancel_transfer
Is it possible for me to set up separate accounts for my kids?,age_limit
"how to delete account, not happy",terminate_account
"On my app I can see that a direct debit payment that I didn't do, appears.",direct_debit_payment_not_recognised
There is a payment that has not processed.,pending_card_payment
I transferred some cash and it has not arrived yet.,transfer_not_received_by_recipient
I was charged twice for the same thing.,transaction_charged_twice
I don't know where to look to find my PIN.,get_physical_card
"The wrong amount of cash came out of the ATM today when I went to withdraw. When I looked at the app, it was showing it was much more.",wrong_amount_of_cash_received
Can I change my pin through the app?,change_pin
why didnt a transfer to my account process,beneficiary_not_allowed
"I need my PIN, where is it?",get_physical_card
why hasn't my virtual card arrived?,getting_virtual_card
Does delivery to the US take long?,card_delivery_estimate
What are the currency types that I can keep money in.,fiat_currency_support
how do i avoid charges in the future,card_payment_fee_charged
How do I get a virtual card on my device?,getting_virtual_card
How do I change my name?,edit_personal_details
I think the bank made a mistake on the exchange rates,wrong_exchange_rate_for_cash_withdrawal
I asked for cash but I did not receive all the funds,wrong_amount_of_cash_received
Why do I have to verify my identity?,why_verify_identity
"Why do you keep declining my transfers? it's always been working really well so far but when I tried to buy something just now the card got declined, I tried couple of times already  but same thing is happening.",declined_transfer
is it possible to top-up with google pay.,apple_pay_or_google_pay
I have a new email.,edit_personal_details
"May I use my account now, even though the identity verification has not gone through yet?",why_verify_identity
A while ago i requested a refund from a seller. I keep checking my statement but I have not been refunded yet. I'm confused why i haven't gotten my money back yet but I need your help getting it please.,Refund_not_showing_up
How do I receive a disposable virtual card?,get_disposable_virtual_card
I think the exchange rate for the cash I withdrew wasn't correct.,wrong_exchange_rate_for_cash_withdrawal
Why are my withdrawals suddenly being declined?,declined_cash_withdrawal
Can I use my American Express card to add money into my account?,supported_cards_and_currencies
Where do I go for a refund?,request_refund
After taking over my card transactions I noticed that was charged twice for a restaurant purchased from earlier this week. Can you please remove one of these transactions from my account since it is not accurate?,transaction_charged_twice
Please tell me about SWIFT transfers at this bank.,top_up_by_bank_transfer_charge
The app passcode has completely slipped my mind.,passcode_forgotten
Why wasn't my payment to beneficiary X approved?,beneficiary_not_allowed
What is the timeframe for a transfer in Europe?,transfer_timing
What is the exchange rate like?,exchange_rate
Someone I don't know has used my card without permission.,compromised_card
My account says a withdrawal is pending - why can't I take cash out of the ATM?,pending_cash_withdrawal
There are two of the same charges on my account.,transaction_charged_twice
Can I set up an automatic top-up for travel.,automatic_top_up
What is the amount of time transfers usually take from the UK? I had just completed a transfer and nothing seems to be showing up so I need to be sure things are alright.,balance_not_updated_after_bank_transfer
"How long does an international transfer take? I made the transfer from France 2 days ago, but it is not showing up in my bank yet.",balance_not_updated_after_bank_transfer
Will I be charged for topping up by card?,top_up_by_card_charge
My money transaction can't be seen by the person I sent it to,transfer_not_received_by_recipient
I need a new card since my old one is about to expire.,card_about_to_expire
Which cards do you guys support? I want to top up using my credit card.,supported_cards_and_currencies
Why won't cash come out of the ATM?,declined_cash_withdrawal
How can I reset my PIN?,change_pin
The ATM kept my card?,card_swallowed
I was charged on my account that shouldn't be there.,direct_debit_payment_not_recognised
Is it possible to change my address?,edit_personal_details
Why are there multiple transactions showing for one purchase?,transaction_charged_twice
I already have an account. Why can't I use it unless my identity is verified?,why_verify_identity
Can you help me reset my passcode? I forgot it.,passcode_forgotten
How can I verify my top up?,verify_top_up
How can I update my personal information after moving?,edit_personal_details
My card got stolen!,lost_or_stolen_card
Why am I being asked to have an identity check,why_verify_identity
How is my ATM deposit not available yet?,pending_cash_withdrawal
"My disposable virtual card was rejected by the merchant, please help?",virtual_card_not_working
My cash deposit from a week ago hasn't shown up. I need the money - how quickly can you sort this out?,balance_not_updated_after_cheque_or_cash_deposit
I tried to withdraw money but I was declined!,declined_cash_withdrawal
Can someone please tell me how much I can top-up?,top_up_limits
"In my statement, there was an extra €1 fee",extra_charge_on_statement
Can I see where my funds come from?,verify_source_of_funds
I recently made a transfer that I would like to cancel,cancel_transfer
Let me know the steps for the identity checks,verify_my_identity
Why is my card payment cancelled?,reverted_card_payment?
Can I see where my money came from?,verify_source_of_funds
"If I want to exchange currency, will there be extras?",exchange_charge
My ATM withdrawal was declined.,declined_cash_withdrawal
How is the PIN delivered?,get_physical_card
"I'm checking my statements and I saw a purchase from a couple weeks ago that I don't recall at all. Not only that, but I don't even know the business that charged it. I'm not sure if I did it or not, but can we check it and see if we can trace it back to make certain?",direct_debit_payment_not_recognised
Is the verification number on the top up card,verify_top_up
Can I add to my account balance with a cheque?,top_up_by_cash_or_cheque
Can I receive my salary with this in another currency?,receiving_money
"I couldn't use my contactless this morning, it wasn't accepted.",contactless_not_working
Am I charged for receiving money?,top_up_by_bank_transfer_charge
I cannot get my google pay to work.,apple_pay_or_google_pay
What credit cards do you carry,visa_or_mastercard
"I normally don't use ATMs, but I was in a rush today and had to withdraw some cash. The ATM gave me the wrong amount of money and now my app is not showing the same amount as it should. What do I do?",wrong_amount_of_cash_received
"I just want to top-up, why do I need to verify anything?",verify_top_up
Why is verification for my identity needed?,why_verify_identity
Is there a charge for using transfers for top ups?,top_up_by_bank_transfer_charge
What are the disposable card limits?,disposable_card_limits
Where do I request another card?,getting_spare_card
How do I fix a reverted top up?,top_up_reverted
Why have I been charged a fee for cash withdrawal?,cash_withdrawal_charge
"I have checked the account information several times to be sure that it is correct, but the in country transfer I did a few days ago still has not appeared! What is the hold up?",transfer_not_received_by_recipient
"My account got charged for taking out cash, why did this happen?",cash_withdrawal_charge
Do I get to choose between Visa and Mastercard?,visa_or_mastercard
HELP. My account has been deducted already and the Seller says they haven't received the money yet? When can they expect it?,reverted_card_payment?
I just bought an item and changed my mind.  I have not received it yet how can I get refunded.  Thank you.,request_refund
In my statement there is a payment that is I do not recognize,card_payment_not_recognised
Will I be able to top up by cheque?,top_up_by_cash_or_cheque
Why would I need a disposable card?,get_disposable_virtual_card
What is the process for setting up and account for my child?,age_limit
Are there any limits if I use these virtual cards?,disposable_card_limits
I see a strange payment in my account.,card_payment_not_recognised
Can a credit card be used to transfer money?,topping_up_by_card
"I attempted to complete a topup, and I thought all was well, but now the money is gone again. Has there been a glitch?",top_up_reverted
How can I change to my married name?,edit_personal_details
How long do cheques take to post to your account?,balance_not_updated_after_cheque_or_cash_deposit
The transfer I just made needs to be cancelled right now. It was my mistake. Please help me cancel it before it goes through!,cancel_transfer
What went wrong when I tried to do my transfer?,failed_transfer
I think a payment I made with a card was cancelled.,reverted_card_payment?
Is there a fee for exchanging cash?,wrong_exchange_rate_for_cash_withdrawal
"I completed an in country transfer a few days ago and was sure to check the account information several times since the transaction was completed, but the funds are still not available. What is the problem?",transfer_not_received_by_recipient
What should I do if I can't use my card?,card_not_working
I'm unhappy with the exchange rate your cash transactions.,wrong_exchange_rate_for_cash_withdrawal
"I didn't get as much cash as I asked for from the ATM, why?",wrong_amount_of_cash_received
How long is US delivery?,card_delivery_estimate
Could you tell me what your exchange rates are?,exchange_rate
I received a decline message on a transfer,declined_transfer
I need to cancel a transaction immediately.,cancel_transfer
I am awaiting my refund,Refund_not_showing_up
I was charge a fee that I wasn't told about,transfer_fee_charged
Is my pending cash withdrawal processed?,pending_cash_withdrawal
Why doesn't my disposable virtual card work?,virtual_card_not_working
I need a disposable virtual card. Please tell me how to order one.,get_disposable_virtual_card
Just today there was a purchase on my card that wasn't done by me. Can this be reversed and my card be frozen? I can't have this continue!,card_payment_not_recognised
Help.  My card is broken.,card_not_working
I would like to change my PIN but I am not currently in the country.,change_pin
"I need a refund and cancel a transaction on an item I purchased and i need it as soon as possible, please!",request_refund
"daughter needs card, how do i add her",getting_spare_card
I accidentally made a transaction to the wrong account.,cancel_transfer
What is the expected delivery date for my card?,card_arrival
"I received a refund, however I cannot see it in my account",Refund_not_showing_up
"Given a choice, I'd rather have Mastercard.",visa_or_mastercard
"There must be an issue, why has my card been cancelled?",reverted_card_payment?
I cannot seem to use my card.,card_not_working
Is it possible to use my credit card to transfer money?,topping_up_by_card
I would like to cancel a purchase.,request_refund
I lost my passcode.,passcode_forgotten
It says the transfer wasn't accepted.,declined_transfer
Will I be charged a fee for a SEPA transfer?,top_up_by_bank_transfer_charge
What do I need to do to verify my funds?,verify_source_of_funds
Will this card work all over the world?,card_acceptance
I paid with card and I think there was a fee applied.,card_payment_fee_charged
What is the extra fee on my statement?,extra_charge_on_statement
Why has my top-up been denied?,top_up_failed
I can't access my account.,passcode_forgotten
I was checking my statement and I think one of my card payments has reverted,reverted_card_payment?
Why is there a pending time on my transfer?,pending_transfer
There are some card payments that I haven't done myself. What is going on with my card and does somebody else have access to my card?,card_payment_not_recognised
What do I do if my virtual card won't work.,virtual_card_not_working
I need someone to find out where my money has gone to? It has disappeared. I completed a top up earlier and seen it had went through. Since it has now disappeared I need to know what's going on.,top_up_reverted
"I think someone saw my PIN and I am on vacation in Spain, can I change it locally at an ATM?",change_pin
Why isn't my google top-up pay working?,apple_pay_or_google_pay
When will my refund come through,Refund_not_showing_up
I see that I have been charged multiple times for the same transaction.,transaction_charged_twice
how can i track card you sent,card_arrival
My card expires next week. How do I get a new one?,card_about_to_expire
Will I receive all the money sent to my account by SEPA transfer?,top_up_by_bank_transfer_charge
My top-up was reverted by the app.,top_up_reverted
"The card I thought I lost was in my jacket pocket this morning, so can I reactivate that?",card_linking
I just noticed my transfer was declined and I don't know why. Can you help me?,declined_transfer
I just got married and I need to change my name,edit_personal_details
What should I do if I see an unauthorized withdrawal on my statement?,cash_withdrawal_not_recognised
Purchases I did not make are appearing in my bank statement?,direct_debit_payment_not_recognised
can i deposit a check here?,top_up_by_cash_or_cheque
Has my top-up gone through?,top_up_reverted
where is theft-top option?,automatic_top_up
I made a withdrawal from my account but it has not posted?,pending_cash_withdrawal
I noticed my exchange rate was incorrect when I got cash.,wrong_exchange_rate_for_cash_withdrawal
How much does it cost for additional cards?,getting_spare_card
Can I go ahead and use my account even though my identify hasn't been verified yet?,why_verify_identity
I have tried to use my card several times and it does not work.,card_not_working
Can I get a new pin number at any ATM using my card?,change_pin
I have been charged a fee that I didn't know about. Why have you charged me extra for card payments?,card_payment_fee_charged
I tried to get some money but the machine was not working .The transaction still seems in progress! Can you please check what's going on.I don't want to be charged for money that I did not received.,pending_cash_withdrawal
Am I gonna be charged for sending out more cards?,getting_spare_card
This is very frustrating. I can't get my card to work on any ATM I try and I've tried 3 of them so far. What's going on? Can you please fix this issue immediately?,declined_cash_withdrawal
I would like some help getting a refund back from a seller. It still isn't showing up on my statement and I requested this a long time ago. I'm not sure why it's not returned yet. Can you assist me in getting this money back?,Refund_not_showing_up
Do you guys have any age restrictions?,age_limit
Can you unblock my blocked pin?,pin_blocked
I got $20 when I should've gotten $100,wrong_amount_of_cash_received
I would like to track the card you sent to me.,card_arrival
I am waiting for a payment to go through.,pending_card_payment
Which countries are supported,country_support
It has been forever ago that I made an order online. The product simply is not coming. Just give me back my money because I'm not paying these people.,request_refund
Can I change my address?,edit_personal_details
Can my job deposit my wages directly into the account.,receiving_money
I got a fee when paying with my card,card_payment_fee_charged
How do I deposit cash into my account?,top_up_by_cash_or_cheque
Why hasn't my friend received the transaction?,transfer_not_received_by_recipient
My PIN isn't working.,pin_blocked
Am I able to get a refund for a purchase?,request_refund
"My wallet isn't showing my top-up, did I do something wrong?",topping_up_by_card
"The transfer keeps failing , I tried to transfer some money to friends this morning but it keeps getting rejected for some reason, Would you please check the issue ?",failed_transfer
There is an unauthorized payment in my statement.,card_payment_not_recognised
I must change my address.,edit_personal_details
Can you explain why my transfer was unsuccessful?,failed_transfer
I want to shut down my account as soon as possible.,terminate_account
Do you limit my top-ups?,top_up_limits
Why was there an extra charge because I used my card to pay?,card_payment_fee_charged
How do I get my card PIN?,get_physical_card
I tried entering my pin several times incorrectly. Why isn't my pin working?,pin_blocked
How many disposable cards is the limit?,disposable_card_limits
Is it possible to reactivate the card I thought I lost but found this morning in my jacket?,card_linking
Why do we need to verify top-up?,verify_top_up
It kept my cash,wrong_amount_of_cash_received
One of my card payments looks like it's stuck but I have made the payment days ago. How long until the payment will be applied to my account?,pending_card_payment
I tried the wrong PIN too many times.,pin_blocked
where in the app can i find out about my new pin,get_physical_card
My card has not arrived yet.,card_arrival
Are US credit cards accepted?,supported_cards_and_currencies
What do I do if my PIN was blocked?,pin_blocked
It doesn't look like the top-up completed.,pending_top_up
Where can I see where my funds came from?,verify_source_of_funds
Could you please put a freeze on my card?  There are some payments on it that I don't know where they came from.,card_payment_not_recognised
How do I know when my card will arrive?,card_arrival
"Hi! I'm a university student studying abroad and I noticed that when I was trying to cross-reference my budget for this month that there were extra fees I was not expecting. Why is that? I've had this account for years and I haven't had any trouble so far, it might not even be on your all's end since I'm still new to international travel and finance, but I wanted to double check in case a mistake was made!",transfer_fee_charged
How do I transfer funds if I am paid in GBP?,receiving_money
Where can i top my card for free?,top_up_by_card_charge
Am I able to top up with this cheque I received?,top_up_by_cash_or_cheque
I need a list of currencies you accept for exchange.,fiat_currency_support
Why was I charged an extra fee when paying with card?,card_payment_fee_charged
How can my friends top up my account?,topping_up_by_card
I have been trying to exchange this for crypto but the app won't work could you please help me?,beneficiary_not_allowed
This debit is not my transcation. How do I get my money out back?,direct_debit_payment_not_recognised
I need another card for a member of my family. Is this possible? How soon can I get one?,getting_spare_card
What does a pending transaction mean?,pending_card_payment
Can you tell me why my refund is not showing in my statement?,Refund_not_showing_up
I can't find my phone but it has all my credit card information.,lost_or_stolen_phone
"Hi there, I came across a problem with my top up and my money is missing, was there a system error?",top_up_reverted
Need to report a change of address.,edit_personal_details
"How long do transfers need to come through? I sent some money to a friend, she needs it urgently, but seems it's still not there yet after a couple hours.",transfer_not_received_by_recipient
Will any ATM's decline my card?,atm_support
How do I modify my account details?,edit_personal_details
How much does each transfer cost?,top_up_by_bank_transfer_charge
"Hello, there was an error while attempting top-up with my card this morning. I was able to use the card two days ago with no issues. Could you please assist?",top_up_failed
Are there any discounts in exchanging currencies frequently?,exchange_charge
"I was suppose to be getting a refund for something I purchased a while ago, but It still hasnt been applied to my account. When will I get my money back?",Refund_not_showing_up
I need to verify my identity,verify_my_identity
What if I need to use GBP instead of USD?,exchange_via_app
The amount of time that transfers usually take from a UK account is what?I just completed a transfer and it is not showing up at all. I'm wondering at this point if everything is actually okay.,balance_not_updated_after_bank_transfer
"I found my card that I thought I had lost, I need to reactive it, please help.",card_linking
Can I get information on topping up?,top_up_by_card_charge
Help me check where the funds came from.,verify_source_of_funds
I used my card to get cash then I was charged a fee that I shouldn't have been charged.,cash_withdrawal_charge
My card has been stolen what do I do?,lost_or_stolen_card
What is going on? My balance still hasn't updated and it has been two weeks since I deposited my money!,balance_not_updated_after_cheque_or_cash_deposit
Is it possible to get both a Visa and a Mastercard?,visa_or_mastercard
Are cards delivered to my location?,order_physical_card
Is it possible to exchange currencies on the app?,exchange_via_app
Last week I put a cash deposit into my account and it is still isn't there.,balance_not_updated_after_cheque_or_cash_deposit
I wanted to know what discounts were offered for current exchanges as it is something that occurs frequently.,exchange_charge
Will you accept my credit card?,supported_cards_and_currencies
"When I deposit cheques and cash, my balance does not update.",balance_not_updated_after_cheque_or_cash_deposit
"I have an issue. I bought something within the past one to two weeks and have received one of the products; however, today the total was returned to my account. What's going on here?",reverted_card_payment?
"I made a deposit a couple of days back it's, as of yet, not gone in! It would be ideal if you assist me with this",balance_not_updated_after_cheque_or_cash_deposit
My card appears to have never arrived?,card_arrival
what is the average wait for transfers,transfer_timing
Why is my PIN blocked?,pin_blocked
Why was my transfer charged a fee?,transfer_fee_charged
How many times can I make a top-up?,top_up_limits
I don't know my password,passcode_forgotten
I still haven't received my card in the mail,card_arrival
I don't want to give you all my identify details.,why_verify_identity
My card payment doesn't work.,declined_card_payment
What kind of fiat currency can I used for holding and exchange?,fiat_currency_support
I want to change my PIN.,change_pin
My transfer was declined. What might the reason be?,declined_transfer
Can my children have their own account?,age_limit
I made a transaction at an atm and was charged extra for it.,cash_withdrawal_charge
My PIN tries have run out. Now what?,pin_blocked
"What's a pending transaction? My card was declined at an ATM, but my account says it's still pending. Can I cancel the payment?",pending_cash_withdrawal
The fee charged when I changed rubles into British pounds was too much.,card_payment_wrong_exchange_rate
I tried to get cash but it was declined!,declined_cash_withdrawal
Can you tell me what to do to reset my passcode?,passcode_forgotten
Can I use your app to exchange between USD and GBP,exchange_via_app
How do I prove I am who I am?,verify_my_identity
"I desperately need to top-up my card, so why is it being declined? Can you solve this for me? I need to use my card immediately!",top_up_failed
What is my top-up limit?,top_up_limits
I want to use a cheque to pay.,top_up_by_cash_or_cheque
I still don't have a card. How do I get one?,order_physical_card
I need to create several disposable cards per day.,disposable_card_limits
Which ATMs accept this bill of fare ?,atm_support
"I have tried to submit a transfer a couple of times now, and for some reason, it continues to be unsuccessful. Do you know why this may be?",beneficiary_not_allowed
Can you tell me if a credit/refund is coming from a seller? I asked for refund directly from them and am still waiting. It's been a week now and i still havn't seen my refund yet.,Refund_not_showing_up
Why haven't I seen the cash from the cheque I deposited yet?,balance_not_updated_after_cheque_or_cash_deposit
Can I get a Visa instead of a MasterCard?,visa_or_mastercard
I saw that my transfer was declined.,declined_transfer
How do I add my new card?,card_linking
"I attempted a transfer, but it failed.",failed_transfer
Do yo charge a fee for exchanging foreign currencies?,exchange_charge
I don't understand where this charge came from.,card_payment_not_recognised
My disposable virtual card was rejected.,virtual_card_not_working
What do I do if I detect fraudulent use on my car?,compromised_card
I'd like my account to be deleted. I'm not satisfied with the service you provide.,terminate_account
"I have received my American express in apple play, looks like top up has an issue, please help?",apple_pay_or_google_pay
IS there anywhere that a card cannot be delivered?,order_physical_card
the transfer to an account wasn't allowed is there any other way for me to do it,beneficiary_not_allowed
Someone else may be using my card.  There are transactions I don't recognize.,compromised_card
What's the process for topping up my card?,topping_up_by_card
I was made to pay a fee for making a transaction with card.,card_payment_fee_charged
why couldn't I use my card at a store?,declined_card_payment
What are the requirements to open an account for a minor?,age_limit
I need to transfer something to China. It is urgent. How many days will it take to get there?,transfer_timing
Where'd the rest of my cash go from the ATM,wrong_amount_of_cash_received
Where do you deliver cards by mail?,order_physical_card
Google Pay isn't working. What is wrong?,apple_pay_or_google_pay
When will a transfer reach my account?,transfer_timing
Why do i have an extra fee on my statement?,extra_charge_on_statement
The app reverted after I topped-up,top_up_reverted
Can I exchange currency for different types?,exchange_via_app
Can I make transfers before identity verification?,why_verify_identity
I attempted to get cash but was declined.,declined_cash_withdrawal
What do I do if I forget my passcode?  Because I did.,passcode_forgotten
"I am missing some funds from my account - I tried to transfer them using my credit card number, and it disappeared.",topping_up_by_card
Is there an exchange fee?,exchange_charge
What is the handling fee for transfer?,top_up_by_bank_transfer_charge
"I made a bank transfer a couple of hours ago from my UK account.  It hasn't appeared, can you check to make sure it went through?",balance_not_updated_after_bank_transfer
I need to get some more physical cards.,getting_spare_card
Are there going to be fees from adding money with an international card?,top_up_by_card_charge
Why is there a fee for getting cash?,cash_withdrawal_charge
How do I unblock my card using the app?,card_not_working
Does this app exchange currencies?,exchange_via_app
How do I delete my account now,terminate_account
what are the exchange rates for getting cash,wrong_exchange_rate_for_cash_withdrawal
I went to top up and it is no longer there.  Was it sent back?,top_up_reverted
"I received cash from the ATM earlier, but this shows up as pending in the app.  I've got the cash already.  How can this be still pending?",pending_cash_withdrawal
I was wondering if international transfers take longer than normal because I made a transfer from France a couple of days ago and nothing has happened yet?,balance_not_updated_after_bank_transfer
I live in the EU.  Can I order one of your cards?,country_support
My attempted transfer keeps kicking back with an error message.  Could you please help me to resolve this?,beneficiary_not_allowed
"I've used my account frequently over the last month to manage my payments from abroad for my new place. I noticed that my fees have suddenly increased. As a frequent customer, shouldn't I be rewarded rather than suddenly being subject to a new fee?",transfer_fee_charged
"Hello there, I tried using crypto top up today but it's not working for me, might it be due to the kind of bank I'm using or the country that I'm from?Money is also missing from my account",top_up_reverted
Will I be charged for topping up?,top_up_by_card_charge
I don't see me 'top up' in my wallet,topping_up_by_card
"My refund has not arrived, and I am unsure why. Who do I contact?",Refund_not_showing_up
My card won't work at all for anything.,card_not_working
Why did a transaction I made charge me $1?,extra_charge_on_statement
I would like to alter my personal details.,edit_personal_details
I need to make a transfer but it keeps getting declined I need Help!,declined_transfer
When will my transfer post to my account?,transfer_timing
Do I have a choice for a Mastercard?,visa_or_mastercard
Where can I get a virtual card?,getting_virtual_card
Do you support top ups?,top_up_reverted
How do I go about ordering a card?,order_physical_card
I need help with activating my card,activate_my_card
"May I reactivate my card? I previously reported it lost, but have now found it safe and sound.",card_linking
"My app says I made a withdrawal, but I didn't.",cash_withdrawal_not_recognised
How do I get my money back for something I bought?,request_refund
Can you help me get rid of my account?,terminate_account
I didn't cancel my top-up.,top_up_reverted
What is the difference between standard and express delivery?,card_delivery_estimate
Can I get a card even if I live outside the UK?,country_support
I have young kids. Can they use this service?,age_limit
"I transferred a payment a couple days ago and it shows done, but it has not been received.  Could you please help me?",transfer_not_received_by_recipient
Why was one of my transfers declined?,declined_transfer
I think when I withdrew money when out of country the exchange rate was wrong.,wrong_exchange_rate_for_cash_withdrawal
Why do you need so much information to verify my identity?,why_verify_identity
Do you accept all cards and currencies?,supported_cards_and_currencies
Can a card stop working?,card_not_working
Will I be charged if I use European bank card for top up?,top_up_by_card_charge
My account was charged for a withdraw I tried to make that was decline.,pending_cash_withdrawal
There's a payment in my history I don't recognize,card_payment_not_recognised
"I would like to exchange currencies, how do I go upon it?",exchange_via_app
There are a couple of payments with my card shown in the app that I really didn't make myself. Why is it happened?,card_payment_not_recognised
How might  I change my PIN?,change_pin
"I used my card to top up, but the money is not there!",topping_up_by_card
Do I have to pay any fees in order to receive money?,top_up_by_bank_transfer_charge
Can I change my PIN without being physically present?,change_pin
I was charged a fee after using my card and I shouldn't have been.,card_payment_fee_charged
The ATM didn't give me the card back!,card_swallowed
I am seeing and extra 1$ charged to my account and wanted to know about it.,extra_charge_on_statement
How long will it take to have my card mailed to me?,card_delivery_estimate
What is the estimated time on an urgent transfer from China?,transfer_timing
What's the time frame on EU transfers? I purchased something a couple of days ago but the seller hasn't received my payment.,pending_transfer
I can't get my card to work.,card_not_working
Why would my transfer result in a decline message?,declined_transfer
What does it mean when my top up is saying  still pending?,pending_top_up
Card refund is not showing up in my statement.,Refund_not_showing_up
Do you know the process how to activate my card?,activate_my_card
What types of top-up methods do you accept?,top_up_by_cash_or_cheque
Where can I get a new passcode?,passcode_forgotten
When I top up what are the amoutn limits.,top_up_limits
I thought that transfers are free. Why was I charged an extra fee?,transfer_fee_charged
WHAT IS THE REASON FOR THAT,card_not_working
"Please help me with the amount that i have withdrawn from the ATM today, the ATM has given me wrong sum of amount, and i could see that the app is displaying the greater amount than taken out.",wrong_amount_of_cash_received
I do not understand why my pass-code is not working.,passcode_forgotten
I want a physical card,order_physical_card
Some cash withdrawal that I didn't make showed up in the app.,cash_withdrawal_not_recognised
"my phone was taken yesterday, what should I do about my account?",lost_or_stolen_phone
Is there anywhere  In the  Eu  this card can not be delivered in,country_support
How come my cash deposit is not showing up. This can't be right. There must be some mistake. Where did my cash go. You better not have lost it as I need this money asap.,balance_not_updated_after_cheque_or_cash_deposit
I sent a check into the system but still haven't received the cash yet,balance_not_updated_after_cheque_or_cash_deposit
How much longer until I get my new card?,card_arrival
How long will a transfer from the US take?,transfer_timing
How can I get paid in a different currency?,receiving_money
What do I need to do to receive my payroll in the account?,receiving_money
I'd like to use cash to top up. How do I find that option?,top_up_by_cash_or_cheque
Why do we need to verify a top-up card?,verify_top_up
How often do your exchange rates change,exchange_rate
"I would like to use the bank transfer feature, but I can't find it. Can you please give me the details?",transfer_into_account
Why do I have a charge for an ATM withdrawal? I thought these were free?,cash_withdrawal_charge
Is currency exchange possible?,exchange_via_app
The top-up did not go through.,top_up_failed
I can't get into the app with the passcode.,passcode_forgotten
How do I dispute a direct debit on my account?,direct_debit_payment_not_recognised
"I tried to take money from my card, but it didn't work. Later I saw that the transaction is still in progress. What's goign on?",pending_cash_withdrawal
"
Where can I use my card?",card_acceptance
how do I link an old card?,card_linking
How come the ATM gave me less cash than what I asked for?,wrong_amount_of_cash_received
I was charged an extra dollar on my account and would like to know the reason.,extra_charge_on_statement
When will my cheque process?,balance_not_updated_after_cheque_or_cash_deposit
do i need a pin,get_physical_card
Is there a reason my transfer failed?,failed_transfer
Someone might be using my card.  What should I do?,compromised_card
How are the exchange rates for transfers calculated?,exchange_rate
I want to choose a different PIN.,change_pin
Why do you need me to verify who I am?,why_verify_identity
Why does my transaction have an added fee?,extra_charge_on_statement
Why check my identity?,why_verify_identity
The app reverted the payment I made.,reverted_card_payment?
Is there a transaction limit for a disposable card?,disposable_card_limits
what is the disposable cards limit?,disposable_card_limits
What do I have to do to cancel a transfer?,cancel_transfer
Why do you charge for payments? Why aren't your charges clearly laid out in the agreement?,card_payment_fee_charged
Where do I go to fill out the identity form?,verify_my_identity
"My top-up failed, WHY?",top_up_failed
A payment on my statement is wrong.,card_payment_not_recognised
The app says I made a cash withdrawal even though I didn't.,cash_withdrawal_not_recognised
Why is it failing to top-up?,top_up_failed
Is my salary eligible for this?,receiving_money
A friend was telling me about her disposable cards. What would I have to do to be able to get that feature?,disposable_card_limits
I haven't used my card all day but there is a payment showing in the app. Please cancel it!,direct_debit_payment_not_recognised
How do I top up?,transfer_into_account
My top-up failed to go through.,top_up_failed
What is needed for my daughter to open an account?,age_limit
What are my options for holding money in multiple currencies?,fiat_currency_support
"I'm having a problem with a money transfer.  I sent some money to a friend a couple of hours ago, and they haven't received it yet.  Why hasn't it gotten to them? How long do transfers need to go through?",transfer_not_received_by_recipient
The expiration date on my card is coming up,card_about_to_expire
How much do you charge for exchange rates?,exchange_charge
Why am I getting charged more for using my card?,card_payment_fee_charged
Can you explain what this random $1 charge is?,extra_charge_on_statement
My card appears to be broken how can I fix it?,card_not_working
"I would like to top up my account with a bank transfer, is that allowed?",transfer_into_account
I wanted to top up my account and it doesn't look like it worked,top_up_failed
Where will I find my card?,order_physical_card
My top-up was cancelled; will I receive a refund?,top_up_reverted
Will a beneficiary not accept a transfer?,beneficiary_not_allowed
"Hi, I am currently in the process of buying a flat and I am waiting for the mortgage to go through but it keeps showing up as an error.  Do you know what could be causing this and can you help me get the money over.",failed_transfer
"Could it be that I deactivated my card, its not working?",card_not_working
No refund showing in my statement.,Refund_not_showing_up
Is it free for top ups?,top_up_by_card_charge
"I need to add a serious amount of cash to my card, how do I do that?",top_up_limits
Why would a transfer to an account not be allowed?,beneficiary_not_allowed
Can someone please help assist me by explaining to me why my pass-code is not working?,passcode_forgotten
Can I use app to reset PIN attempts?,card_not_working
I have a trip coming up and want to add money automatically.,automatic_top_up
"My bag was stolen from me yesterday, so I can't use any apps or anything. I need some help.",lost_or_stolen_phone
How do you check my identity?,verify_my_identity
Why on earth do you need so much personal id info from me?,why_verify_identity
Why would a cash withdrawal still be pending?,pending_cash_withdrawal
How long until transfers complete?,pending_transfer
"If I want a physical card, do I have to pay anything?",order_physical_card
"Okay, I found my card, can I put it back in the app?",card_linking
Why has my card declined,declined_card_payment
Are cheques accepted to my account? Mine didn't seem to work.,balance_not_updated_after_cheque_or_cash_deposit
Where are the cards delivered to,order_physical_card
help me find the top-up card's verification code?,verify_top_up
I made a cash withdrawal earlier and it's showing as pending.  What does that mean?,pending_cash_withdrawal
what are the reasons why you would not be able to process a payment,beneficiary_not_allowed
How can I create a disposable virtual card?,get_disposable_virtual_card
What do I do after the ATM takes my card.,card_swallowed
I need more assistance with how to activate my card.,activate_my_card
Why has my card been declined?  whats the deal?,declined_card_payment
My withdrawal from the ATM was cancelled.,declined_cash_withdrawal
What apps can I use to top up my account?,top_up_by_cash_or_cheque
What are the limits to using disposable virtual cards?,disposable_card_limits
Why did I get charged more than once?,transaction_charged_twice
how do i find out about transfers,receiving_money
where do you find your exchange rates?,exchange_rate
Can I choose my Visa or Mastercard?,visa_or_mastercard
What are the charges for US cards with top up.,top_up_by_card_charge
My transfer was declined. Why did this happen?,declined_transfer
what is the fee for topping up by card?,top_up_by_card_charge
I cannot tell what my top up currently is.,topping_up_by_card
How many cards can I have?,getting_spare_card
In my account I noticed my ATM withdrawal is still pending,pending_cash_withdrawal
When will I get my card shipped to me?,card_delivery_estimate
What is the longest that a payment will show pending?  There is one showing that has been sitting there a few days.,pending_card_payment
Please check my payment from last Saturday as I feel I have been overcharged on the exchange rate.  Thank you.,card_payment_wrong_exchange_rate
How can I get a disposable virtual card?,get_disposable_virtual_card
I deposited cash this morning and I am still waiting,balance_not_updated_after_cheque_or_cash_deposit
How can I lookup where funds came from?,verify_source_of_funds
How can I check the exchange rate applied to my transaction?,card_payment_wrong_exchange_rate
What does it mean to have a pending cash withdrawal?,pending_cash_withdrawal
This company sucks! Can you terminate my account?,terminate_account
what is the top up limit,top_up_limits
Can I have a tangible form of my virtual card.,order_physical_card
i'm not satisfied with the services and no longer want to be a customer,terminate_account
I have an unusual payment in my statement,card_payment_not_recognised
If my card becomes expired what can I do?,card_about_to_expire
"I tried to take out some money from an ATM earlier today and it was declined. Looking on my screen now, I still see that it's pending for that amount. I didn't actually get that money, so I don't want it processed on my account.",pending_cash_withdrawal
Do I get a discount if I exchange currencies a lot?,exchange_charge
Money that I have transferred hasn't arrived yet,balance_not_updated_after_bank_transfer
How do I use the app if I don't have my phone with me?,lost_or_stolen_phone
What is the limit on disposable cards?,disposable_card_limits
Can you tell me why a refund I'm owed is not showing on my statement?,Refund_not_showing_up
Does your system support multiple currency.,fiat_currency_support
What if there is an error on the exchange rate?,card_payment_wrong_exchange_rate
Why didn't my transfer complete?,failed_transfer
What age do you have to be to open an account?,age_limit
I am reluctant to use ATMs international because I don't get an accurate exchange rate,wrong_exchange_rate_for_cash_withdrawal
I was mugged yesterday and they took everything.  I can't access my app.  What are my next steps?,lost_or_stolen_phone
I transferred money from one account to another account and I charged a fee for it. Why is that?,transfer_fee_charged
How to I switch my money for the money used in another country?,exchange_via_app
"How long does it take to transfer from china? Is there a way to transfer it quickly, I need it urgently?",transfer_timing
I was mugged and everything taken.  What do I do to protect my account?,lost_or_stolen_phone
Delete my account please. Now!,terminate_account
how much does it cost to add money to my card,top_up_by_card_charge
I was charged the wing amount for an item.,card_payment_wrong_exchange_rate
"Hi, I have done a topup, but my money was reverted. Please look into this issue.",top_up_reverted
Can i receive transfers from my employer to this account?,receiving_money
I want a refund,request_refund
I was charged an extra pound.,extra_charge_on_statement
"When I look at my statement there is an extra fee, that is for what?",extra_charge_on_statement
Will I be charged for adding money using an international card?,top_up_by_card_charge
Tell me how to reset the passcode.,passcode_forgotten
I want to use my card. How do I activate it?,activate_my_card
I got some items this morning but the payment says pending,pending_card_payment
How can I configure what currency my salary is in if it's in GBP?,receiving_money
How do I get started when I get my card?,get_physical_card
What exchange rate is it?,exchange_rate
Is there an issue with my card payment as it has not gone through.,declined_card_payment
I need my refund,Refund_not_showing_up
I'm pretty sure something went wrong with my exchange. I changed Russian Ruble to UK pounds and was charged way too much!,card_payment_wrong_exchange_rate
What is happening?  I have tried to transfer money 5x already.  Is the system down?  This shouldnt be happening as this is a basic transfer.,failed_transfer
My withdrawal was cancelled.,declined_cash_withdrawal
Why was I charged a fee to transfer money?,transfer_fee_charged
Problem with my top up going through,pending_top_up
if im not using my account should i close it or just let it sit,terminate_account
I can't see a verification code anywhere,verify_top_up
how can i transfer money from american express card,supported_cards_and_currencies
Why was there a fee for my cash withdrawal?,cash_withdrawal_charge
The app reverted my recent payment,reverted_card_payment?
My daughter need a card from this account. Is that possible?,getting_spare_card
From what countries can I use an account?,country_support
Why isn't my contactless not working?,contactless_not_working
Is it possible for me to track the card is was mailed to me?,card_arrival
How can I sign up for a virtual card?,getting_virtual_card
I have made a recent check and cash deposit that isn't reflected in my balance.,balance_not_updated_after_cheque_or_cash_deposit
How do I go forth with bank transfers for top up accounts?,transfer_into_account
Can I use app to freeze my card and dispute fraud?,compromised_card
How to activate Google Pay for top up?,apple_pay_or_google_pay
Can I use visa or mastercard with your service,visa_or_mastercard
"My top-up does not seem to have worked, what  went wrong?",top_up_failed
I think I have an extra transfer charge.,transfer_fee_charged
Can I choose what card I can use,visa_or_mastercard
I do not see the card PIN anywhere?,get_physical_card
I want to top up my account with a cheque,top_up_by_cash_or_cheque
"Hi, I have withdrawn cash from the ATM on holiday and i guess withdrawal amount has been overcharged. I did it as i was not aware of these charges.",wrong_exchange_rate_for_cash_withdrawal
Where can I get a card in the EU?,country_support
I found the card I thought I lost this morning. Can I reactivate this card?,card_linking
How long will my top-up stay pending?,pending_top_up
I want a mastercard,visa_or_mastercard
A transaction posted twice to my account.,transaction_charged_twice
I think the currency exchange that's been applied is wrong.,card_payment_wrong_exchange_rate
Can I cancel an order if I haven't received the item yet? And how can I get my money back? Please help. Thanks.,request_refund
I found a charge on my debit that I did not make.,direct_debit_payment_not_recognised
How do I top up? Can I use my apple watch?,apple_pay_or_google_pay
"I need to activate my card, how is that done?",activate_my_card
How can I move money from an account at another bank to this one?,transfer_into_account
What is the fee charged with this card payment?,card_payment_fee_charged
Tell me how I can verify a card top-up.,verify_top_up
I don't see a code anywhere on my top-up card? Where can I find it? I need to verify!,verify_top_up
I want a refund for my item,request_refund
How long will it be to get this new card?,card_arrival
Can you please identify the problem with my bank card?,card_not_working
I added money through a bank transfer and it is not showing in my balance.,balance_not_updated_after_bank_transfer
Can it automatically top up my account?,automatic_top_up
How long does a transfer from the US take?,transfer_timing
What is this €1 charge?,extra_charge_on_statement
Can I use my account even though the identity verification has not passed yet?,why_verify_identity
I'm not sure where my phone is.  Can someone else use the app?,lost_or_stolen_phone
I tried to top up. Why was it denied?,top_up_failed
Can you please explain how bank transfers work?,transfer_into_account
What are these fees i am paying?,card_payment_fee_charged
Tell me how to go about activating my new card?,activate_my_card
How can I see my source of funds?,verify_source_of_funds
"I see random purchases to my account, was it hacked?",compromised_card
What foreign exchange rate will you use?,exchange_rate
What is the minimum age to open an account?,age_limit
Where do I order a disposable virtual card?,get_disposable_virtual_card
I need to cancel an incorrect transaction.,cancel_transfer
I requested a refund directly from the seller but I still don't have it. I just want you to send me my money back. I did what you said to do and I still don't have it.,Refund_not_showing_up
Why did you charge me a fee when I made a transfer?,transfer_fee_charged
Show me the amount of transactions I can do with a disposable card.,disposable_card_limits
Can you issue both a Visa and a Mastercard to me?,visa_or_mastercard
Why is there a fee for an extra pound in my statement?,extra_charge_on_statement
Where can I find the auto-top up feature?,automatic_top_up
"I would like to track a card sent to me, how do I do that?",card_arrival
Why am I still waiting for a transfer?,balance_not_updated_after_bank_transfer
my cash out is still pending,pending_cash_withdrawal
The transfer to my account was not allowed.,beneficiary_not_allowed
What does pending mean on a cash withdrawal?,pending_cash_withdrawal
I tried to use my disposable virtual card to pay a subscription to the gym and it got rejected. Any ideas why?,virtual_card_not_working
"If I am not in the country and I need to change my PIN, how can this be done?",change_pin
Why has my card been declined?,declined_card_payment
"I tried to top up using my card, but now the money just disappeared!",topping_up_by_card
I seem to have lost my card.,lost_or_stolen_card
How come I can't take money out of the ATM?,declined_cash_withdrawal
Please assist me with activation.,activate_my_card
Where did my deposit for my source of funds come from?,verify_source_of_funds
Where do I find my PIN for my new card?,get_physical_card
Why was the exchange rate so wrong when I bought something!,card_payment_wrong_exchange_rate
How long is the wait for a money transfer to show up?,pending_transfer
What do I need to do to verify my identity?,verify_my_identity
When will the transaction be done?,transfer_not_received_by_recipient
Why won't my transfer to another account work?,beneficiary_not_allowed
Can you explain your exchange rate policy to me?,exchange_rate
I purchased something about one to two weeks ago but for some reason the payment was returned to my account today even though I've already received one of the items. Can you tell me what's going on?,reverted_card_payment?
I don't recognize a debit payment that was made and would like to find out about the payment.,direct_debit_payment_not_recognised
How do I know when my new card is going to arrive?,card_arrival
There was a direct debit I don't recognize.,direct_debit_payment_not_recognised
Why did I get charged a fee for my transfer?,transfer_fee_charged
Please help my find out why there is an odd direct debit in my records.,direct_debit_payment_not_recognised
Is there a top up fee?,top_up_by_bank_transfer_charge
Why was my top-up unsuccessful?,top_up_failed
After making a payment with my card it doesn't seem to have worked. It's just showing to be pending. When will this actually be going through?,pending_card_payment
"My card keeps getting declined when I try to use it.  I would like to top-up, but it is not going though.",top_up_failed
Is it possible to change to another currency?,exchange_via_app
What should I do with my stuck ATM?,card_swallowed
My money disappeared! Please help??,top_up_reverted
Help me find the transfer that I did.,balance_not_updated_after_bank_transfer
My first choice would be Mastercard.,visa_or_mastercard
"When adding money, what are the currencies you take?",supported_cards_and_currencies
"I got my card now, how do I make it show up in the app?",card_linking
Why is a transfer to a beneficiary not possible?,beneficiary_not_allowed
My top up isn't in my wallet.,topping_up_by_card
A transfer could not be completed.,failed_transfer
How much is a physical card?,order_physical_card
My app is showing a cash balance that I did not receive.,cash_withdrawal_not_recognised
What is the limit to a top-up?,top_up_limits
I'm trying to activate the auto-top up function. Where is it?,automatic_top_up
Can I top up using my cheque?,top_up_by_cash_or_cheque
I was using a foreign currecy to make a payment and the applied the wrong rate.,card_payment_wrong_exchange_rate
I just lost my wallet and I see that they are already withdrawing money from my account. How can I stop this?,cash_withdrawal_not_recognised
How do I locate my card?,card_arrival
I withdrew cash and I think the exchange rate is wrong.,wrong_exchange_rate_for_cash_withdrawal
Is my child too young to sign up?,age_limit
Is this where I order a virtual card?,getting_virtual_card
Are there virtual cards,getting_virtual_card
There is a payment in the app I did not make,card_payment_not_recognised
"I know this very late, but I just went through my statements from the last couple months and there's one quite large-ish payment that I definitely haven't made. Is it still possible to dispute it?",direct_debit_payment_not_recognised
What currencies are approved to add money?,supported_cards_and_currencies
"My marital status has change, I got to correct my name to reflect that.",edit_personal_details
How do I retrieve a trapped card from a ATM?,card_swallowed
Is there supposed to be a fee for the transfer I made?,transfer_fee_charged
My disposable virtual card is not working,virtual_card_not_working
Why is my check still not showing up on my account? It's been a week already,balance_not_updated_after_cheque_or_cash_deposit
is there a limit on top ups,top_up_limits
I have been trying unsuccessfully to top-up my card.  Is the system down or not working properly?,top_up_failed
Is there a way to change my PIN without having to go to the bank?,change_pin
What can i pay with out  fees,card_payment_fee_charged
Every ATM I visit is rejecting my card and I don't know why. There should be money on it. Can you check it to see if something is wrong or if I'm doing something wrong?,declined_cash_withdrawal
Why was the wrong rate applied when I bought something in a different currency?,card_payment_wrong_exchange_rate
how is it possible to add another card to account,getting_spare_card
Please tell me the types of currency I can hold.,fiat_currency_support
What is the current exchange rate for me?,exchange_rate
I requested $100 but only got $20,wrong_amount_of_cash_received
How can I find out the source of my available cash?,verify_source_of_funds
Can you remove my account please?,terminate_account
I see an unfamiliar Direct Debit payment.,direct_debit_payment_not_recognised
Is the PIN separately delivered?,get_physical_card
Where are cards delivered to?,order_physical_card
How do I activate auto top-up when traveling?,automatic_top_up
I forgot the code I need to get into the app.,passcode_forgotten
"When I tried to transfer funds to my friend today I was unable to do so, why?",failed_transfer
My top-up was just cancelled.,top_up_reverted
I've tried my card a bunch of times and it never worked.,card_not_working
I could not get my transfer to happen correctly and was wondering why?,failed_transfer
What kind of currency can I hold money in?,fiat_currency_support
"After I attempted a transfer, it failed.",failed_transfer
Is there a charge for sending out more cards?,getting_spare_card
What do I do if I forgot my passcode?,passcode_forgotten
What are the details of disposable card limitations?,disposable_card_limits
Is it possible to get a new card in China?,card_about_to_expire
I can't activate my card?,activate_my_card
"I transferred money yesterday, but it still isn't available?",pending_transfer
how do I ask for a physical card?,order_physical_card
I need to get some Euros for my holiday. Am I able to exchange some of my money?,exchange_via_app
"My card payment is still on hold, why is it so?",pending_card_payment
Are there any limits to how many disposable cards I can use?,disposable_card_limits
When will it be delivered to the US?,card_delivery_estimate
Is there a fee to exchange foreign money?,exchange_charge
For what reason is my transfer still pending now?,pending_transfer
I need a fast transfer from China?  How fast will it be?,transfer_timing
Why am I required to verify my identity?,why_verify_identity
"Why wasn't it obvious that you charge for payments? If you put the fees in an easy to read format, this could have been avoided.",card_payment_fee_charged
How do i go about linking a new card?,card_linking
I don't have my mobile device and am unable to make the payment because I forgot my details.,lost_or_stolen_phone
"I topped up recently and saw the money go through, but now it's just gone? What's going on",top_up_reverted
I made a transfer from France two days ago now but there hasn't made it there yet. Do international transfers take longer?,balance_not_updated_after_bank_transfer
How can I periodically check the delivery of the card you sent?,card_arrival
I can't use my card because it is not working.,card_not_working
"I deposited money in the form of a cheque, but my balance has not increased.",balance_not_updated_after_cheque_or_cash_deposit
"I recently reported my card as missing/lost, and I just found it. Can I still use it?",card_linking
How long does it take for a card to arrive?,card_delivery_estimate
When can I use money sent to my account?,transfer_timing
Where's the money I transferred into my account?,balance_not_updated_after_bank_transfer
What are the age limits for your service?,age_limit
What do I do if there is an electronic debit that is not correct?,direct_debit_payment_not_recognised
Am I able to do top-ups with Google Pay?,apple_pay_or_google_pay
"How long does EU transfer take? I bought something online a couple days ago , sent the money immediately online but the seller says it is still not there yet",pending_transfer
"I received a ""declined"" message when doing a transfer",declined_transfer
The transfer I tried to make failed.,failed_transfer
What is the best way to get my virtual card?,getting_virtual_card
"If my phone was stolen, do I need to do anything?",lost_or_stolen_phone
Should I complete my security verification before I can use my account?,why_verify_identity
why do i not have a virtual card,getting_virtual_card
How do I cancel my card? There are charges on my account that I didn't make.,cash_withdrawal_not_recognised
"I didn't get cash from an ATM, but the app says I did",cash_withdrawal_not_recognised
I have a cash withdrawal on my statement that I am unsure of.,cash_withdrawal_not_recognised
What does it mean if my top-up has not gone through?,pending_top_up
How do I know which payments I make will have additional fees? Where can I find this information online?,card_payment_fee_charged
How would you use a disposable card?,get_disposable_virtual_card
Is there a function where I can top-up automatically?,automatic_top_up
Where can I check to see if there will be a fee added to my payment? Are there specific instances that will result in a fee added?,card_payment_fee_charged
I can't see all the refunds in my statement,Refund_not_showing_up
Causes of top-up cancellation,top_up_reverted
Is there a fee for currency exchange?,exchange_charge
My statement shows different transaction times.,transaction_charged_twice
I have been charged twice for the same thing!,transaction_charged_twice
I tried to do a transfer and it's saying it declined.,declined_transfer
There is a payment that i made that i noticed has not gone thru yet. Can i ask why?,pending_card_payment
can i top up from a usa credit card,supported_cards_and_currencies
Why can't I get my top up to work in Apple Pay?,apple_pay_or_google_pay
Please tell me how to change my pin.,change_pin
"Suddenly, my card won't work.",card_not_working
Why was I charged a fee for a transfer?,transfer_fee_charged
There's a cash withdrawal I am certain I did not make,cash_withdrawal_not_recognised
I need to know what your exchange rates are.,exchange_rate
"Looks like my card payment was made twice by mistake. I went to pay at the store earlier which rejected once, second time it worked. App is on pending for one of the payments. Can you please remove one of them as it's wrong and clearly was declined?",transaction_charged_twice
The exchange rate applied was incorrect when I was traveling outside the country.,wrong_exchange_rate_for_cash_withdrawal
areas card is accpeted,card_acceptance
Is there any way to cancel a transfer?,cancel_transfer
My payment had a wrong exchange rate.,card_payment_wrong_exchange_rate
Where am I able to use the card?,card_acceptance
Why do I see an extra €1 charge on my statement?,extra_charge_on_statement
What's going on with my balance? Shouldn't it be a bit higher since I deposited a cheque a day ago?,balance_not_updated_after_cheque_or_cash_deposit
Why isn't this accepting my identity?,unable_to_verify_identity
Oh no!  I lost my card!  Help!,lost_or_stolen_card
I am not able to verify my id. Why?,unable_to_verify_identity
Why do I need to verify the top-up?,verify_top_up
I deposited cash into my account and I'm having trouble seeing it on my account.,balance_not_updated_after_cheque_or_cash_deposit
How long will I have to wait for my new card?,card_delivery_estimate
How can I open an account for my children?,age_limit
There is a mysterious debit transaction on my statement,direct_debit_payment_not_recognised
"I have a cash withdrawal that says it's pending, why?",pending_cash_withdrawal
"I'm not sure where my phone is, I think someone stole it or it's lost.",lost_or_stolen_phone
"How long does it take for transfers to be approved?  I sent funds to my girlfriend, and she says that she has not seen any approved funds in her account.",transfer_not_received_by_recipient
Can I transfer money using the SWIFT service?,top_up_by_bank_transfer_charge
What are the steps I follow to transfer money into my account?,transfer_into_account
My card was rejected,declined_card_payment
My card is due to expire,card_about_to_expire
I can't verify my ID.,unable_to_verify_identity
Can you please explain why I was charged an extra fee for my transfer?,transfer_fee_charged
What is the price for an additional card?,getting_spare_card
Which ATMs accept this circuit board ?,atm_support
I tried to pay through my account but the payment is not going through. What's going on?,pending_card_payment
Can I set it up to add money every few days automatically while I am traveling?,automatic_top_up
Can I have multiple currencies in my account?,fiat_currency_support
What are the fees for top-ups?,top_up_by_bank_transfer_charge
When can I expect my transfer to reach my account?,transfer_timing
How long will a transfer from Europe take?,transfer_timing
How come I got charged extra for withdrawing cash?,cash_withdrawal_charge
"Hi, I am facing issue with my card payment while shopping online as payment is getting reverted. I am struggling with this issue around two weeks. Please advise.",reverted_card_payment?
What types of foreign money can be used with this service.?,fiat_currency_support
Do I need to convert my currency from GBP before transferring?,receiving_money
My card won't physically work.,card_not_working
Why are you not accepting my transfer!! I've tried a couple times already now and it just keeps showing an error message,beneficiary_not_allowed
Tell me if there is a top-up limit.,top_up_limits
How many cards am I allowed?,getting_spare_card
Why hasn't the money transfer arrived yet?,transfer_not_received_by_recipient
Can you show me how to verify the top-up card?,verify_top_up
It's been some time ago that I placed an order and it just isn't coming. At this point just give me back my money because I'm not paying them.,request_refund
How long does it take for my id to verify?,unable_to_verify_identity
Can you do exchanges of EUR?,fiat_currency_support
"I ordered something, and now I have buyer's remorse. Since what I ordered hasn't come yet, can you just cancel the payment since I already know I want a refund for it?",request_refund
The correct amount of cash was not received.,wrong_amount_of_cash_received
Am I getting charged for making a payment?,card_payment_fee_charged
Does it cost anything to get a new card? Mine's about to expire and I'd also like to know how long it takes to get the new one.,card_about_to_expire
Can I exchange currencies with the app?,exchange_via_app
What if I type in the wrong PIN too many times?,pin_blocked
My disposable virtual card is not working when I try to use it at a point of sale transaction. What do I do now?,virtual_card_not_working
Can you help me to quickly cancel a transaction I accidentally did to the wrong account?,cancel_transfer
Do you charge extra for topping up with a debit or credit card?,top_up_by_card_charge
Why didn't my balance update after my cash or checque deposit?,balance_not_updated_after_cheque_or_cash_deposit
What happens when a payment is reverted?,reverted_card_payment?
What do I do now my credit card has been swallowed by the ATM?,card_swallowed
"I received my new card, how is it activated?",activate_my_card
Why was I charged a fee? I thought shopping was free?,card_payment_fee_charged
My product hasn't arrived even though I ordered it a while ago. I want a refund!,request_refund
"My pins seems to be blocked, can you unblock it please",pin_blocked
Can I add a card that I just found (again) to the app?,card_linking
Why couldn't I get cash from an ATM?,declined_cash_withdrawal
I want to end my account,terminate_account
I would prefer a visa card,visa_or_mastercard
How long does a transfer take to be confirmed?,pending_transfer
Can I convert currency with the app?,exchange_via_app
Why hasn't my cash been deposited yet?,balance_not_updated_after_cheque_or_cash_deposit
Can I have a new card shipped to China?,card_about_to_expire
"I made a big purchase that I regretted and cancelled, the merchant said that my refund was submitted. Can you confirm to me that all of my money was truly returned to me?",Refund_not_showing_up
Can you provide information for freezing my card immediately?,lost_or_stolen_card
What are your supported countries?,country_support
"When I received my cash, the exchange rate was wrong.",wrong_exchange_rate_for_cash_withdrawal
Is it possible to deposit money in GBP?,receiving_money
Why was my card payment declined?,declined_card_payment
Can you please make my top up go through as soon as possible. I really need the money and it has been pending for an hour already.,pending_top_up
I am trying to exchange crypto and it's not working. Tell me how to fix this.,beneficiary_not_allowed
Can i use this card at any store?,card_acceptance
I think someone may have cloned my card or something.  My card isn't lost but I just saw a charge of $500 cash withdraw.  Can you help me?,cash_withdrawal_not_recognised
What's going on? I was just recently charged for an ATM withdrawal. I've never seen this charge before and before it's always been free.,cash_withdrawal_charge
"I would like some more physical cards, what is my limit?",getting_spare_card
Is there a way to link the card i just got?,card_linking
What do I do if I can't access the app?,lost_or_stolen_phone
"If I'm getting my identity verified, what all do I need?",verify_my_identity
I have a payment that has not gone through yet,pending_card_payment
What is the time frame for a transfer from the US?,transfer_timing
Please list the countries you support.,country_support
I topped up about half an hour ago and the charge is still pending. I'm a new customer and today is my first time doing this. Can you fix it? It doesn't seem to be working.,pending_top_up
When I try and to buy something using my card it keeps getting declined.,declined_transfer
What currencies or cards do you support for topping up?,supported_cards_and_currencies
Why is your exchange rate different on different days?,exchange_rate
What is the charge for using a Top up card in the US?,top_up_by_card_charge
"When traveling, can I auto top-up my card at certain times?",automatic_top_up
Why was money taken for a transfer?,transfer_fee_charged
"I have a cheque here, can I use it to top off my account?",top_up_by_cash_or_cheque
I am travelling and I tried to withdraw cash but didn't get what I was supposed to get.,wrong_exchange_rate_for_cash_withdrawal
My top-up never worked,top_up_failed
Why do you keep declining my payment? I tried several times already with this card and it's just not working,declined_card_payment
How do I reset the passcode?,passcode_forgotten
Can you freeze my card because someone used it while I was out of town. I did not make these purchases.,compromised_card
Why have I received a rebate for my payment after a week?,reverted_card_payment?
Why am I not allowed to transfer money to my cryptocurrency exchange?,beneficiary_not_allowed
My card has been swallowed by an ATM,card_swallowed
How much is the charge to top up via credit card?,top_up_by_card_charge
I would like to get help from someone with activating my card.,activate_my_card
"Hi,  One of payment is still coming as pending for which i have already paid by card. I guess it did not processed, could you please check and update me.",pending_card_payment
Can friends add to my account,topping_up_by_card
Can I auto-top up?  How do I do it?,automatic_top_up
Does this program take SWIFT transfers?,top_up_by_bank_transfer_charge
Where can I get my currencies exchanged?,exchange_via_app
"My phone was stolen, what should I do?",lost_or_stolen_phone
virtual card is not working for me,virtual_card_not_working
Do you know how to change my card PIN?,change_pin
"My card was lost on vacation, I don't know where it is. Can you help me take care of this immediately?",lost_or_stolen_card
What foreign exchange rate will I get?,exchange_rate
I want to change my name.,edit_personal_details
I am not being recognized by the app.,unable_to_verify_identity
"I just got my card and want to use it, how do I activate my card?",activate_my_card
I think my child used my card while I wasn't home.,compromised_card
Why did my card payment not work?,declined_card_payment
Why is there a direct debit payment on my app that is not from me?,direct_debit_payment_not_recognised
Can you tell me when my card will arrive?,card_delivery_estimate
I have an odd payment in my statement,card_payment_not_recognised
In what way can I change my PIN and where do I need to be?,change_pin
beneficiary transfer problems?,beneficiary_not_allowed
What happens if the ATM gives me the wrong amount of money?,wrong_amount_of_cash_received
After depositing a cheque my balance did not change.,balance_not_updated_after_cheque_or_cash_deposit
want a new card what are the fees,card_about_to_expire
What happens if my card expires?,card_about_to_expire
I need a refund on an item I have not received.  Am I able to simply cancel the payment?  I don't know how to do this.,request_refund
How long will the transfer take?,pending_transfer
I have no idea why my card payment did not work.,declined_card_payment
Do you have a tracking number for the card I was sent?,card_arrival
I can't withdraw any money from my account. Ive tried a couple different ATM machines and both of them wouldn't give me my money. What's going on? Is my account frozen or something?,declined_cash_withdrawal
"I need to use my disposable card multiple times a day, is there a cutoff limit?",disposable_card_limits
Why was my top up cancelled?,top_up_reverted
how to get a new card in china,card_about_to_expire
"I still haven't received my card after two weeks, is it lost?",card_arrival
"I would like to top up via credit card, which credit cards do you support?",supported_cards_and_currencies
I just completed a bank transfer and the balance didn't update,balance_not_updated_after_bank_transfer
I can't find the money I just added to my account.,pending_top_up
"I logged in wrong and am blocked, how do I log in?",pin_blocked
There is a cash withdrawl I don't remember.,cash_withdrawal_not_recognised
There's a payment that isn't mine on my app,card_payment_not_recognised
Which countries do you currently support?,country_support
I have a new card. How do i top it up?,topping_up_by_card
Where is the auto top-up option?,automatic_top_up
"Hello.  I ran into a problem with a transfer this morning.  I was trying to send money to some friends but when I tried to send it, the transfer failed.  I don't know what is causing the transfer to be rejected.  Please let me know what is causing the problem.  Thanks.",failed_transfer
There is a transaction showing up several times.,transaction_charged_twice
Will this app exchange currencies?,exchange_via_app
I have lost my phone.,lost_or_stolen_phone
Have you sent out my card yet?,card_arrival
"I want to add money but don't know what currencies you accept, can you tell me?",supported_cards_and_currencies
Could I get a MasterCard and Visa from you?,visa_or_mastercard
"I sent a payment, but the person I sent it to says they don't have it",transfer_not_received_by_recipient
I urgently need to top-up my card but its getting declined. Please help me in this or advise with other options if any.,top_up_failed
Can I get a new card?,order_physical_card
I am sick of this damn company and want to close out my account.,terminate_account
Why has my card payment been declined?,declined_card_payment
Do you only use Visa or do you have Mastercard too?,visa_or_mastercard
"I went for a meal in Seattle and paid the bill but I think they charged me twice, the first time they swiped the card I got a notification to say the money had gone out the account but then I added a tip and I think they swiped it all again. Can you refund one of the charges?",transaction_charged_twice
Help me cancel a transfer.,cancel_transfer
Where are my funds coming from? I need to know.,verify_source_of_funds
I attempted to get cash in the ATM but I was denied,declined_cash_withdrawal
"Something is wrong with the top up! I'm a regular customer and use your service all the time, usually this works but now it just shows up as pending",pending_top_up
My statement is showing an extra £1 charge and I am unsure why. Is there an explanation for this?,extra_charge_on_statement
what's the process for getting a disposable virtual card?,get_disposable_virtual_card
How old do my kids have to be use this?,age_limit
how do VR cards work,get_disposable_virtual_card
Why can't I get my virtual card to work?,virtual_card_not_working
The atm wouldn't give out cash,declined_cash_withdrawal
Please tell me how I verify my identity.,verify_my_identity
What is the highest amount I can top-up?,top_up_limits
I can not find my card pin.,get_physical_card
what can I do if I got my American Express in Apple Bay but top up is not working?,apple_pay_or_google_pay
I would really like a physical card.,order_physical_card
I have tried transferring money numerous times.  All I keep getting is an error message.  Can you tell me what is going on and how this van be fixed?,beneficiary_not_allowed
In which countries can I get a card?,country_support
How long does a transfer from the United Kingdom take? I haven't seen it show up yet in my bank account and want to make sure I get the transfer.,balance_not_updated_after_bank_transfer
I have a fee showing from last time I used my card.,card_payment_fee_charged
Do I have to verify my identity?,why_verify_identity
My ATM transaction was cancelled.,declined_cash_withdrawal
When will I receive my card?,card_delivery_estimate
I found my card again. Can I put it back into the app?,card_linking
Can you tell me what countries you offer support for?,country_support
Are your cards available in Europe?,country_support
how secure is a disposable virtual card,get_disposable_virtual_card
Is the card welcomed by everybody?,card_acceptance
What should I do if I want to get another card for someone in my family?,getting_spare_card
Why haven't I received my new card yet?,card_arrival
"Hello, Just now i got to know withdrawal of money from of my account. As someone used my card to withdraw amount in any odd remote area. Since i have not been in that area, please freeze my card immediately.",cash_withdrawal_not_recognised
How much longer is it going to take to get my new card?,card_arrival
Help me close my account.,terminate_account
My card is stolen.  Help!,lost_or_stolen_card
I don't remember my code to get into the app.,passcode_forgotten
What is the most I can top-up?,top_up_limits
We need both a visa and a Mastercard.,visa_or_mastercard
"Looks like my card payment was duplicated after all. I went to pay at the store earlier, got declined once,second time it works. App still stays pending for one of the payments. Can you remove one of them as it's wrong and clearly was declined?",transaction_charged_twice
I recently bought something in foreign currency and I am unsure of the exchange rate. Is this rate applied correctly?,card_payment_wrong_exchange_rate
Can you please reactivate my card?,card_linking
How can I exchange currencies in the app?,exchange_via_app
May I have a second card?,getting_spare_card
It is common for an international transfer to take 2 days or longer? I made a transfer from France 2 days ago and I have not seen it yet.,balance_not_updated_after_bank_transfer
"I deposited a cheque, but my account balance stayed the same.",balance_not_updated_after_cheque_or_cash_deposit
How can I top up automatically?,automatic_top_up
"Good day, in reviewing my credit card activity over the last several days, I see a repeated charge for a restaurant that I went to. The charge was put through twice, so I would like one of the charges corrected and the amount that was withdrawn to be reinstated please.",transaction_charged_twice
What is the wait time for a transfer from the US?,transfer_timing
"Hello, I noticed there is a payment from my card to a business that I am not familiar with. I definitely did not make this payment.",card_payment_not_recognised
Why am I not able to get cash from the ATM?,declined_cash_withdrawal
Does the exchange rate change?,exchange_rate
Is there a fee when I add money to my international card?,top_up_by_card_charge
do I need to verify my identity every time I log into my account?,why_verify_identity
"I've been trying to transfer funds to top-up my card, but the transaction is not going through.  Is there something I'm doing wrong?",top_up_failed
Why did the disposable virtual card which I used to pay a gym subscription get denied?,virtual_card_not_working
There's a cash withdrawal I didn't make,cash_withdrawal_not_recognised
How come I got blocked for entering wrong pins?,pin_blocked
Why are my transfers getting declined?,declined_transfer
How do I make my transfer go through,declined_transfer
The ATM did not allow me to withdraw,declined_cash_withdrawal
I forgot the passcode on my app.,passcode_forgotten
Can I Transfer from SWIFT?,top_up_by_bank_transfer_charge
Help! Someone stole my card!,lost_or_stolen_card
"I double checked that I have the correct account details already, they're right for sure. Transfer is still pending since forever. It should not have been done so.",pending_transfer
Why was I charged a fee when I withdrew money?,cash_withdrawal_charge
I can't remember my passcode.,passcode_forgotten
"In the app, how can I make it show the new card that arrived?",card_linking
How can I get my money back for a payment i didnt make,direct_debit_payment_not_recognised
I have been waiting for my card payment to be moved from pending status for an unusually long time.  What is going on here and do you have an idea of when I can expect it to go through?,pending_card_payment
Good morning. I tried to make a purchase with my credit card last night and again this morning. Both times it was declined. Can you investigate?,declined_transfer
I'm really upset because I made a typo during a transfer and now I've sent money to the wrong account.  I can't fix this with the app.  Please help me immediately!,cancel_transfer
Is it possible to verify a top up?,verify_top_up
I would like to get both a Visa and MasterCard?,visa_or_mastercard
Why has my top up been returned?,top_up_reverted
My top up was denied in the app.,top_up_failed
"I need to get a card, how do I do that?",order_physical_card
"I've now been trying to do a really standard transfer 5 times already. What's going on, is your system broken or something?!",failed_transfer
How do I know when my card will expire?,card_about_to_expire
"I want to buy cryptocurrency, but your app doesn't let me. Why?",beneficiary_not_allowed
I exchanged cash when traveling and the rate was incorrect.,wrong_exchange_rate_for_cash_withdrawal
how many transactions can go on a disposable card?,disposable_card_limits
I'd like to know why my top-up was canceled please.,top_up_reverted
I don't recognize the direct debit payment on my account.,direct_debit_payment_not_recognised
I paid with my card so so why was I charged a transaction fee?,card_payment_fee_charged
I bought something on line a and the seller hasn't received the money I sent could you please tell me how long an EU transfer takes?,pending_transfer
What is the length of time for one of these items to come to the U.S?,card_delivery_estimate
"There's a weird payment showing in my app that I definitely haven't made myself, as I haven't used the card at all that day. Please cancel that and return my money.",direct_debit_payment_not_recognised
I did not get all the cash at ATM.,wrong_amount_of_cash_received
When will my new card be delivered?,card_arrival
Which flat currencies do you support for holding and exchange?,fiat_currency_support
What are the ways for others to transfer me money?,receiving_money
Why am I not able to verify my id?,unable_to_verify_identity
I would like to have a Mastercard.,visa_or_mastercard
I still do not see the cash deposit in my account from last week. Why?,balance_not_updated_after_cheque_or_cash_deposit
I don't remember my passcode?,passcode_forgotten
Transaction refund missing from my statement.,Refund_not_showing_up
A fee shouldn't apply to me if my card was stolen.,lost_or_stolen_card
What is a disposable virtual card?,get_disposable_virtual_card
I noticed a charge for a transfer.  Why is this?  Is it because I did an international transfer?,transfer_fee_charged
"Can you please assist me in Apple Pay, in getting Top Up to work?",apple_pay_or_google_pay
I don't know where this debit transaction on my statement came from.,direct_debit_payment_not_recognised
"I would like open a second card for my daughter, how can you assist me?",getting_spare_card
"My salary is in GBP, do I need to exchange it before putting it into my account?",receiving_money
I want to know how to transfer money with my credit card,topping_up_by_card
Why can I not get cash from the ATM?,declined_cash_withdrawal
How do I receive my physical card,order_physical_card
I would like to change my card PIN.,change_pin
"the product is not working, can I get a refund?",request_refund
My bags were stolen. I need a new card but need to cancel the stolen one.,lost_or_stolen_card
How do I add cash to my account?,top_up_by_cash_or_cheque
How do I know what my PIN is?,get_physical_card
My top-up didn't work.,top_up_failed
Is there a top-up limit that I have to stay under during a given period of time?,top_up_limits
What happened to my cash deposit?,balance_not_updated_after_cheque_or_cash_deposit
Can I receive a refund for an item I purchased?,request_refund
"Although I transferred some money, it has not as of yet, arrived.",balance_not_updated_after_bank_transfer
I was charged twice for a few things this week when I only bought one. What do I do?,transaction_charged_twice
When will I see my new balance after making my bank transfer?,balance_not_updated_after_bank_transfer
How do i authenticate a top-up card?,verify_top_up
"I did transfer, why is it pending",pending_transfer
I think there was an error in your exchange rate.,card_payment_wrong_exchange_rate
What do I do?  The ATM took my card!,card_swallowed
How do I deactivate a stolen card?,lost_or_stolen_card
Will you charge an extra fee for top ups?,top_up_by_card_charge
Why am I being charged twice?,transaction_charged_twice
Which countries do you support?,country_support
How do I change my PIN abroad?,change_pin
"I received my Virtual card information, but was unable to use it to make a purchase. Why did this happen and what can I do?",virtual_card_not_working
What is the charge for paying with my card?,card_payment_fee_charged
How can i check if my card is working?,card_not_working
I have zero dollars in my account. Can I submit additional funds via bank transfer?,transfer_into_account
I cannot find my PIN.,get_physical_card
Can I create a disposable virtual card?,get_disposable_virtual_card
Is it necessary to verify my top up?,verify_top_up
Where can I find the exchange rate for my transfer?,exchange_rate
How can I fix a problem where my virtual card is rejected?,virtual_card_not_working
"How can I request cash back? The ATM just gave me the wrong amount, the app shows the amount that I've been actually charged though...",wrong_amount_of_cash_received
I completed I transfer the day before yesterday in this country. The transfer still is not complete. I've checked on the account number multiple times to make sure that it is the right one. Can you check to see what's going on with this?,transfer_not_received_by_recipient
"If I get another card, what kind of fees am I looking at?",getting_spare_card
"I'm running out of money, can I  auto top up?",automatic_top_up
I should have received a refund however it is not showing on my statement,Refund_not_showing_up
Can I have a supplementary card?,getting_spare_card
I did a payment but the app reverted it,reverted_card_payment?
Im trying to top up my card but it's still pending and it's been an hour. Is there any way to make it go through faster? Do I not have enough?,pending_top_up
Are your cards available in the EU?,country_support
I transferred money and was charged and want to know why.,transfer_fee_charged
What is the exchange fee?,exchange_charge
Would I be able to open an account for my daughter?,age_limit
My card won't work right now.,card_not_working
Can I cancel a transaction?,cancel_transfer
I used an ATM and wanted to know why I was charged an extra fee.,cash_withdrawal_charge
Can turn my money into another currency?,exchange_via_app
There is a vendor name I don't recognize on a payment from my account. I don't think I made this payment.,card_payment_not_recognised
When do i activate auto top-up?,automatic_top_up
"If you send me more cards, are there any charges?",getting_spare_card
"I just went through a old statement and noticed that a very large payment went through and i did not make it. It was from a few months ago, can I still dispute the payment?",direct_debit_payment_not_recognised
I am here to change my adress.,edit_personal_details
What is the time frame that transfers normally take from a UK account? I just completed a transfer and nothing shows up. I need to know if everything is alright.,balance_not_updated_after_bank_transfer
how do i track the moeney,verify_source_of_funds
is a transfer to a beneficiary allowed?,beneficiary_not_allowed
I am seeing in the App a diret debit that its not mine,direct_debit_payment_not_recognised
I can't see my cash deposit in my account.,balance_not_updated_after_cheque_or_cash_deposit
When will the money show in my account?,transfer_timing
Can I have my account add money automatically in certain intervals?,automatic_top_up
where exactly does money come from,verify_source_of_funds
Your machine took my card. How do I get it back?,card_swallowed
How can I get money in my home currency while I'm traveling internationally? I wanted to take it out of a local ATM but am worried that I will get charged extra fees.,wrong_exchange_rate_for_cash_withdrawal
Do you charge anything for topping up?,top_up_by_bank_transfer_charge
The app is showing that I received alot more money than I actually received from the ATM. This occurred earlier today.,wrong_amount_of_cash_received
What is the reason for the identity check,why_verify_identity
Payment i did not do,card_payment_not_recognised
I used my card to top-up but the money is gone!,topping_up_by_card
"I found my card in my jacket this morning, so can I reactivate it?",card_linking
My top up is incomplete.,pending_top_up
I made a cash withdrawal and it is still listed as a pending transaction.,pending_cash_withdrawal
What can I use to verify my identify?,verify_my_identity
How long does it actually take for a card payment to go through? There's one stuck since a couple days already that doesn't seem to move,pending_card_payment
How long does it take for the transfer to go through?,transfer_not_received_by_recipient
"I was charged a fee when making this transfer, and I don't think I should have been!",transfer_fee_charged
"I requested a refund from a merchant several days ago, but don't see anything showing up in my account yet.  Can you check on your end to see if the money has reached you guys?",Refund_not_showing_up
How long will my transaction take?,transfer_not_received_by_recipient
Should my top up still be pending?,pending_top_up
What are the steps I need to take to cancel a transaction?,cancel_transfer
"In receiving cash, the wrong exchange rate was used for my transaction.",wrong_exchange_rate_for_cash_withdrawal
"I keep checking to see if I've received a refund that I requested from a seller, but I'm not seeing the refund. I need you to help me get the refund.",Refund_not_showing_up
My transfer is pending.,balance_not_updated_after_bank_transfer
Can I get my friends to add money to my account?,topping_up_by_card
I don't understand why I was charged an additional fee for this service. Can you clarify?,card_payment_fee_charged
Yesterday my phone was stolen from me :( What do i need to do about it?,lost_or_stolen_phone
I can't get a contactless payment to work.,contactless_not_working
How long will it take the money to appear in my account?,transfer_timing
"I just saw a charge for a cash withdrawal that I made! ATM withdrawals have always been free in the past, so why is there suddenly a charge? What is it going to cost me now?",cash_withdrawal_charge
My card isn't working,card_not_working
For some reason my account's been charged an extra dollar.,extra_charge_on_statement
I am being charged a transfer fee aren't they free?,transfer_fee_charged
What are my limits on disposable cards?,disposable_card_limits
"I bought a product a week ago, but may need to return it.",request_refund
Why was my PIN blocked?,pin_blocked
I used an ATM and there was an extra charge.,cash_withdrawal_charge
what is required documents for new card process ?,contactless_not_working
"Why won't you take my transfer, I keep getting an error message.",beneficiary_not_allowed
My wallet was stolen and all my credit cards were in there.  HELP?!!?,compromised_card
Please give me both a visa and a master card.,visa_or_mastercard
Is there somewhere I can send a check to add to my account?,top_up_by_cash_or_cheque
I just made a top-up but it shows as pending! I use your service all the time and have never had a problem before. Why does it keep showing up as pending?,pending_top_up
"I want to reactivate my card, I thought I had lost it but found it again in my jacket.",card_linking
I got my card a few days ago but am unable to top up. I'm thinking about closing my account because of this. What is going on?,top_up_failed
I attempted to deposit a cheque yesterday but the balance isn't showing today. Is it still pending?,balance_not_updated_after_cheque_or_cash_deposit
My money hasn't been deposited yet. When will it be?,pending_top_up
Can I get a copy of the card by email?,getting_virtual_card
I'm at the ATM right now and it only allowed me to withdraw 10 pounds instead of my requested 30. What's going on? How can I fix this?,wrong_amount_of_cash_received
May I transfer a cheque into my account?,top_up_by_cash_or_cheque
I have an outgoing transaction,pending_transfer
How quickly can I transfer something to China?,transfer_timing
Where can I located the auto-top up option?,automatic_top_up
How come the money from the merchant appeared back into my account?,reverted_card_payment?
why verify the top up? it doesnt make sense,verify_top_up
Will you set a limit to my top-up?,top_up_limits
Would like to use my card and need to activate it first.  Can you help me do this?,activate_my_card
I contacted a seller about a refund last week but he still hasn't returned my money. I am frustrated and need these funds. Please help me get my money back.,Refund_not_showing_up
I wish to cancel a transfer,cancel_transfer
I have a charge for something I didn't buy.,card_payment_not_recognised
"I do not remember purchasing anything for 1£, and it is on my statement. Can you please tell me what that is about?",extra_charge_on_statement
I bought something that I need a refund for.,request_refund
Will you handle EUR?,fiat_currency_support
Do I have to do the identity check?,why_verify_identity
Am I going to be charged for topping up by transfer?,top_up_by_bank_transfer_charge
Is there a charge for cash withdrawals? I always thought it was free.,cash_withdrawal_charge
Is it possible to get a transfer from SWIFT?,top_up_by_bank_transfer_charge
I think that somebody is utilizing my card without my authorization!,compromised_card
For some reason my card payment didn't work,declined_card_payment
Why is my payment still pending?,pending_card_payment
"I need to transfer something ASAP from China, how long will it take to post to my account?",transfer_timing
"my money, where is it coming from?",verify_source_of_funds
Can you help me sign up for a virtual card?,getting_virtual_card
How can I switch on my new card?,activate_my_card
I need a refund on a direct debit that shows in the app because I did not make it.,direct_debit_payment_not_recognised
Where can my card be used?,card_acceptance
How are exchange rates calculated at this bank?,exchange_rate
The ATM cancelled a transaction on me when I was trying to get some cash out.,declined_cash_withdrawal
Why has my card payment been cancelled?,reverted_card_payment?
Where do I go to change GBP?,exchange_via_app
I could not get the top-up to go through,top_up_failed
Why is verifaction required for my Identity?,why_verify_identity
"Hi , I just came to know I made the wrong transaction  yesterday. Would  you please make it correct?I need it by tomorrow.",cancel_transfer
Can you unblock my pin because I put the wrong one too many times.,pin_blocked
"I have to transfer money over to my mother, and I have tried numerous times and all that keeps happening is error messages.",beneficiary_not_allowed
Why hasn't my recipient received their money?,transfer_not_received_by_recipient
"I'm trying to verify my top-up card, but I can't find the code...?",verify_top_up
Do I have to pay more for exchanges?,exchange_charge
"My top up hasn't gone through yet, why?",pending_top_up
The amount of cash I requested to withdrawal did not match what I received when exchanged,wrong_exchange_rate_for_cash_withdrawal
"If I can, I would like to get both Mastercard and Visa from you.",visa_or_mastercard
"My card payment is showing up as pending for a very long time, what's going on with that, it should be going through at some point?",pending_card_payment
"I lost my phone, what should I do?",lost_or_stolen_phone
Does it cost much or take long to get a new card? Mine is about to expire.,card_about_to_expire
My money transfer has not happened yet,pending_transfer
Why didn't I receive the right amount of cash?,wrong_amount_of_cash_received
Is it possible to give a second card from my account to my daughter?,getting_spare_card
I wish to remove my account.,terminate_account
I bought an item and noticed the exchange rate was not correct.,card_payment_wrong_exchange_rate
"I tried to withdraw cash and got declined, why is that?",declined_cash_withdrawal
I need it delivered on a certain date.,card_delivery_estimate
how do i get a virtual card for one time use,get_disposable_virtual_card
What kind of ATMs would this card be accepted at?,atm_support
I am not receiving the correct exchange rate on my card.,card_payment_wrong_exchange_rate
What documentation do you accept for the identity check?,verify_my_identity
My payment was stopped,reverted_card_payment?
I saw there is a cash withdrawal from my account via the app which I did not complete.,cash_withdrawal_not_recognised
i need to trace a deposit,verify_source_of_funds
Can you explain the transfer fee to me?,transfer_fee_charged
I have yet to receive my virtual card,getting_virtual_card
What should I do if my card is missing?,lost_or_stolen_card
Can I make an account for my kids?,age_limit
How can I exchange AUD for GBP?,exchange_via_app
From which age can my kids use your service?,age_limit
Which fiat currencies do you currently support? Will this change in this future?,fiat_currency_support
What fiat currencies are used with holdings and exchanges?,fiat_currency_support
Can you assist me in acquiring a virtual card?,getting_virtual_card
I don't have my card in 1 week.  Should I be worried?,card_arrival
How can I top up with Apple Pay?,apple_pay_or_google_pay
Which cards do you support for top up?,supported_cards_and_currencies
How do I go through the process of currency exchange?,exchange_via_app
I would like to change the the PIN on my card.,change_pin
Who else can top up my account,topping_up_by_card
